"GERENCIA","DATA","EQUIPE","ATIVIDADE","TIPO_DE_INDISPONIBILIDADE","INICIO","FIM","DURACAO","DIAS_INDISPONIVEIS","TIPO_INDISPONIBILIDADE_DIA","SEGMENTO","base","faixa_indisp"
"GSTC","24/2/2026","MA-SDA-E001M","Indisponibilidade","Problemas mecânicos","09:23","09:23","00:00","0","PARCIAL","PLANTÃO","São Joao dos Patos","< 2h"
"GSTC","28/5/2026","MA-SJP-E002M","Indisponibilidade","Problemas mecânicos","08:00","14:04","06:04","0,75833325","PARCIAL","PLANTÃO","São Joao dos Patos","> 6h"
"GSTC","18/8/2026","MA-SDA-E001M","Indisponibilidade","Problemas mecânicos","08:03","16:28","08:25","1","PARCIAL","PLANTÃO","São Joao dos Patos","> 6h"
"GSTC","9/5/2026","MA-SJP-E001T","Indisponibilidade","CHECKLIST","17:11","17:13","00:02","0,004166625","PARCIAL","PLANTÃO","São Joao dos Patos","< 2h"
"GSTC","12/6/2026","MA-SJP-C001M","Indisponibilidade","CHECKLIST","07:30","08:30","01:00","0,125","PARCIAL","CORTE E RELIGAÇÃO","São Joao dos Patos","< 2h"
"GSTC","12/6/2026","MA-SJP-C001M","Indisponibilidade","CHECKLIST","08:47","08:55","00:08","0,016666625","PARCIAL","CORTE E RELIGAÇÃO","São Joao dos Patos","< 2h"
"GSTC","31/1/2026","MA-SJP-C001M","Indisponibilidade","Interjornada","08:00","10:26","02:26","0,304166625","PARCIAL","CORTE E RELIGAÇÃO","São Joao dos Patos","2 a 4h"
"GSTC","14/8/2026","MA-SDA-E001M","Indisponibilidade","Atrasado","08:05","13:40","05:35","0,697916625","PARCIAL","PLANTÃO","São Joao dos Patos","4 a 6h"
"GSTC","17/8/2026","MA-SDA-E001M","Indisponibilidade","Problemas mecânicos","08:00","10:01","02:01","0,25208325","PARCIAL","PLANTÃO","São Joao dos Patos","2 a 4h"
"GSTC","17/8/2026","MA-SJP-E002M","Indisponibilidade","Problemas mecânicos","08:00","13:09","05:09","0,64375","PARCIAL","PLANTÃO","São Joao dos Patos","4 a 6h"
"GSTC","20/8/2026","MA-SJP-E001T","Indisponibilidade","CHECKLIST","17:22","17:23","00:01","0,00208325","PARCIAL","PLANTÃO","São Joao dos Patos","< 2h"
"GSTC","5/5/2026","MA-SJP-C002M","Indisponibilidade","Atrasado","09:16","10:01","00:45","0,09375","PARCIAL","CORTE E RELIGAÇÃO","São Joao dos Patos","< 2h"
"GSTC","6/8/2026","MA-PTB-E001M","Indisponibilidade","Problemas mecânicos","08:00","11:17","03:17","0,410416625","PARCIAL","PLANTÃO","São Joao dos Patos","2 a 4h"
"GSTC","10/8/2026","MA-PRB-M001M","Indisponibilidade","Problemas mecânicos","08:00","17:39","09:39","1","PARCIAL","LIGAÇÃO NOVA","São Joao dos Patos","> 6h"
"GSTC","10/8/2026","MA-SDA-E001M","Indisponibilidade","Problemas mecânicos","08:17","12:49","04:32","0,566666625","PARCIAL","PLANTÃO","São Joao dos Patos","4 a 6h"
"GSTC","20/6/2026","MA-SJP-C001M","Indisponibilidade","Outros","08:25","18:25","10:00","1","TOTAL","CORTE E RELIGAÇÃO","São Joao dos Patos","> 6h"
"GSTC","12/2/2026","MA-PTB-E001M","Indisponibilidade","Interjornada","08:00","13:50","05:50","0,729166625","PARCIAL","PLANTÃO","São Joao dos Patos","4 a 6h"
"GSTC","31/1/2026","MA-TMO-F004M","Indisponibilidade","Eletricista com problema particular","14:00","18:00","04:00","0,5","TOTAL","INSPEÇÃO","Timon","4 a 6h"
"GSTC","27/2/2026","MA-TMO-F014M","Indisponibilidade","Eletricista com problema particular","08:00","18:00","10:00","1","TOTAL","INSPEÇÃO","Timon","> 6h"
"GSTC","5/1/2026","MA-TMO-F004M","Indisponibilidade","Problemas mecânicos","08:00","14:35","06:35","0,822916625","PARCIAL","INSPEÇÃO","Timon","> 6h"
"GSTC","28/1/2026","MA-TMO-F014M","Indisponibilidade","Problemas mecânicos","16:52","17:49","00:57","0,11875","TOTAL","INSPEÇÃO","Timon","< 2h"
"GSTC","9/2/2026","MA-TMO-F003M","Indisponibilidade","Problemas mecânicos","09:39","16:05","06:26","0,804166625","PARCIAL","INSPEÇÃO","Timon","> 6h"
"GSTC","12/2/2026","MA-TMO-F014M","Indisponibilidade","Problemas mecânicos","08:00","18:00","10:00","1","TOTAL","INSPEÇÃO","Timon","> 6h"
"GSTC","20/2/2026","MA-TMO-F014M","Indisponibilidade","Problemas mecânicos","14:22","18:00","03:38","0,454166625","PARCIAL","INSPEÇÃO","Timon","2 a 4h"
"GSTC","23/2/2026","MA-TMO-F001M","Indisponibilidade","Eletricista de atestado","08:00","18:00","10:00","1","TOTAL","INSPEÇÃO","Timon","> 6h"
"GSTC","9/2/2026","MA-TMO-F004M","Indisponibilidade","Problemas mecânicos","08:00","16:19","08:19","1","TOTAL","INSPEÇÃO","Timon","> 6h"
"GSTC","13/2/2026","MA-TMO-F014M","Indisponibilidade","Problemas mecânicos","08:31","12:16","03:45","0,46875","PARCIAL","INSPEÇÃO","Timon","2 a 4h"
"GSTC","15/1/2026","MA-TMO-X201M","Indisponibilidade","CHECKLIST","08:39","09:06","00:27","0,05625","PARCIAL","EQTL","Timon","< 2h"
"GSTC","13/8/2026","MA-TMO-X200M","Indisponibilidade","CHECKLIST","10:39","10:56","00:17","0,035416625","PARCIAL","EQTL","Timon","< 2h"
"GSTC","18/6/2026","MA-TMO-X201M","Indisponibilidade","CHECKLIST","08:46","08:50","00:04","0,00833325","PARCIAL","EQTL","Timon","< 2h"
"GSTC","8/7/2026","MA-TMO-X201M","Indisponibilidade","CHECKLIST","09:39","09:41","00:02","0,004166625","TOTAL","EQTL","Timon","< 2h"
"GSTC","25/8/2026","MA-TMO-X200M","Indisponibilidade","CHECKLIST","18:46","18:49","00:03","0,00625","PARCIAL","EQTL","Timon","< 2h"
"GSTC","11/2/2026","MA-TMO-X201M","Indisponibilidade","CHECKLIST","08:40","08:59","00:19","0,03958325","PARCIAL","EQTL","Timon","< 2h"
"GSTC","26/1/2026","MA-TMO-X201M","Indisponibilidade","CHECKLIST","08:48","08:50","00:02","0,004166625","PARCIAL","EQTL","Timon","< 2h"
"GSTC","19/1/2026","MA-CHA-X201M","Indisponibilidade","CHECKLIST","17:32","17:34","00:02","0,004166625","PARCIAL","EQTL","Chapadinha","< 2h"
"GSTC","18/4/2026","MA-CHA-X201M","Indisponibilidade","CHECKLIST","08:00","16:00","08:00","1","TOTAL","EQTL","Chapadinha","> 6h"
"GSTC","9/7/2026","MA-UBS-X200M","Indisponibilidade","CHECKLIST","09:39","09:50","00:11","0,022916625","PARCIAL","EQTL","Chapadinha","< 2h"
"GSTC","16/7/2026","MA-CHA-E002T","Indisponibilidade","Problemas mecânicos","17:42","18:29","00:47","0,097916625","PARCIAL","PLANTÃO","Chapadinha","< 2h"
"GSTC","26/5/2026","MA-UBS-M002M","Indisponibilidade","CHECKLIST","08:01","08:15","00:14","0,029166625","PARCIAL","LIGAÇÃO NOVA","Chapadinha","< 2h"
"GSTC","16/3/2026","MA-CHA-E002T","Indisponibilidade","Problemas mecânicos","16:35","18:25","01:50","0,229166625","PARCIAL","PLANTÃO","Chapadinha","< 2h"
"GSTC","25/9/2026","MA-CHA-E002T","Indisponibilidade","Problemas mecânicos","20:34","22:03","01:29","0,185416625","PARCIAL","PLANTÃO","Chapadinha","< 2h"
"GSTC","3/7/2026","MA-CHA-E002T","Indisponibilidade","CHECKLIST","16:19","16:20","00:01","0,00208325","PARCIAL","PLANTÃO","Chapadinha","< 2h"
"GSTC","17/2/2026","MA-CHA-E002T","Indisponibilidade","CHECKLIST","16:13","16:14","00:01","0,00208325","PARCIAL","PLANTÃO","Chapadinha","< 2h"
"GSTC","17/7/2026","MA-CHA-E001T","Indisponibilidade","Problemas mecânicos","16:12","18:46","02:34","0,32083325","PARCIAL","PLANTÃO","Chapadinha","2 a 4h"
"GSTC","6/1/2026","MA-UBS-M002M","Indisponibilidade","Problemas mecânicos","09:59","17:59","08:00","1","TOTAL","LIGAÇÃO NOVA","Chapadinha","> 6h"
"GSTC","28/1/2026","MA-CHA-C004M","Indisponibilidade","Problemas mecânicos","14:23","18:37","04:14","0,529166625","PARCIAL","CORTE E RELIGAÇÃO","Chapadinha","4 a 6h"
"GSTC","5/2/2026","MA-CHA-C003M","Indisponibilidade","CHECKLIST","07:56","08:01","00:05","0,010416625","PARCIAL","CORTE E RELIGAÇÃO","Chapadinha","< 2h"
"GSTC","11/2/2026","MA-CHA-C004M","Indisponibilidade","Blitz de segurança","08:47","09:48","01:01","0,12708325","PARCIAL","CORTE E RELIGAÇÃO","Chapadinha","< 2h"
"GSTC","21/2/2026","MA-CHA-E002M","Indisponibilidade","Problemas mecânicos","13:29","15:00","01:31","0,18958325","PARCIAL","PLANTÃO","Chapadinha","< 2h"
"GSTC","9/1/2026","MA-CHA-C003M","Indisponibilidade","CHECKLIST","08:30","08:33","00:03","0,00625","PARCIAL","CORTE E RELIGAÇÃO","Chapadinha","< 2h"
"GSTC","26/3/2026","MA-UBS-M002M","Indisponibilidade","Interjornada","08:00","15:12","07:12","0,9","PARCIAL","LIGAÇÃO NOVA","Chapadinha","> 6h"
"GSTC","6/10/2026","MA-CHA-E002T","Indisponibilidade","Problemas mecânicos","16:04","18:41","02:37","0,32708325","PARCIAL","PLANTÃO","Chapadinha","2 a 4h"
"GSTC","8/1/2026","MA-CHA-D002M","Indisponibilidade","CHECKLIST","07:59","08:22","00:23","0,047916625","PARCIAL","SEED MONEY","Chapadinha","< 2h"
"GSTC","15/1/2026","MA-CHA-C004M","Indisponibilidade","Problemas mecânicos","08:42","17:20","08:38","1","PARCIAL","CORTE E RELIGAÇÃO","Chapadinha","> 6h"
"GSTC","5/1/2026","MA-CHA-L001M","Indisponibilidade","Problemas mecânicos","17:37","17:54","00:17","0,035416625","PARCIAL","LIGAÇÃO NOVA","Chapadinha","< 2h"
"GSTC","11/5/2026","MA-SJP-E002T","Indisponibilidade","Problemas mecânicos","16:00","18:03","02:03","0,25625","PARCIAL","PLANTÃO","São Joao dos Patos","2 a 4h"
"GSTC","7/8/2026","MA-BRG-E001M","Indisponibilidade","Interjornada","08:00","09:06","01:06","0,1375","PARCIAL","PLANTÃO","São Joao dos Patos","< 2h"
"GSTC","18/2/2026","MA-SJP-E002M","Indisponibilidade","Atrasado","08:00","08:59","00:59","0,122916625","PARCIAL","PLANTÃO","São Joao dos Patos","< 2h"
"GSTC","24/2/2026","MA-BRG-E001M","Indisponibilidade","Interjornada","08:00","09:49","01:49","0,22708325","PARCIAL","PLANTÃO","São Joao dos Patos","< 2h"
"GSTC","25/2/2026","MA-PRB-M001M","Indisponibilidade","CHECKLIST","08:30","09:12","00:42","0,0875","PARCIAL","LIGAÇÃO NOVA","São Joao dos Patos","< 2h"
"GSTC","25/2/2026","MA-SDA-E001M","Indisponibilidade","CHECKLIST","10:04","10:05","00:01","0,00208325","PARCIAL","PLANTÃO","São Joao dos Patos","< 2h"
"GSTC","25/2/2026","MA-SDA-E001M","Indisponibilidade","Interjornada","10:06","10:10","00:04","0,00833325","PARCIAL","PLANTÃO","São Joao dos Patos","< 2h"
"GSTC","3/3/2026","MA-SJP-C001M","Indisponibilidade","Interjornada","10:38","10:38","00:00","0","PARCIAL","CORTE E RELIGAÇÃO","São Joao dos Patos","< 2h"
"GSTC","4/3/2026","MA-SDA-E001M","Indisponibilidade","Problemas mecânicos","08:00","14:14","06:14","0,779166625","PARCIAL","PLANTÃO","São Joao dos Patos","> 6h"
"GSTC","10/6/2026","MA-SJP-X200M","Indisponibilidade","CHECKLIST","08:29","14:13","05:44","0,716666625","PARCIAL","EQTL","São Joao dos Patos","4 a 6h"
"GSTC","10/6/2026","MA-SJP-X200M","Indisponibilidade","CHECKLIST","14:25","14:26","00:01","0,00208325","PARCIAL","EQTL","São Joao dos Patos","< 2h"
"GSTC","23/2/2026","MA-SDA-E001M","Indisponibilidade","CHECKLIST","07:48","08:12","00:24","0,05","PARCIAL","PLANTÃO","São Joao dos Patos","< 2h"
"GSTC","26/2/2026","MA-PTB-E001M","Indisponibilidade","Interjornada","08:53","08:54","00:01","0,00208325","PARCIAL","PLANTÃO","São Joao dos Patos","< 2h"
"GSTC","6/3/2026","MA-SDA-E001M","Indisponibilidade","Problemas mecânicos","08:00","16:17","08:17","1","PARCIAL","PLANTÃO","São Joao dos Patos","> 6h"
"GSTC","6/3/2026","MA-SJP-E002M","Indisponibilidade","Problemas mecânicos","08:00","13:36","05:36","0,7","PARCIAL","PLANTÃO","São Joao dos Patos","4 a 6h"
"GSTC","9/5/2026","MA-SDA-E001M","Indisponibilidade","Problemas mecânicos","08:00","18:00","10:00","1","PARCIAL","PLANTÃO","São Joao dos Patos","> 6h"
"GSTC","26/6/2026","MA-SJP-E002M","Indisponibilidade","Problemas mecânicos","08:00","18:00","10:00","1","TOTAL","PLANTÃO","São Joao dos Patos","> 6h"
"GSTC","26/6/2026","MA-SJP-E002M","Indisponibilidade","Problemas mecânicos","18:00","04:00","10:00","1","TOTAL","PLANTÃO","São Joao dos Patos","> 6h"
"GEOM","16/6/2026","MA-SJP-O002M","Indisponibilidade","Exame periódico","08:01","09:13","01:12","0,15","TOTAL","LINHA MORTA","São Joao dos Patos","< 2h"
"GEOM","16/6/2026","MA-SJP-O004M","Indisponibilidade","Problemas mecânicos","08:01","15:00","06:59","0,872916625","TOTAL","LINHA MORTA","São Joao dos Patos","> 6h"
"GEOM","22/5/2026","MA-SJP-O004M","Indisponibilidade","Problemas mecânicos","08:30","17:02","08:32","1","TOTAL","LINHA MORTA","São Joao dos Patos","> 6h"
"GEOM","10/9/2026","MA-SJP-O002M","Indisponibilidade","CHECKLIST","08:52","17:26","08:34","1","TOTAL","LINHA MORTA","São Joao dos Patos","> 6h"
"GEOM","14/5/2026","MA-SJP-O004M","Indisponibilidade","Interjornada","08:47","14:02","05:15","0,65625","PARCIAL","LINHA MORTA","São Joao dos Patos","4 a 6h"
"GEOM","21/7/2026","MA-SJP-O004M","Indisponibilidade","Problemas mecânicos","08:06","11:08","03:02","0,379166625","TOTAL","LINHA MORTA","São Joao dos Patos","2 a 4h"
"GEOM","9/9/2026","MA-SJP-O002M","Indisponibilidade","Problemas mecânicos","08:34","14:11","05:37","0,70208325","PARCIAL","LINHA MORTA","São Joao dos Patos","4 a 6h"
"GEOM","27/8/2026","MA-SJP-O003M","Indisponibilidade","Outros","08:46","15:27","06:41","0,835416625","TOTAL","LINHA MORTA","São Joao dos Patos","> 6h"
"GEOM","17/9/2026","MA-SJP-O002M","Indisponibilidade","Interjornada","08:30","10:37","02:07","0,26458325","PARCIAL","LINHA MORTA","São Joao dos Patos","2 a 4h"
"GEOM","16/7/2026","MA-SJP-O004M","Indisponibilidade","Problemas mecânicos","08:30","17:31","09:01","1","TOTAL","LINHA MORTA","São Joao dos Patos","> 6h"
"GEOM","21/8/2026","MA-SJP-O004M","Indisponibilidade","Interjornada","08:23","12:43","04:20","0,541666625","PARCIAL","LINHA MORTA","São Joao dos Patos","4 a 6h"
"GEOM","27/5/2026","MA-SJP-O004M","Indisponibilidade","Problemas mecânicos","08:01","17:12","09:11","1","TOTAL","LINHA MORTA","São Joao dos Patos","> 6h"
"GEOM","9/6/2026","MA-SJP-O004M","Indisponibilidade","Problemas mecânicos","09:02","18:04","09:02","1","TOTAL","LINHA MORTA","São Joao dos Patos","> 6h"
"GEOM","4/9/2026","MA-SJP-O002M","Indisponibilidade","Problemas mecânicos","08:22","08:22","00:00","0","TOTAL","LINHA MORTA","São Joao dos Patos","< 2h"
"GEOM","4/9/2026","MA-SJP-O002M","Indisponibilidade","Problemas mecânicos","08:28","17:22","08:54","1","TOTAL","LINHA MORTA","São Joao dos Patos","> 6h"
"GEOM","8/9/2026","MA-SJP-O003M","Indisponibilidade","Problemas mecânicos","08:27","17:39","09:12","1","TOTAL","LINHA MORTA","São Joao dos Patos","> 6h"
"GEOM","15/7/2026","MA-SJP-O002M","Indisponibilidade","Problemas mecânicos","08:16","17:27","09:11","1","TOTAL","LINHA MORTA","São Joao dos Patos","> 6h"
"GSTC","6/1/2026","MA-CHA-D001M","Indisponibilidade","Problemas mecânicos","08:00","18:00","10:00","1","TOTAL","SEED MONEY","Chapadinha","> 6h"
"GSTC","24/1/2026","MA-ANA-M001M","Indisponibilidade","Problemas mecânicos","09:07","10:59","01:52","0,23333325","PARCIAL","LIGAÇÃO NOVA","Chapadinha","< 2h"
"GSTC","24/1/2026","MA-CHA-E001T","Indisponibilidade","Atrasado","17:59","18:00","00:01","0,00208325","PARCIAL","PLANTÃO","Chapadinha","< 2h"
"GSTC","26/1/2026","MA-UBS-M001M","Indisponibilidade","CHECKLIST","08:05","08:16","00:11","0,022916625","PARCIAL","LIGAÇÃO NOVA","Chapadinha","< 2h"
"GSTC","18/7/2026","MA-CHA-E002T","Indisponibilidade","Outros","17:16","03:16","10:00","1","PARCIAL","PLANTÃO","Chapadinha","> 6h"
"GSTC","7/1/2026","MA-CHA-D001M","Indisponibilidade","Problemas mecânicos","08:00","18:00","10:00","1","TOTAL","SEED MONEY","Chapadinha","> 6h"
"GSTC","13/1/2026","MA-CHA-D002M","Indisponibilidade","Problemas mecânicos","08:00","14:40","06:40","0,83333325","PARCIAL","SEED MONEY","Chapadinha","> 6h"
"GSTC","2/1/2026","MA-CHA-E001M","Indisponibilidade","Problemas mecânicos","07:16","17:15","09:59","1","TOTAL","PLANTÃO","Chapadinha","> 6h"
"GSTC","4/2/2026","MA-CHA-C001M","Indisponibilidade","Eletricista com problema particular","14:21","17:37","03:16","0,40833325","PARCIAL","CORTE E RELIGAÇÃO","Chapadinha","2 a 4h"
"GSTC","13/2/2026","MA-CHA-M002M","Indisponibilidade","Problemas mecânicos","08:08","17:50","09:42","1","TOTAL","PLANTÃO","Chapadinha","> 6h"
"GSTC","19/2/2026","MA-CHA-L001M","Indisponibilidade","CHECKLIST","08:15","08:35","00:20","0,041666625","PARCIAL","LIGAÇÃO NOVA","Chapadinha","< 2h"
"GSTC","20/2/2026","MA-CHA-D001M","Indisponibilidade","Eletricista em treinamento","08:43","20:43","12:00","1","TOTAL","SEED MONEY","Chapadinha","> 6h"
"GSTC","8/1/2026","MA-CHA-D001M","Indisponibilidade","Problemas mecânicos","18:00","18:02","00:02","0,004166625","TOTAL","SEED MONEY","Chapadinha","< 2h"
"GSTC","12/1/2026","MA-CHA-D002M","Indisponibilidade","Problemas mecânicos","08:00","18:00","10:00","1","TOTAL","SEED MONEY","Chapadinha","> 6h"
"GSTC","19/1/2026","MA-ANA-M001M","Indisponibilidade","CHECKLIST","07:51","08:09","00:18","0,0375","PARCIAL","LIGAÇÃO NOVA","Chapadinha","< 2h"
"GSTC","23/4/2026","MA-UBS-M002M","Indisponibilidade","Interjornada","07:00","11:15","04:15","0,53125","PARCIAL","LIGAÇÃO NOVA","Chapadinha","4 a 6h"
"GSTC","11/3/2026","MA-UBS-M002M","Indisponibilidade","Problemas mecânicos","08:00","13:44","05:44","0,716666625","PARCIAL","LIGAÇÃO NOVA","Chapadinha","4 a 6h"
"GSTC","13/3/2026","MA-UBS-M002M","Indisponibilidade","Atrasado","14:56","16:47","01:51","0,23125","PARCIAL","LIGAÇÃO NOVA","Chapadinha","< 2h"
"GEOM","17/6/2026","MA-SJP-O004M","Indisponibilidade","Problemas mecânicos","16:02","16:02","00:00","0","TOTAL","LINHA MORTA","São Joao dos Patos","< 2h"
"GEOM","18/6/2026","MA-SJP-O004M","Indisponibilidade","Problemas mecânicos","11:32","15:58","04:26","0,554166625","TOTAL","LINHA MORTA","São Joao dos Patos","4 a 6h"
"GEOM","11/9/2026","MA-SJP-O004M","Indisponibilidade","CHECKLIST","08:18","16:25","08:07","1","TOTAL","LINHA MORTA","São Joao dos Patos","> 6h"
"GEOM","23/7/2026","MA-SJP-O004M","Indisponibilidade","Problemas mecânicos","08:35","17:18","08:43","1","TOTAL","LINHA MORTA","São Joao dos Patos","> 6h"
"GEOM","3/6/2026","MA-SJP-O004M","Indisponibilidade","Problemas mecânicos","08:28","14:28","06:00","0,75","TOTAL","LINHA MORTA","São Joao dos Patos","> 6h"
"GEOM","3/9/2026","MA-SJP-O002M","Indisponibilidade","CHECKLIST","08:08","17:32","09:24","1","PARCIAL","LINHA MORTA","São Joao dos Patos","> 6h"
"GEOM","12/1/2026","MA-SJP-O004M","Indisponibilidade","","08:00","18:00","10:00","1","PARCIAL","LINHA MORTA","São Joao dos Patos","> 6h"
"GEOM","16/6/2026","MA-SJP-O003M","Indisponibilidade","Problemas mecânicos","09:09","15:02","05:53","0,735416625","TOTAL","LINHA MORTA","São Joao dos Patos","4 a 6h"
"GEOM","7/5/2026","MA-SJP-O004M","Indisponibilidade","Problemas mecânicos","08:48","17:30","08:42","1","TOTAL","LINHA MORTA","São Joao dos Patos","> 6h"
"GEOM","26/5/2026","MA-SJP-O003M","Indisponibilidade","CHECKLIST","10:00","10:22","00:22","0,04583325","TOTAL","LINHA MORTA","São Joao dos Patos","< 2h"
"GEOM","26/5/2026","MA-SJP-O003M","Indisponibilidade","Blitz de segurança","10:22","17:40","07:18","0,9125","TOTAL","LINHA MORTA","São Joao dos Patos","> 6h"
"GEOM","29/5/2026","MA-SJP-O004M","Indisponibilidade","Problemas mecânicos","08:03","18:41","10:38","1","TOTAL","LINHA MORTA","São Joao dos Patos","> 6h"
"GEOM","24/9/2026","MA-SJP-O002M","Indisponibilidade","Problemas mecânicos","12:00","14:43","02:43","0,33958325","PARCIAL","LINHA MORTA","São Joao dos Patos","2 a 4h"
"GEOM","24/9/2026","MA-SJP-O002M","Indisponibilidade","Problemas mecânicos","14:44","14:57","00:13","0,02708325","PARCIAL","LINHA MORTA","São Joao dos Patos","< 2h"
"GEOM","5/8/2026","MA-SJP-O002M","Indisponibilidade","Problemas mecânicos","08:17","17:38","09:21","1","TOTAL","LINHA MORTA","São Joao dos Patos","> 6h"
"GEOM","14/5/2026","MA-SJP-O002M","Indisponibilidade","Interjornada","08:46","12:45","03:59","0,497916625","PARCIAL","LINHA MORTA","São Joao dos Patos","2 a 4h"
"GEOM","17/7/2026","MA-SJP-O004M","Indisponibilidade","Problemas mecânicos","08:26","16:33","08:07","1","TOTAL","LINHA MORTA","São Joao dos Patos","> 6h"
"GSTC","2/2/2026","MA-BRG-E001M","Indisponibilidade","Interjornada","11:07","11:07","00:00","0","PARCIAL","PLANTÃO","São Joao dos Patos","< 2h"
"GSTC","10/2/2026","MA-SJP-C002M","Indisponibilidade","Eletricista de atestado","08:00","14:16","06:16","0,78333325","PARCIAL","CORTE E RELIGAÇÃO","São Joao dos Patos","> 6h"
"GSTC","11/2/2026","MA-SDA-E001M","Indisponibilidade","Atrasado","09:47","11:00","01:13","0,15208325","PARCIAL","PLANTÃO","São Joao dos Patos","< 2h"
"GSTC","16/2/2026","MA-SJP-C001M","Indisponibilidade","Atrasado","15:48","15:48","00:00","0","PARCIAL","CORTE E RELIGAÇÃO","São Joao dos Patos","< 2h"
"GSTC","21/2/2026","MA-PSF-E001M","Indisponibilidade","CHECKLIST","07:49","08:06","00:17","0,035416625","PARCIAL","PLANTÃO","São Joao dos Patos","< 2h"
"GSTC","25/2/2026","MA-PTB-E001M","Indisponibilidade","Interjornada","09:29","09:29","00:00","0","PARCIAL","PLANTÃO","São Joao dos Patos","< 2h"
"GSTC","14/5/2026","MA-PTB-E001M","Indisponibilidade","Problemas mecânicos","08:25","09:15","00:50","0,104166625","PARCIAL","PLANTÃO","São Joao dos Patos","< 2h"
"GSTC","12/9/2026","MA-BRG-E001M","Indisponibilidade","Eletricista em treinamento","08:42","11:58","03:16","0,40833325","PARCIAL","PLANTÃO","São Joao dos Patos","2 a 4h"
"GSTC","13/9/2026","MA-SDA-E001M","Indisponibilidade","Interjornada","08:00","13:40","05:40","0,70833325","PARCIAL","PLANTÃO","São Joao dos Patos","4 a 6h"
"GSTC","19/9/2026","MA-BRG-E001M","Indisponibilidade","Interjornada","08:00","13:04","05:04","0,63333325","PARCIAL","PLANTÃO","São Joao dos Patos","4 a 6h"
"GSTC","25/3/2026","MA-PTB-E001M","Indisponibilidade","Interjornada","08:07","11:00","02:53","0,360416625","PARCIAL","PLANTÃO","São Joao dos Patos","2 a 4h"
"GSTC","12/5/2026","MA-SDA-E001M","Indisponibilidade","Problemas mecânicos","08:00","18:00","10:00","1","PARCIAL","PLANTÃO","São Joao dos Patos","> 6h"
"GSTC","26/3/2026","MA-PTB-E001M","Indisponibilidade","Interjornada","08:00","10:24","02:24","0,3","PARCIAL","PLANTÃO","São Joao dos Patos","2 a 4h"
"GSTC","8/4/2026","MA-SDA-E001M","Indisponibilidade","Problemas mecânicos","08:00","08:11","00:11","0,022916625","PARCIAL","PLANTÃO","São Joao dos Patos","< 2h"
"GSTC","2/2/2026","MA-SDA-E001M","Indisponibilidade","Problemas mecânicos","08:00","17:40","09:40","1","PARCIAL","PLANTÃO","São Joao dos Patos","> 6h"
"GSTC","25/2/2026","MA-BRG-E001M","Indisponibilidade","Interjornada","10:03","10:07","00:04","0,00833325","PARCIAL","PLANTÃO","São Joao dos Patos","< 2h"
"GSTC","30/5/2026","MA-SDA-E001M","Indisponibilidade","Atrasado","09:04","15:57","06:53","0,860416625","PARCIAL","PLANTÃO","São Joao dos Patos","> 6h"
"GSTC","12/5/2026","MA-SJP-E002T","Indisponibilidade","CHECKLIST","18:06","18:13","00:07","0,01458325","PARCIAL","PLANTÃO","São Joao dos Patos","< 2h"
"GSTC","25/3/2026","MA-CHA-X201M","Indisponibilidade","CHECKLIST","18:03","18:04","00:01","0,00208325","TOTAL","EQTL","Chapadinha","< 2h"
"GSTC","27/8/2026","MA-CHA-X201M","Indisponibilidade","CHECKLIST","09:00","09:03","00:03","0,00625","PARCIAL","EQTL","Chapadinha","< 2h"
"GSTC","19/5/2026","MA-CHA-X201M","Indisponibilidade","CHECKLIST","08:11","16:11","08:00","1","TOTAL","EQTL","Chapadinha","> 6h"
"GSTC","1/7/2026","MA-CHA-X201M","Indisponibilidade","CHECKLIST","17:46","17:58","00:12","0,025","PARCIAL","EQTL","Chapadinha","< 2h"
"GSTC","29/7/2026","MA-BJO-X200M","Indisponibilidade","CHECKLIST","08:31","08:37","00:06","0,0125","PARCIAL","EQTL","Chapadinha","< 2h"
"GSTC","2/4/2026","MA-UBS-X200M","Indisponibilidade","CHECKLIST","08:31","08:32","00:01","0,00208325","PARCIAL","EQTL","Chapadinha","< 2h"
"GSTC","9/4/2026","MA-UBS-X200M","Indisponibilidade","CHECKLIST","09:29","09:37","00:08","0,016666625","PARCIAL","EQTL","Chapadinha","< 2h"
"GSTC","19/1/2026","MA-UBS-X200M","Indisponibilidade","CHECKLIST","09:41","10:04","00:23","0,047916625","PARCIAL","EQTL","Chapadinha","< 2h"
"GSTC","23/2/2026","MA-BJO-X200M","Indisponibilidade","CHECKLIST","08:27","08:42","00:15","0,03125","PARCIAL","EQTL","Chapadinha","< 2h"
"GSTC","4/5/2026","MA-CHA-X201M","Indisponibilidade","CHECKLIST","09:59","11:28","01:29","0,185416625","PARCIAL","EQTL","Chapadinha","< 2h"
"GSTC","31/8/2026","MA-UBS-X200M","Indisponibilidade","CHECKLIST","08:25","08:54","00:29","0,060416625","PARCIAL","EQTL","Chapadinha","< 2h"
"GSTC","5/3/2026","MA-CAX-D002M","Indisponibilidade","Outros","07:55","14:44","06:49","0,85208325","PARCIAL","SEED MONEY","Caxias","> 6h"
"GSTC","5/3/2026","MA-COD-E002M","Indisponibilidade","Problemas mecânicos","09:35","11:08","01:33","0,19375","TOTAL","PLANTÃO","Caxias","< 2h"
"GSTC","9/4/2026","MA-CAX-D002M","Indisponibilidade","Eletricista de atestado","08:33","09:44","01:11","0,147916625","PARCIAL","SEED MONEY","Caxias","< 2h"
"GSTC","9/4/2026","MA-CAX-D002M","Indisponibilidade","Eletricista de atestado","16:18","16:19","00:01","0,00208325","PARCIAL","SEED MONEY","Caxias","< 2h"
"GSTC","23/9/2026","MA-COD-E001T","Indisponibilidade","Problemas mecânicos","16:52","17:51","00:59","0,122916625","PARCIAL","PLANTÃO","Caxias","< 2h"
"GSTC","27/3/2026","MA-CAX-D002M","Indisponibilidade","Outros","09:08","20:05","10:57","1","TOTAL","SEED MONEY","Caxias","> 6h"
"GSTC","7/4/2026","MA-COD-C001M","Indisponibilidade","Problemas mecânicos","09:21","19:21","10:00","1","TOTAL","CORTE E RELIGAÇÃO","Caxias","> 6h"
"GSTC","14/6/2026","MA-COD-E001T","Indisponibilidade","Eletricista de atestado","19:43","05:43","10:00","1","PARCIAL","PLANTÃO","Caxias","> 6h"
"GSTC","29/4/2026","MA-COD-E002M","Indisponibilidade","Problemas mecânicos","12:55","12:55","00:00","0","PARCIAL","PLANTÃO","Caxias","< 2h"
"GSTC","2/2/2026","MA-CHA-F001M","Indisponibilidade","Problemas mecânicos","09:19","18:00","08:41","1","PARCIAL","INSPEÇÃO","Chapadinha","> 6h"
"GSTC","20/2/2026","MA-CHA-F005M","Indisponibilidade","Eletricista em treinamento","08:00","18:00","10:00","1","TOTAL","INSPEÇÃO","Chapadinha","> 6h"
"GSTC","21/1/2026","MA-CHA-F001M","Indisponibilidade","Problemas mecânicos","08:00","07:26","01:30","0,1875","PARCIAL","INSPEÇÃO","Chapadinha","< 2h"
"GSTC","7/1/2026","MA-CHA-F001M","Indisponibilidade","Problemas mecânicos","08:04","11:54","03:50","0,479166625","PARCIAL","INSPEÇÃO","Chapadinha","2 a 4h"
"GSTC","3/2/2026","MA-CHA-F002M","Indisponibilidade","Problemas mecânicos","08:00","13:00","05:00","0,625","TOTAL","INSPEÇÃO","Chapadinha","4 a 6h"
"GSTC","5/2/2026","MA-CHA-F004M","Indisponibilidade","Problemas mecânicos","08:00","18:00","10:00","1","TOTAL","INSPEÇÃO","Chapadinha","> 6h"
"GSTC","27/1/2026","MA-CHA-F005M","Indisponibilidade","Problemas mecânicos","10:55","11:10","00:15","0,03125","PARCIAL","INSPEÇÃO","Chapadinha","< 2h"
"GSTC","9/2/2026","MA-CAX-D001M","Indisponibilidade","Problemas mecânicos","08:56","20:56","12:00","1","TOTAL","SEED MONEY","Caxias","> 6h"
"GSTC","26/2/2026","MA-CAX-D002M","Indisponibilidade","Problemas mecânicos","09:17","09:18","00:01","0,00208325","PARCIAL","SEED MONEY","Caxias","< 2h"
"GSTC","5/2/2026","MA-CAX-L001M","Indisponibilidade","Interjornada","08:27","10:03","01:36","0,2","PARCIAL","LIGAÇÃO NOVA","Caxias","< 2h"
"GSTC","30/4/2026","MA-CAX-E001M","Indisponibilidade","Problemas mecânicos","10:16","12:01","01:45","0,21875","PARCIAL","PLANTÃO","Caxias","< 2h"
"GSTC","25/3/2026","MA-COD-M001M","Indisponibilidade","Eletricista de atestado","08:06","11:01","02:55","0,36458325","PARCIAL","LIGAÇÃO NOVA","Caxias","2 a 4h"
"GSTC","30/3/2026","MA-CAX-D001M","Indisponibilidade","Outros","08:00","19:01","11:01","1","TOTAL","SEED MONEY","Caxias","> 6h"
"GSTC","2/4/2026","MA-SJS-E001M","Indisponibilidade","Problemas mecânicos","09:07","13:09","04:02","0,504166625","PARCIAL","LIGAÇÃO NOVA","Caxias","4 a 6h"
"GSTC","26/8/2026","MA-CAX-H001M","Indisponibilidade","Eletricista em treinamento","08:09","09:31","01:22","0,17083325","PARCIAL","CORTE E RELIGAÇÃO","Caxias","< 2h"
"GSTC","17/6/2026","MA-CAX-D001M","Indisponibilidade","Problemas mecânicos","08:20","15:26","07:06","0,8875","PARCIAL","SEED MONEY","Caxias","> 6h"
"GSTC","10/8/2026","MA-CAX-M002M","Indisponibilidade","Eletricista de atestado","09:11","11:25","02:14","0,279166625","PARCIAL","PLANTÃO","Caxias","2 a 4h"
"GSTC","3/2/2026","MA-CAX-D001M","Indisponibilidade","Atrasado","08:00","15:10","07:10","0,89583325","PARCIAL","SEED MONEY","Caxias","> 6h"
"GSTC","2/3/2026","MA-CAX-D001M","Indisponibilidade","Eletricista de atestado","08:00","20:00","12:00","1","TOTAL","SEED MONEY","Caxias","> 6h"
"GEOM","12/1/2026","MA-CHA-V002M","Indisponibilidade","CHECKLIST","08:56","10:14","01:18","0,1625","TOTAL","LINHA MORTA","Chapadinha","< 2h"
"GEOM","15/6/2026","MA-CHA-V002M","Indisponibilidade","CHECKLIST","07:59","08:01","00:02","0,004166625","PARCIAL","LINHA MORTA","Chapadinha","< 2h"
"GEOM","15/6/2026","MA-CHA-V002M","Indisponibilidade","CHECKLIST","08:21","08:22","00:01","0,00208325","PARCIAL","LINHA MORTA","Chapadinha","< 2h"
"GEOM","15/6/2026","MA-CHA-V002M","Indisponibilidade","CHECKLIST","09:13","12:05","02:52","0,35833325","PARCIAL","LINHA MORTA","Chapadinha","2 a 4h"
"GEOM","15/6/2026","MA-CHA-V002M","Indisponibilidade","CHECKLIST","12:12","12:55","00:43","0,08958325","PARCIAL","LINHA MORTA","Chapadinha","< 2h"
"GEOM","15/6/2026","MA-CHA-V002M","Indisponibilidade","CHECKLIST","15:21","15:22","00:01","0,00208325","PARCIAL","LINHA MORTA","Chapadinha","< 2h"
"GEOM","22/6/2026","MA-CHA-V002M","Indisponibilidade","CHECKLIST","08:34","08:36","00:02","0,004166625","TOTAL","LINHA MORTA","Chapadinha","< 2h"
"GEOM","22/6/2026","MA-CHA-V002M","Indisponibilidade","Problemas mecânicos","08:46","12:00","03:14","0,404166625","TOTAL","LINHA MORTA","Chapadinha","2 a 4h"
"GEOM","22/6/2026","MA-CHA-V002M","Indisponibilidade","Problemas mecânicos","13:52","17:56","04:04","0,50833325","TOTAL","LINHA MORTA","Chapadinha","4 a 6h"
"GEOM","18/6/2026","MA-CHA-V002M","Indisponibilidade","Problemas mecânicos","13:23","16:08","02:45","0,34375","PARCIAL","LINHA MORTA","Chapadinha","2 a 4h"
"GEOM","19/6/2026","MA-CHA-V002M","Indisponibilidade","CHECKLIST","07:32","08:14","00:42","0,0875","PARCIAL","LINHA MORTA","Chapadinha","< 2h"
"GEOM","19/6/2026","MA-CHA-V002M","Indisponibilidade","CHECKLIST","08:22","08:48","00:26","0,054166625","PARCIAL","LINHA MORTA","Chapadinha","< 2h"
"GEOM","19/6/2026","MA-CHA-V002M","Indisponibilidade","CHECKLIST","08:57","09:03","00:06","0,0125","PARCIAL","LINHA MORTA","Chapadinha","< 2h"
"GEOM","19/6/2026","MA-CHA-V002M","Indisponibilidade","CHECKLIST","13:37","13:39","00:02","0,004166625","PARCIAL","LINHA MORTA","Chapadinha","< 2h"
"GEOM","9/5/2026","MA-CHA-O001M","Indisponibilidade","Problemas mecânicos","09:26","15:46","06:20","0,791666625","TOTAL","LINHA MORTA","Chapadinha","> 6h"
"GEOM","25/7/2026","MA-CHA-O003M","Indisponibilidade","CHECKLIST","07:55","22:37","14:42","1","TOTAL","LINHA MORTA","Chapadinha","> 6h"
"GEOM","12/8/2026","MA-CHA-O003M","Indisponibilidade","Problemas mecânicos","07:58","12:04","04:06","0,5125","TOTAL","LINHA MORTA","Chapadinha","4 a 6h"
"GEOM","12/8/2026","MA-CHA-O003M","Indisponibilidade","Problemas mecânicos","14:19","18:19","04:00","0,5","TOTAL","LINHA MORTA","Chapadinha","4 a 6h"
"GEOM","14/6/2026","MA-CHA-V002M","Indisponibilidade","CHECKLIST","09:14","09:15","00:01","0,00208325","PARCIAL","LINHA MORTA","Chapadinha","< 2h"
"GEOM","12/1/2026","MA-SJP-O005M","Indisponibilidade","","08:00","07:51","01:30","0,1875","PARCIAL","LINHA MORTA","São Joao dos Patos","< 2h"
"GEOM","1/9/2026","MA-SJP-O001M","Indisponibilidade","CHECKLIST","07:50","08:12","00:22","0,04583325","PARCIAL","LINHA MORTA","São Joao dos Patos","< 2h"
"GEOM","4/9/2026","MA-SJP-O005M","Indisponibilidade","CHECKLIST","08:33","11:13","02:40","0,33333325","PARCIAL","LINHA MORTA","São Joao dos Patos","2 a 4h"
"GEOM","18/5/2026","MA-SJP-O001M","Indisponibilidade","Outros","08:00","17:35","09:35","1","TOTAL","LINHA MORTA","São Joao dos Patos","> 6h"
"GEOM","10/7/2026","MA-SJP-O001M","Indisponibilidade","Problemas mecânicos","08:30","18:05","09:35","1","TOTAL","LINHA MORTA","São Joao dos Patos","> 6h"
"GEOM","11/8/2026","MA-SJP-O001M","Indisponibilidade","Problemas mecânicos","07:50","11:36","03:46","0,47083325","PARCIAL","LINHA MORTA","São Joao dos Patos","2 a 4h"
"GEOM","6/7/2026","MA-SJP-O005M","Indisponibilidade","Problemas mecânicos","08:09","17:41","09:32","1","TOTAL","LINHA MORTA","São Joao dos Patos","> 6h"
"GEOM","2/9/2026","MA-SJP-V002M","Indisponibilidade","CHECKLIST","08:13","20:08","11:55","1","TOTAL","LINHA MORTA","São Joao dos Patos","> 6h"
"GEOM","17/6/2026","MA-SJP-V002M","Indisponibilidade","Problemas mecânicos","18:18","18:18","00:00","0","TOTAL","LINHA MORTA","São Joao dos Patos","< 2h"
"GEOM","12/5/2026","MA-SJP-V002M","Indisponibilidade","Interjornada","08:44","09:35","00:51","0,10625","PARCIAL","LINHA MORTA","São Joao dos Patos","< 2h"
"GEOM","11/8/2026","MA-SJP-V002M","Indisponibilidade","CHECKLIST","08:50","10:11","01:21","0,16875","PARCIAL","LINHA MORTA","São Joao dos Patos","< 2h"
"GEOM","12/8/2026","MA-SJP-V002M","Indisponibilidade","Problemas mecânicos","08:30","09:51","01:21","0,16875","PARCIAL","LINHA MORTA","São Joao dos Patos","< 2h"
"GEOM","14/9/2026","MA-SJP-O005M","Indisponibilidade","Outros","09:05","12:13","03:08","0,391666625","PARCIAL","LINHA MORTA","São Joao dos Patos","2 a 4h"
"GEOM","8/9/2026","MA-SJP-O001M","Indisponibilidade","Outros","08:37","12:36","03:59","0,497916625","PARCIAL","LINHA MORTA","São Joao dos Patos","2 a 4h"
"GEOM","11/5/2026","MA-SJP-V002M","Indisponibilidade","CHECKLIST","09:03","17:19","08:16","1","PARCIAL","LINHA MORTA","São Joao dos Patos","> 6h"
"GEOM","13/7/2026","MA-SJP-O005M","Indisponibilidade","Problemas mecânicos","08:24","18:23","09:59","1","TOTAL","LINHA MORTA","São Joao dos Patos","> 6h"
"GEOM","23/7/2026","MA-SJP-V002M","Indisponibilidade","Interjornada","08:44","11:32","02:48","0,35","PARCIAL","LINHA MORTA","São Joao dos Patos","2 a 4h"
"GSTC","13/3/2026","MA-UBS-M002M","Indisponibilidade","Interjornada","07:56","10:05","02:09","0,26875","PARCIAL","LIGAÇÃO NOVA","Chapadinha","2 a 4h"
"GSTC","7/5/2026","MA-UBS-M002M","Indisponibilidade","Interjornada","08:00","10:03","02:03","0,25625","PARCIAL","LIGAÇÃO NOVA","Chapadinha","2 a 4h"
"GSTC","8/5/2026","MA-CHA-E001T","Indisponibilidade","CHECKLIST","15:19","15:21","00:02","0,004166625","PARCIAL","PLANTÃO","Chapadinha","< 2h"
"GSTC","8/6/2026","MA-CHA-E001T","Indisponibilidade","Problemas mecânicos","15:00","18:32","03:32","0,441666625","PARCIAL","PLANTÃO","Chapadinha","2 a 4h"
"GSTC","23/1/2026","MA-CHA-E001M","Indisponibilidade","Problemas mecânicos","09:28","11:12","01:44","0,216666625","PARCIAL","PLANTÃO","Chapadinha","< 2h"
"GSTC","8/9/2026","MA-CHA-E001T","Indisponibilidade","Eletricista em treinamento","15:30","16:14","00:44","0,091666625","PARCIAL","PLANTÃO","Chapadinha","< 2h"
"GSTC","27/5/2026","MA-CHA-E002T","Indisponibilidade","CHECKLIST","16:37","16:43","00:06","0,0125","PARCIAL","PLANTÃO","Chapadinha","< 2h"
"GSTC","6/2/2026","MA-CHA-D001M","Indisponibilidade","Problemas mecânicos","10:07","20:07","10:00","1","TOTAL","SEED MONEY","Chapadinha","> 6h"
"GSTC","18/2/2026","MA-UBS-M001M","Indisponibilidade","Interjornada","08:00","10:41","02:41","0,335416625","PARCIAL","LIGAÇÃO NOVA","Chapadinha","2 a 4h"
"GSTC","31/1/2026","MA-UBS-M002M","Indisponibilidade","Problemas mecânicos","08:51","13:21","04:30","0,5625","PARCIAL","LIGAÇÃO NOVA","Chapadinha","4 a 6h"
"GSTC","6/3/2026","MA-UBS-M002M","Indisponibilidade","Interjornada","08:00","10:11","02:11","0,272916625","PARCIAL","LIGAÇÃO NOVA","Chapadinha","2 a 4h"
"GSTC","30/4/2026","MA-UBS-M002M","Indisponibilidade","Interjornada","07:41","11:23","03:42","0,4625","PARCIAL","LIGAÇÃO NOVA","Chapadinha","2 a 4h"
"GSTC","6/1/2026","MA-CHA-E002T","Indisponibilidade","CHECKLIST","16:20","16:32","00:12","0,025","PARCIAL","PLANTÃO","Chapadinha","< 2h"
"GSTC","11/3/2026","MA-CHA-E002T","Indisponibilidade","Problemas mecânicos","16:40","18:29","01:49","0,22708325","PARCIAL","PLANTÃO","Chapadinha","< 2h"
"GSTC","11/8/2026","MA-CHA-E002T","Indisponibilidade","Problemas mecânicos","15:00","18:25","03:25","0,42708325","PARCIAL","PLANTÃO","Chapadinha","2 a 4h"
"GSTC","25/7/2026","MA-CHA-E002T","Indisponibilidade","CHECKLIST","16:31","16:34","00:03","0,00625","PARCIAL","PLANTÃO","Chapadinha","< 2h"
"GSTC","30/4/2026","MA-CHA-E002T","Indisponibilidade","Problemas mecânicos","15:57","18:33","02:36","0,325","PARCIAL","PLANTÃO","Chapadinha","2 a 4h"
"GSTC","11/4/2026","MA-UBS-M002M","Indisponibilidade","Interjornada","07:00","17:22","10:22","1","PARCIAL","LIGAÇÃO NOVA","Chapadinha","> 6h"
"GSTC","9/5/2026","MA-UBS-M002M","Indisponibilidade","Interjornada","08:00","09:38","01:38","0,204166625","PARCIAL","LIGAÇÃO NOVA","Chapadinha","< 2h"
"GSTC","30/4/2026","MA-SDA-E001M","Indisponibilidade","Problemas mecânicos","08:00","18:00","10:00","1","PARCIAL","PLANTÃO","São Joao dos Patos","> 6h"
"GSTC","13/5/2026","MA-SDA-E001M","Indisponibilidade","Problemas mecânicos","08:00","18:00","10:00","1","PARCIAL","PLANTÃO","São Joao dos Patos","> 6h"
"GSTC","13/5/2026","MA-SJP-E002M","Indisponibilidade","Problemas mecânicos","08:00","17:02","09:02","1","TOTAL","PLANTÃO","São Joao dos Patos","> 6h"
"GSTC","17/9/2026","MA-BRG-E001M","Indisponibilidade","Interjornada","08:00","09:17","01:17","0,160416625","PARCIAL","PLANTÃO","São Joao dos Patos","< 2h"
"GSTC","21/9/2026","MA-BRG-E001M","Indisponibilidade","Interjornada","08:00","11:37","03:37","0,45208325","PARCIAL","PLANTÃO","São Joao dos Patos","2 a 4h"
"GSTC","22/9/2026","MA-SDA-E001M","Indisponibilidade","Interjornada","08:00","11:49","03:49","0,47708325","PARCIAL","PLANTÃO","São Joao dos Patos","2 a 4h"
"GSTC","26/3/2026","MA-BRG-E001M","Indisponibilidade","Interjornada","08:48","09:05","00:17","0,035416625","PARCIAL","PLANTÃO","São Joao dos Patos","< 2h"
"GSTC","28/8/2026","MA-PRB-M001M","Indisponibilidade","Eletricista em treinamento","08:00","14:24","06:24","0,8","PARCIAL","LIGAÇÃO NOVA","São Joao dos Patos","> 6h"
"GSTC","28/8/2026","MA-SDA-E001M","Indisponibilidade","Problemas mecânicos","08:01","13:58","05:57","0,74375","PARCIAL","PLANTÃO","São Joao dos Patos","4 a 6h"
"GSTC","30/1/2026","MA-PSF-E001M","Indisponibilidade","Interjornada","08:00","11:30","03:30","0,4375","PARCIAL","PLANTÃO","São Joao dos Patos","2 a 4h"
"GSTC","9/2/2026","MA-PTB-E001M","Indisponibilidade","Interjornada","10:56","10:57","00:01","0,00208325","PARCIAL","PLANTÃO","São Joao dos Patos","< 2h"
"GSTC","10/2/2026","MA-SDA-E001M","Indisponibilidade","Interjornada","08:00","10:00","02:00","0,25","TOTAL","PLANTÃO","São Joao dos Patos","2 a 4h"
"GSTC","5/3/2026","MA-SJP-E002M","Indisponibilidade","Problemas mecânicos","09:54","17:03","07:09","0,89375","PARCIAL","PLANTÃO","São Joao dos Patos","> 6h"
"GSTC","23/1/2026","MA-SJP-E002T","Indisponibilidade","CHECKLIST","16:42","16:46","00:04","0,00833325","PARCIAL","PLANTÃO","São Joao dos Patos","< 2h"
"GSTC","30/3/2026","MA-SJP-E002T","Indisponibilidade","CHECKLIST","17:39","17:53","00:14","0,029166625","PARCIAL","PLANTÃO","São Joao dos Patos","< 2h"
"GSTC","21/8/2026","MA-PTB-E001M","Indisponibilidade","CHECKLIST","08:25","08:30","00:05","0,010416625","PARCIAL","PLANTÃO","São Joao dos Patos","< 2h"
"GSTC","8/5/2026","MA-SDA-E001M","Indisponibilidade","Problemas mecânicos","14:00","18:00","04:00","0,5","PARCIAL","PLANTÃO","São Joao dos Patos","4 a 6h"
"GSTC","9/9/2026","MA-PSF-E001M","Indisponibilidade","Problemas mecânicos","08:00","19:04","11:04","1","TOTAL","PLANTÃO","São Joao dos Patos","> 6h"
"GSTC","30/3/2026","MA-COD-C001M","Indisponibilidade","Eletricista de atestado","08:00","08:49","00:49","0,10208325","PARCIAL","CORTE E RELIGAÇÃO","Caxias","< 2h"
"GSTC","6/4/2026","MA-COD-C001M","Indisponibilidade","Problemas mecânicos","09:39","21:39","12:00","1","TOTAL","CORTE E RELIGAÇÃO","Caxias","> 6h"
"GSTC","6/4/2026","MA-COD-E002M","Indisponibilidade","Outros","08:18","20:18","12:00","1","TOTAL","PLANTÃO","Caxias","> 6h"
"GSTC","4/3/2026","MA-COD-E002M","Indisponibilidade","Atrasado","08:17","09:40","01:23","0,172916625","PARCIAL","PLANTÃO","Caxias","< 2h"
"GSTC","2/4/2026","MA-CAX-D002M","Indisponibilidade","Problemas mecânicos","08:33","18:01","09:28","1","TOTAL","SEED MONEY","Caxias","> 6h"
"GSTC","3/3/2026","MA-CAX-D002M","Indisponibilidade","Outros","09:04","21:04","12:00","1","TOTAL","SEED MONEY","Caxias","> 6h"
"GSTC","4/3/2026","MA-TMB-E001M","Indisponibilidade","Interjornada","08:00","13:40","05:40","0,70833325","PARCIAL","PLANTÃO","Caxias","4 a 6h"
"GSTC","2/3/2026","MA-ANA-M001M","Indisponibilidade","Interjornada","11:20","11:27","00:07","0,01458325","PARCIAL","LIGAÇÃO NOVA","Chapadinha","< 2h"
"GSTC","28/5/2026","MA-CHA-D001M","Indisponibilidade","Eletricista em treinamento","08:00","08:23","00:23","0,047916625","PARCIAL","SEED MONEY","Chapadinha","< 2h"
"GSTC","28/5/2026","MA-CHA-D001M","Indisponibilidade","Problemas mecânicos","08:26","15:39","07:13","0,90208325","PARCIAL","SEED MONEY","Chapadinha","> 6h"
"GSTC","29/5/2026","MA-CHA-C003M","Indisponibilidade","Eletricista em treinamento","08:05","08:39","00:34","0,07083325","PARCIAL","CORTE E RELIGAÇÃO","Chapadinha","< 2h"
"GSTC","30/4/2026","MA-CHA-M002M","Indisponibilidade","CHECKLIST","09:58","10:02","00:04","0,00833325","PARCIAL","PLANTÃO","Chapadinha","< 2h"
"GSTC","30/4/2026","MA-CHA-D002M","Indisponibilidade","Problemas mecânicos","08:00","15:32","07:32","0,941666625","PARCIAL","SEED MONEY","Chapadinha","> 6h"
"GSTC","6/5/2026","MA-SQA-M001M","Indisponibilidade","Problemas mecânicos","08:00","09:54","01:54","0,2375","PARCIAL","LIGAÇÃO NOVA","Chapadinha","< 2h"
"GSTC","25/3/2026","MA-CHA-D001M","Indisponibilidade","Problemas mecânicos","08:29","08:30","00:01","0,00208325","PARCIAL","SEED MONEY","Chapadinha","< 2h"
"GSTC","31/3/2026","MA-CHA-D002M","Indisponibilidade","Problemas mecânicos","08:00","10:00","02:00","0,25","PARCIAL","SEED MONEY","Chapadinha","2 a 4h"
"GSTC","5/3/2026","MA-CHA-M002M","Indisponibilidade","Problemas mecânicos","12:07","14:03","01:56","0,241666625","PARCIAL","PLANTÃO","Chapadinha","< 2h"
"GSTC","11/5/2026","MA-CHA-D001M","Indisponibilidade","Problemas mecânicos","07:41","19:41","12:00","1","TOTAL","SEED MONEY","Chapadinha","> 6h"
"GSTC","31/5/2026","MA-ANA-M001M","Indisponibilidade","Eletricista de atestado","11:48","11:48","00:00","0","PARCIAL","LIGAÇÃO NOVA","Chapadinha","< 2h"
"GEOM","24/7/2026","MA-SJP-O004M","Indisponibilidade","Problemas mecânicos","08:50","16:31","07:41","0,960416625","TOTAL","LINHA MORTA","São Joao dos Patos","> 6h"
"GEOM","8/9/2026","MA-SJP-O002M","Indisponibilidade","Problemas mecânicos","08:24","17:39","09:15","1","TOTAL","LINHA MORTA","São Joao dos Patos","> 6h"
"GEOM","11/6/2026","MA-SJP-O003M","Indisponibilidade","Problemas mecânicos","08:37","18:18","09:41","1","TOTAL","LINHA MORTA","São Joao dos Patos","> 6h"
"GEOM","11/6/2026","MA-SJP-O003M","Indisponibilidade","Problemas mecânicos","18:18","18:18","00:00","0","TOTAL","LINHA MORTA","São Joao dos Patos","< 2h"
"GEOM","3/7/2026","MA-SJP-O002M","Indisponibilidade","Problemas mecânicos","08:12","12:51","04:39","0,58125","TOTAL","LINHA MORTA","São Joao dos Patos","4 a 6h"
"GEOM","8/7/2026","MA-SJP-O004M","Indisponibilidade","Problemas mecânicos","08:21","18:21","10:00","1","TOTAL","LINHA MORTA","São Joao dos Patos","> 6h"
"GEOM","6/8/2026","MA-SJP-O002M","Indisponibilidade","Problemas mecânicos","08:14","05:18","21:04","1","TOTAL","LINHA MORTA","São Joao dos Patos","> 6h"
"GEOM","6/8/2026","MA-SJP-O002M","Indisponibilidade","Problemas mecânicos","05:19","05:19","00:00","0","TOTAL","LINHA MORTA","São Joao dos Patos","< 2h"
"GEOM","23/2/2026","MA-SJP-O003M","Indisponibilidade","","08:35","12:35","04:00","0,5","TOTAL","LINHA MORTA","São Joao dos Patos","4 a 6h"
"GEOM","29/1/2026","MA-SJP-O003M","Indisponibilidade","","08:31","16:31","08:00","1","TOTAL","LINHA MORTA","São Joao dos Patos","> 6h"
"GEOM","14/8/2026","MA-SJP-O004M","Indisponibilidade","Blitz de segurança","08:47","14:59","06:12","0,775","PARCIAL","LINHA MORTA","São Joao dos Patos","> 6h"
"GEOM","26/6/2026","MA-SJP-O002M","Indisponibilidade","Problemas mecânicos","09:25","17:25","08:00","1","TOTAL","LINHA MORTA","São Joao dos Patos","> 6h"
"GEOM","26/6/2026","MA-SJP-O004M","Indisponibilidade","Problemas mecânicos","08:00","16:00","08:00","1","TOTAL","LINHA MORTA","São Joao dos Patos","> 6h"
"GEOM","5/8/2026","MA-SJP-O003M","Indisponibilidade","CHECKLIST","16:45","17:40","00:55","0,11458325","PARCIAL","LINHA MORTA","São Joao dos Patos","< 2h"
"GEOM","23/4/2026","MA-SJP-O002M","Indisponibilidade","Problemas mecânicos","09:04","19:56","10:52","1","PARCIAL","LINHA MORTA","São Joao dos Patos","> 6h"
"GEOM","8/4/2026","MA-SJP-O004M","Indisponibilidade","Interjornada","08:59","17:50","08:51","1","TOTAL","LINHA MORTA","São Joao dos Patos","> 6h"
"GEOM","15/4/2026","MA-SJP-O004M","Indisponibilidade","Interjornada","09:03","14:24","05:21","0,66875","PARCIAL","LINHA MORTA","São Joao dos Patos","4 a 6h"
"GEOM","14/6/2026","MA-CHA-V002M","Indisponibilidade","CHECKLIST","11:41","11:45","00:04","0,00833325","PARCIAL","LINHA MORTA","Chapadinha","< 2h"
"GEOM","20/5/2026","MA-CHA-V002M","Indisponibilidade","Problemas mecânicos","08:06","11:23","03:17","0,410416625","PARCIAL","LINHA MORTA","Chapadinha","2 a 4h"
"GEOM","10/7/2026","MA-CHA-O002M","Indisponibilidade","Interjornada","08:00","10:23","02:23","0,297916625","PARCIAL","LINHA MORTA","Chapadinha","2 a 4h"
"GEOM","21/7/2026","MA-CHA-O003M","Indisponibilidade","Eletricista em treinamento","08:00","08:07","00:07","0,01458325","TOTAL","LINHA MORTA","Chapadinha","< 2h"
"GEOM","21/7/2026","MA-CHA-O003M","Indisponibilidade","Eletricista em treinamento","08:07","18:07","10:00","1","TOTAL","LINHA MORTA","Chapadinha","> 6h"
"GEOM","13/8/2026","MA-CHA-O002M","Indisponibilidade","Problemas mecânicos","07:45","11:17","03:32","0,441666625","TOTAL","LINHA MORTA","Chapadinha","2 a 4h"
"GEOM","13/8/2026","MA-CHA-O002M","Indisponibilidade","Problemas mecânicos","18:15","21:18","03:03","0,38125","TOTAL","LINHA MORTA","Chapadinha","2 a 4h"
"GEOM","24/8/2026","MA-CHA-O003M","Indisponibilidade","Problemas mecânicos","08:09","17:16","09:07","1","TOTAL","LINHA MORTA","Chapadinha","> 6h"
"GEOM","16/9/2026","MA-CHA-O002M","Indisponibilidade","Problemas mecânicos","07:45","09:31","01:46","0,22083325","PARCIAL","LINHA MORTA","Chapadinha","< 2h"
"GEOM","27/8/2026","MA-CHA-O003M","Indisponibilidade","Problemas mecânicos","07:41","17:41","10:00","1","TOTAL","LINHA MORTA","Chapadinha","> 6h"
"GEOM","10/5/2026","MA-CHA-V002M","Indisponibilidade","Interjornada","09:21","14:21","05:00","0,625","PARCIAL","LINHA MORTA","Chapadinha","4 a 6h"
"GEOM","21/5/2026","MA-CHA-V002M","Indisponibilidade","Interjornada","08:00","11:55","03:55","0,48958325","PARCIAL","LINHA MORTA","Chapadinha","2 a 4h"
"GEOM","21/5/2026","MA-CHA-V002M","Indisponibilidade","CHECKLIST","13:39","13:41","00:02","0,004166625","PARCIAL","LINHA MORTA","Chapadinha","< 2h"
"GEOM","21/5/2026","MA-CHA-V002M","Indisponibilidade","CHECKLIST","14:07","14:09","00:02","0,004166625","PARCIAL","LINHA MORTA","Chapadinha","< 2h"
"GEOM","21/5/2026","MA-CHA-V002M","Indisponibilidade","CHECKLIST","14:20","14:32","00:12","0,025","PARCIAL","LINHA MORTA","Chapadinha","< 2h"
"GEOM","21/5/2026","MA-CHA-V002M","Indisponibilidade","CHECKLIST","14:32","14:51","00:19","0,03958325","PARCIAL","LINHA MORTA","Chapadinha","< 2h"
"GEOM","21/5/2026","MA-CHA-V002M","Indisponibilidade","CHECKLIST","17:19","17:19","00:00","0","PARCIAL","LINHA MORTA","Chapadinha","< 2h"
"GEOM","21/5/2026","MA-CHA-V002M","Indisponibilidade","CHECKLIST","17:49","22:50","05:01","0,62708325","PARCIAL","LINHA MORTA","Chapadinha","4 a 6h"
"GEOM","23/7/2026","MA-SJP-V002M","Indisponibilidade","Problemas mecânicos","08:30","08:42","00:12","0,025","PARCIAL","LINHA MORTA","São Joao dos Patos","< 2h"
"GEOM","23/2/2026","MA-SJP-O006M","Indisponibilidade","","08:00","16:00","08:00","1","TOTAL","LINHA MORTA","São Joao dos Patos","> 6h"
"GEOM","6/7/2026","MA-SJP-V002M","Indisponibilidade","CHECKLIST","08:35","11:12","02:37","0,32708325","PARCIAL","LINHA MORTA","São Joao dos Patos","2 a 4h"
"GEOM","5/6/2026","MA-SJP-V002M","Indisponibilidade","Outros","11:18","17:18","06:00","0,75","TOTAL","LINHA MORTA","São Joao dos Patos","> 6h"
"GEOM","8/7/2026","MA-SJP-O005M","Indisponibilidade","Problemas mecânicos","08:23","18:23","10:00","1","TOTAL","LINHA MORTA","São Joao dos Patos","> 6h"
"GEOM","1/8/2026","MA-SJP-O005M","Indisponibilidade","CHECKLIST","08:00","11:00","03:00","0,375","PARCIAL","LINHA MORTA","São Joao dos Patos","2 a 4h"
"GEOM","22/4/2026","MA-SJP-V002M","Indisponibilidade","Interjornada","08:32","08:40","00:08","0,016666625","PARCIAL","LINHA MORTA","São Joao dos Patos","< 2h"
"GEOM","3/7/2026","MA-SJP-O005M","Indisponibilidade","Problemas mecânicos","08:16","17:39","09:23","1","TOTAL","LINHA MORTA","São Joao dos Patos","> 6h"
"GEOM","5/8/2026","MA-SJP-V002M","Indisponibilidade","CHECKLIST","16:02","17:04","01:02","0,129166625","PARCIAL","LINHA MORTA","São Joao dos Patos","< 2h"
"GEOM","6/8/2026","MA-SJP-O001M","Indisponibilidade","Problemas mecânicos","08:14","17:36","09:22","1","TOTAL","LINHA MORTA","São Joao dos Patos","> 6h"
"GEOM","17/2/2026","MA-SJP-O006M","Indisponibilidade","","08:00","18:00","10:00","1","TOTAL","LINHA MORTA","São Joao dos Patos","> 6h"
"GEOM","24/2/2026","MA-SJP-O006M","Indisponibilidade","","08:00","18:00","10:00","1","TOTAL","LINHA MORTA","São Joao dos Patos","> 6h"
"GEOM","26/2/2026","MA-SJP-O006M","Indisponibilidade","","08:20","18:20","10:00","1","PARCIAL","LINHA MORTA","São Joao dos Patos","> 6h"
"GEOM","30/3/2026","MA-SJP-V002M","Indisponibilidade","Interjornada","08:28","14:37","06:09","0,76875","PARCIAL","LINHA MORTA","São Joao dos Patos","> 6h"
"GEOM","30/4/2026","MA-SJP-O005M","Indisponibilidade","Problemas mecânicos","08:52","11:06","02:14","0,279166625","PARCIAL","LINHA MORTA","São Joao dos Patos","2 a 4h"
"GEOM","2/6/2026","MA-SJP-O001M","Indisponibilidade","Problemas mecânicos","08:03","14:33","06:30","0,8125","TOTAL","LINHA MORTA","São Joao dos Patos","> 6h"
"GEOM","1/7/2026","MA-SJP-V002M","Indisponibilidade","Problemas mecânicos","07:40","17:58","10:18","1","TOTAL","LINHA MORTA","São Joao dos Patos","> 6h"
"GEOM","3/8/2026","MA-SJP-O005M","Indisponibilidade","CHECKLIST","09:02","10:40","01:38","0,204166625","PARCIAL","LINHA MORTA","São Joao dos Patos","< 2h"
"GSTC","14/1/2026","MA-ANA-M001M","Indisponibilidade","Problemas mecânicos","08:01","15:35","07:34","0,94583325","PARCIAL","LIGAÇÃO NOVA","Chapadinha","> 6h"
"GSTC","1/1/2026","MA-CHA-E002T","Indisponibilidade","Eletricista com problema particular","19:07","21:07","02:00","0,25","TOTAL","PLANTÃO","Chapadinha","2 a 4h"
"GSTC","5/1/2026","MA-CHA-D001M","Indisponibilidade","Problemas mecânicos","08:00","20:00","12:00","1","TOTAL","SEED MONEY","Chapadinha","> 6h"
"GSTC","14/1/2026","MA-CHA-D001M","Indisponibilidade","Problemas mecânicos","08:00","18:00","10:00","1","TOTAL","SEED MONEY","Chapadinha","> 6h"
"GSTC","13/2/2026","MA-CHA-D001M","Indisponibilidade","Problemas mecânicos","08:18","16:35","08:17","1","PARCIAL","SEED MONEY","Chapadinha","> 6h"
"GSTC","24/2/2026","MA-ANA-M001M","Indisponibilidade","Problemas mecânicos","07:43","15:10","07:27","0,93125","PARCIAL","LIGAÇÃO NOVA","Chapadinha","> 6h"
"GSTC","23/5/2026","MA-CHA-E001T","Indisponibilidade","CHECKLIST","16:27","16:30","00:03","0,00625","PARCIAL","PLANTÃO","Chapadinha","< 2h"
"GSTC","21/1/2026","MA-UBS-M001M","Indisponibilidade","CHECKLIST","07:55","08:01","00:06","0,0125","PARCIAL","LIGAÇÃO NOVA","Chapadinha","< 2h"
"GSTC","22/9/2026","MA-CHA-E002T","Indisponibilidade","CHECKLIST","15:43","16:01","00:18","0,0375","PARCIAL","PLANTÃO","Chapadinha","< 2h"
"GSTC","14/1/2026","MA-CHA-E002T","Indisponibilidade","CHECKLIST","16:22","16:34","00:12","0,025","PARCIAL","PLANTÃO","Chapadinha","< 2h"
"GSTC","5/9/2026","MA-CHA-E002T","Indisponibilidade","CHECKLIST","16:13","16:20","00:07","0,01458325","PARCIAL","PLANTÃO","Chapadinha","< 2h"
"GSTC","8/3/2026","MA-CHA-E001T","Indisponibilidade","CHECKLIST","15:20","15:24","00:04","0,00833325","PARCIAL","PLANTÃO","Chapadinha","< 2h"
"GSTC","10/3/2026","MA-UBS-M002M","Indisponibilidade","Outros","08:23","15:23","07:00","0,875","PARCIAL","LIGAÇÃO NOVA","Chapadinha","> 6h"
"GSTC","10/3/2026","MA-UBS-M002M","Indisponibilidade","Outros","08:23","08:23","00:00","0","PARCIAL","LIGAÇÃO NOVA","Chapadinha","< 2h"
"GSTC","13/1/2026","MA-CHA-D001M","Indisponibilidade","Problemas mecânicos","08:00","18:00","10:00","1","TOTAL","SEED MONEY","Chapadinha","> 6h"
"GSTC","20/1/2026","MA-ANA-M001M","Indisponibilidade","CHECKLIST","07:34","08:00","00:26","0,054166625","PARCIAL","LIGAÇÃO NOVA","Chapadinha","< 2h"
"GSTC","26/1/2026","MA-CHA-L001M","Indisponibilidade","Problemas mecânicos","14:15","15:25","01:10","0,14583325","PARCIAL","LIGAÇÃO NOVA","Chapadinha","< 2h"
"GSTC","18/1/2026","MA-CHA-E001T","Indisponibilidade","CHECKLIST","15:20","15:22","00:02","0,004166625","PARCIAL","PLANTÃO","Chapadinha","< 2h"
"GSTC","12/1/2026","MA-CHA-C003M","Indisponibilidade","Problemas mecânicos","08:00","15:30","07:30","0,9375","PARCIAL","CORTE E RELIGAÇÃO","Chapadinha","> 6h"
"GSTC","12/9/2026","MA-PTB-E001M","Indisponibilidade","Atrasado","08:47","14:22","05:35","0,697916625","PARCIAL","PLANTÃO","São Joao dos Patos","4 a 6h"
"GSTC","2/4/2026","MA-SJP-C002M","Indisponibilidade","Atrasado","08:53","14:20","05:27","0,68125","PARCIAL","CORTE E RELIGAÇÃO","São Joao dos Patos","4 a 6h"
"GSTC","13/8/2026","MA-BRG-E001M","Indisponibilidade","Atrasado","08:00","08:05","00:05","0,010416625","PARCIAL","PLANTÃO","São Joao dos Patos","< 2h"
"GSTC","13/8/2026","MA-BRG-E001M","Indisponibilidade","Interjornada","08:05","10:39","02:34","0,32083325","PARCIAL","PLANTÃO","São Joao dos Patos","2 a 4h"
"GSTC","11/2/2026","MA-BRG-E001M","Indisponibilidade","Interjornada","08:00","09:51","01:51","0,23125","PARCIAL","PLANTÃO","São Joao dos Patos","< 2h"
"GSTC","13/8/2026","MA-SJP-E001T","Indisponibilidade","CHECKLIST","17:33","17:44","00:11","0,022916625","PARCIAL","PLANTÃO","São Joao dos Patos","< 2h"
"GSTC","14/5/2026","MA-SDA-E001M","Indisponibilidade","Problemas mecânicos","08:00","20:00","12:00","1","TOTAL","PLANTÃO","São Joao dos Patos","> 6h"
"GSTC","16/9/2026","MA-BRG-E001M","Indisponibilidade","Interjornada","08:00","16:50","08:50","1","PARCIAL","PLANTÃO","São Joao dos Patos","> 6h"
"GSTC","7/8/2026","MA-SJP-E001T","Indisponibilidade","Problemas mecânicos","16:00","17:52","01:52","0,23333325","PARCIAL","PLANTÃO","São Joao dos Patos","< 2h"
"GSTC","7/2/2026","MA-SDA-E001M","Indisponibilidade","Interjornada","08:00","12:20","04:20","0,541666625","PARCIAL","PLANTÃO","São Joao dos Patos","4 a 6h"
"GSTC","19/8/2026","MA-SDA-E001M","Indisponibilidade","Atrasado","08:02","11:38","03:36","0,45","PARCIAL","PLANTÃO","São Joao dos Patos","2 a 4h"
"GSTC","4/5/2026","MA-SDA-E001M","Indisponibilidade","Problemas mecânicos","13:05","13:06","00:01","0,00208325","PARCIAL","PLANTÃO","São Joao dos Patos","< 2h"
"GSTC","7/4/2026","MA-SDA-E001M","Indisponibilidade","Problemas mecânicos","08:00","18:00","10:00","1","TOTAL","PLANTÃO","São Joao dos Patos","> 6h"
"GSTC","4/9/2026","MA-SDA-E001M","Indisponibilidade","Interjornada","08:00","10:03","02:03","0,25625","PARCIAL","PLANTÃO","São Joao dos Patos","2 a 4h"
"GSTC","29/9/2026","MA-SDA-E001M","Indisponibilidade","Interjornada","08:00","11:49","03:49","0,47708325","PARCIAL","PLANTÃO","São Joao dos Patos","2 a 4h"
"GSTC","2/2/2026","MA-SJP-E002T","Indisponibilidade","Atrasado","19:35","19:35","00:00","0","PARCIAL","PLANTÃO","São Joao dos Patos","< 2h"
"GSTC","16/7/2026","MA-SJP-C002M","Indisponibilidade","Jornada corrida","07:48","15:20","07:32","0,941666625","PARCIAL","CORTE E RELIGAÇÃO","São Joao dos Patos","> 6h"
"GSTC","19/9/2026","MA-PTB-E001M","Indisponibilidade","Interjornada","08:00","11:23","03:23","0,422916625","PARCIAL","PLANTÃO","São Joao dos Patos","2 a 4h"
"GSTC","4/3/2026","MA-CHA-C004M","Indisponibilidade","Problemas mecânicos","10:30","10:51","00:21","0,04375","PARCIAL","CORTE E RELIGAÇÃO","Chapadinha","< 2h"
"GSTC","29/5/2026","MA-CHA-D001M","Indisponibilidade","Problemas mecânicos","08:00","18:00","10:00","1","TOTAL","SEED MONEY","Chapadinha","> 6h"
"GSTC","14/3/2026","MA-CHA-E002M","Indisponibilidade","CHECKLIST","08:22","08:47","00:25","0,05208325","PARCIAL","PLANTÃO","Chapadinha","< 2h"
"GSTC","23/3/2026","MA-SFM-E001M","Indisponibilidade","Problemas mecânicos","13:58","17:00","03:02","0,379166625","PARCIAL","PLANTÃO","Timon","2 a 4h"
"GSTC","10/3/2026","MA-MTS-C001M","Indisponibilidade","Problemas mecânicos","13:35","15:28","01:53","0,235416625","PARCIAL","LIGAÇÃO NOVA","Timon","< 2h"
"GSTC","12/3/2026","MA-MTS-C001M","Indisponibilidade","Problemas mecânicos","09:45","16:53","07:08","0,891666625","TOTAL","LIGAÇÃO NOVA","Timon","> 6h"
"GSTC","27/4/2026","MA-PNM-E001M","Indisponibilidade","Problemas mecânicos","08:00","13:40","05:40","0,70833325","PARCIAL","PLANTÃO","Timon","4 a 6h"
"GSTC","26/5/2026","MA-TMO-C001M","Indisponibilidade","Atrasado","08:00","08:43","00:43","0,08958325","PARCIAL","CORTE E RELIGAÇÃO","Timon","< 2h"
"GSTC","23/4/2026","MA-SFM-E001M","Indisponibilidade","Interjornada","08:00","14:38","06:38","0,829166625","PARCIAL","PLANTÃO","Timon","> 6h"
"GSTC","20/5/2026","MA-TMO-C001M","Indisponibilidade","Problemas mecânicos","08:00","18:00","10:00","1","TOTAL","CORTE E RELIGAÇÃO","Timon","> 6h"
"GSTC","23/5/2026","MA-SFM-E001M","Indisponibilidade","Problemas mecânicos","08:56","09:21","00:25","0,05208325","PARCIAL","PLANTÃO","Timon","< 2h"
"GSTC","4/5/2026","MA-MTS-C001M","Indisponibilidade","Problemas mecânicos","13:51","21:33","07:42","0,9625","PARCIAL","LIGAÇÃO NOVA","Timon","> 6h"
"GSTC","5/5/2026","MA-MTS-C001M","Indisponibilidade","Problemas mecânicos","08:16","10:19","02:03","0,25625","PARCIAL","LIGAÇÃO NOVA","Timon","2 a 4h"
"GSTC","10/3/2026","MA-PNM-E001M","Indisponibilidade","Problemas mecânicos","08:00","15:07","07:07","0,88958325","PARCIAL","PLANTÃO","Timon","> 6h"
"GSTC","17/3/2026","MA-MTS-C001M","Indisponibilidade","Problemas mecânicos","09:19","16:29","07:10","0,89583325","TOTAL","LIGAÇÃO NOVA","Timon","> 6h"
"GSTC","1/4/2026","MA-TMO-C001M","Indisponibilidade","CHECKLIST","07:53","08:09","00:16","0,03333325","PARCIAL","CORTE E RELIGAÇÃO","Timon","< 2h"
"GSTC","26/4/2026","MA-PNM-E001M","Indisponibilidade","CHECKLIST","10:12","10:22","00:10","0,02083325","PARCIAL","PLANTÃO","Timon","< 2h"
"GSTC","21/4/2026","MA-PNM-E001M","Indisponibilidade","CHECKLIST","09:43","10:10","00:27","0,05625","PARCIAL","PLANTÃO","Timon","< 2h"
"GSTC","21/4/2026","MA-PNM-E001M","Indisponibilidade","CHECKLIST","10:15","10:50","00:35","0,072916625","PARCIAL","PLANTÃO","Timon","< 2h"
"GEOM","29/9/2026","MA-SJP-O003M","Indisponibilidade","Problemas mecânicos","08:19","08:58","00:39","0,08125","TOTAL","LINHA MORTA","São Joao dos Patos","< 2h"
"GEOM","29/9/2026","MA-SJP-O003M","Indisponibilidade","Interjornada","09:00","16:54","07:54","0,9875","TOTAL","LINHA MORTA","São Joao dos Patos","> 6h"
"GEOM","2/10/2026","MA-SJP-O002M","Indisponibilidade","CHECKLIST","08:19","13:56","05:37","0,70208325","PARCIAL","LINHA MORTA","São Joao dos Patos","4 a 6h"
"GEOM","2/10/2026","MA-SJP-O004M","Indisponibilidade","CHECKLIST","08:21","10:19","01:58","0,24583325","PARCIAL","LINHA MORTA","São Joao dos Patos","< 2h"
"GEOM","14/7/2026","MA-SJP-O002M","Indisponibilidade","Problemas mecânicos","09:58","17:30","07:32","0,941666625","TOTAL","LINHA MORTA","São Joao dos Patos","> 6h"
"GEOM","22/9/2026","MA-SJP-O003M","Indisponibilidade","Problemas mecânicos","07:48","17:50","10:02","1","TOTAL","LINHA MORTA","São Joao dos Patos","> 6h"
"GEOM","11/2/2026","MA-SJP-O004M","Indisponibilidade","","08:00","18:00","10:00","1","PARCIAL","LINHA MORTA","São Joao dos Patos","> 6h"
"GEOM","19/5/2026","MA-SJP-O002M","Indisponibilidade","Interjornada","08:35","17:31","08:56","1","TOTAL","LINHA MORTA","São Joao dos Patos","> 6h"
"GEOM","22/7/2026","MA-SJP-O004M","Indisponibilidade","Problemas mecânicos","08:06","08:07","00:01","0,00208325","TOTAL","LINHA MORTA","São Joao dos Patos","< 2h"
"GEOM","22/7/2026","MA-SJP-O004M","Indisponibilidade","Problemas mecânicos","08:17","15:45","07:28","0,93333325","TOTAL","LINHA MORTA","São Joao dos Patos","> 6h"
"GEOM","2/6/2026","MA-SJP-O004M","Indisponibilidade","Problemas mecânicos","08:03","16:54","08:51","1","TOTAL","LINHA MORTA","São Joao dos Patos","> 6h"
"GEOM","24/6/2026","MA-SJP-O003M","Indisponibilidade","Interjornada","08:00","13:43","05:43","0,71458325","PARCIAL","LINHA MORTA","São Joao dos Patos","4 a 6h"
"GEOM","12/6/2026","MA-SJP-O003M","Indisponibilidade","Problemas mecânicos","11:04","11:04","00:00","0","PARCIAL","LINHA MORTA","São Joao dos Patos","< 2h"
"GEOM","10/7/2026","MA-SJP-O002M","Indisponibilidade","Problemas mecânicos","08:40","14:12","05:32","0,691666625","TOTAL","LINHA MORTA","São Joao dos Patos","4 a 6h"
"GEOM","10/7/2026","MA-SJP-O002M","Indisponibilidade","Problemas mecânicos","15:08","18:04","02:56","0,366666625","TOTAL","LINHA MORTA","São Joao dos Patos","2 a 4h"
"GEOM","10/7/2026","MA-SJP-O004M","Indisponibilidade","Problemas mecânicos","08:24","18:04","09:40","1","TOTAL","LINHA MORTA","São Joao dos Patos","> 6h"
"GEOM","16/7/2026","MA-SJP-O003M","Indisponibilidade","Interjornada","08:25","12:27","04:02","0,504166625","TOTAL","LINHA MORTA","São Joao dos Patos","4 a 6h"
"GEOM","27/2/2026","MA-SJP-O006M","Indisponibilidade","","10:00","18:00","08:00","1","TOTAL","LINHA MORTA","São Joao dos Patos","> 6h"
"GEOM","28/8/2026","MA-SJP-O005M","Indisponibilidade","Folga não registrada no calendário","07:47","16:06","08:19","1","TOTAL","LINHA MORTA","São Joao dos Patos","> 6h"
"GEOM","9/7/2026","MA-SJP-O005M","Indisponibilidade","Problemas mecânicos","08:24","17:44","09:20","1","TOTAL","LINHA MORTA","São Joao dos Patos","> 6h"
"GEOM","28/7/2026","MA-SJP-O001M","Indisponibilidade","CHECKLIST","07:39","08:05","00:26","0,054166625","PARCIAL","LINHA MORTA","São Joao dos Patos","< 2h"
"GEOM","19/2/2026","MA-SJP-O006M","Indisponibilidade","","08:00","18:00","10:00","1","TOTAL","LINHA MORTA","São Joao dos Patos","> 6h"
"GEOM","27/2/2026","MA-SJP-O005M","Indisponibilidade","","08:00","13:48","05:48","0,725","PARCIAL","LINHA MORTA","São Joao dos Patos","4 a 6h"
"GEOM","20/2/2026","MA-SJP-O006M","Indisponibilidade","","08:00","18:00","10:00","1","TOTAL","LINHA MORTA","São Joao dos Patos","> 6h"
"GEOM","22/8/2026","MA-SJP-V002M","Indisponibilidade","Interjornada","07:38","11:17","03:39","0,45625","PARCIAL","LINHA MORTA","São Joao dos Patos","2 a 4h"
"GEOM","2/7/2026","MA-SJP-V002M","Indisponibilidade","Blitz de segurança","08:26","11:34","03:08","0,391666625","PARCIAL","LINHA MORTA","São Joao dos Patos","2 a 4h"
"GEOM","8/9/2026","MA-SJP-O005M","Indisponibilidade","Outros","08:26","12:11","03:45","0,46875","PARCIAL","LINHA MORTA","São Joao dos Patos","2 a 4h"
"GEOM","16/6/2026","MA-SJP-V002M","Indisponibilidade","Problemas mecânicos","08:01","16:55","08:54","1","PARCIAL","LINHA MORTA","São Joao dos Patos","> 6h"
"GEOM","24/8/2026","MA-SJP-O005M","Indisponibilidade","Outros","09:04","17:23","08:19","1","TOTAL","LINHA MORTA","São Joao dos Patos","> 6h"
"GEOM","2/7/2026","MA-SJP-O001M","Indisponibilidade","CHECKLIST","08:47","11:29","02:42","0,3375","PARCIAL","LINHA MORTA","São Joao dos Patos","2 a 4h"
"GEOM","21/2/2026","MA-SJP-O006M","Indisponibilidade","","08:00","18:00","10:00","1","TOTAL","LINHA MORTA","São Joao dos Patos","> 6h"
"GEOM","2/10/2026","MA-SJP-O005M","Indisponibilidade","CHECKLIST","07:32","16:41","09:09","1","TOTAL","LINHA MORTA","São Joao dos Patos","> 6h"
"GEOM","5/10/2026","MA-SJP-O001M","Indisponibilidade","Problemas mecânicos","11:02","11:39","00:37","0,07708325","PARCIAL","LINHA MORTA","São Joao dos Patos","< 2h"
"GEOM","5/10/2026","MA-SJP-O001M","Indisponibilidade","Problemas mecânicos","13:20","15:27","02:07","0,26458325","PARCIAL","LINHA MORTA","São Joao dos Patos","2 a 4h"
"GEOM","5/5/2026","MA-SJP-O005M","Indisponibilidade","Problemas mecânicos","08:18","17:41","09:23","1","TOTAL","LINHA MORTA","São Joao dos Patos","> 6h"
"GSTC","15/1/2026","MA-CHA-E001M","Indisponibilidade","CHECKLIST","15:16","23:16","08:00","1","PARCIAL","PLANTÃO","Chapadinha","> 6h"
"GSTC","21/1/2026","MA-CHA-D001M","Indisponibilidade","Problemas mecânicos","14:43","18:15","03:32","0,441666625","PARCIAL","SEED MONEY","Chapadinha","2 a 4h"
"GSTC","19/3/2026","MA-UBS-M002M","Indisponibilidade","Interjornada","08:41","12:06","03:25","0,42708325","PARCIAL","LIGAÇÃO NOVA","Chapadinha","2 a 4h"
"GSTC","2/8/2026","MA-CHA-E001T","Indisponibilidade","CHECKLIST","15:33","15:48","00:15","0,03125","PARCIAL","PLANTÃO","Chapadinha","< 2h"
"GSTC","13/6/2026","MA-CHA-E001T","Indisponibilidade","Interjornada","20:22","20:23","00:01","0,00208325","PARCIAL","PLANTÃO","Chapadinha","< 2h"
"GSTC","30/1/2026","MA-CHA-D001M","Indisponibilidade","Eletricista de atestado","08:00","18:00","10:00","1","TOTAL","SEED MONEY","Chapadinha","> 6h"
"GSTC","4/2/2026","MA-CHA-C003M","Indisponibilidade","CHECKLIST","08:17","08:35","00:18","0,0375","PARCIAL","CORTE E RELIGAÇÃO","Chapadinha","< 2h"
"GSTC","7/2/2026","MA-UBS-M002M","Indisponibilidade","Interjornada","08:00","11:11","03:11","0,397916625","PARCIAL","LIGAÇÃO NOVA","Chapadinha","2 a 4h"
"GSTC","10/2/2026","MA-CHA-C001M","Indisponibilidade","Problemas mecânicos","09:02","14:44","05:42","0,7125","PARCIAL","CORTE E RELIGAÇÃO","Chapadinha","4 a 6h"
"GSTC","17/2/2026","MA-CHA-C001M","Indisponibilidade","Outros","08:32","20:32","12:00","1","TOTAL","CORTE E RELIGAÇÃO","Chapadinha","> 6h"
"GSTC","14/4/2026","MA-CHA-E001T","Indisponibilidade","CHECKLIST","16:26","16:31","00:05","0,010416625","PARCIAL","PLANTÃO","Chapadinha","< 2h"
"GSTC","27/4/2026","MA-CHA-E001T","Indisponibilidade","Problemas mecânicos","15:18","16:27","01:09","0,14375","PARCIAL","PLANTÃO","Chapadinha","< 2h"
"GSTC","24/1/2026","MA-UBS-M002M","Indisponibilidade","Interjornada","08:00","11:08","03:08","0,391666625","PARCIAL","LIGAÇÃO NOVA","Chapadinha","2 a 4h"
"GSTC","16/3/2026","MA-UBS-M002M","Indisponibilidade","Eletricista com problema particular","09:22","12:46","03:24","0,425","PARCIAL","LIGAÇÃO NOVA","Chapadinha","2 a 4h"
"GSTC","26/2/2026","MA-CHA-D001M","Indisponibilidade","Problemas mecânicos","14:31","14:31","00:00","0","PARCIAL","SEED MONEY","Chapadinha","< 2h"
"GSTC","27/5/2026","MA-UBS-M002M","Indisponibilidade","Interjornada","08:11","09:11","01:00","0,125","PARCIAL","LIGAÇÃO NOVA","Chapadinha","< 2h"
"GSTC","7/1/2026","MA-CHA-C001M","Indisponibilidade","Atrasado","08:17","09:39","01:22","0,17083325","PARCIAL","CORTE E RELIGAÇÃO","Chapadinha","< 2h"
"GSTC","20/1/2026","MA-UBS-M001M","Indisponibilidade","Interjornada","08:00","09:43","01:43","0,21458325","PARCIAL","LIGAÇÃO NOVA","Chapadinha","< 2h"
"GSTC","6/4/2026","MA-PRB-M001M","Indisponibilidade","Problemas mecânicos","09:48","17:13","07:25","0,92708325","PARCIAL","LIGAÇÃO NOVA","São Joao dos Patos","> 6h"
"GSTC","11/5/2026","MA-SDA-E001M","Indisponibilidade","Problemas mecânicos","08:00","18:00","10:00","1","PARCIAL","PLANTÃO","São Joao dos Patos","> 6h"
"GSTC","13/9/2026","MA-PSF-E001M","Indisponibilidade","Interjornada","09:29","09:29","00:00","0","PARCIAL","PLANTÃO","São Joao dos Patos","< 2h"
"GSTC","1/10/2026","MA-SDA-E001M","Indisponibilidade","Atrasado","08:23","15:56","07:33","0,94375","PARCIAL","PLANTÃO","São Joao dos Patos","> 6h"
"GSTC","1/10/2026","MA-SJP-E002M","Indisponibilidade","Problemas mecânicos","08:29","16:50","08:21","1","TOTAL","PLANTÃO","São Joao dos Patos","> 6h"
"GSTC","5/10/2026","MA-SJP-E002M","Indisponibilidade","Problemas mecânicos","08:00","12:00","04:00","0,5","PARCIAL","PLANTÃO","São Joao dos Patos","4 a 6h"
"GSTC","16/7/2026","MA-SJP-C001M","Indisponibilidade","Interjornada","07:49","11:00","03:11","0,397916625","PARCIAL","CORTE E RELIGAÇÃO","São Joao dos Patos","2 a 4h"
"GSTC","17/7/2026","MA-SJP-C001M","Indisponibilidade","Interjornada","08:00","08:42","00:42","0,0875","PARCIAL","CORTE E RELIGAÇÃO","São Joao dos Patos","< 2h"
"GSTC","24/9/2026","MA-PRB-M001M","Indisponibilidade","Interjornada","08:00","11:49","03:49","0,47708325","PARCIAL","LIGAÇÃO NOVA","São Joao dos Patos","2 a 4h"
"GSTC","4/4/2026","MA-BRG-E001M","Indisponibilidade","Interjornada","08:59","10:46","01:47","0,222916625","PARCIAL","PLANTÃO","São Joao dos Patos","< 2h"
"GSTC","25/8/2026","MA-BRG-E001M","Indisponibilidade","Interjornada","09:55","14:11","04:16","0,53333325","PARCIAL","PLANTÃO","São Joao dos Patos","4 a 6h"
"GSTC","1/9/2026","MA-SJP-C001M","Indisponibilidade","Eletricista em treinamento","08:17","11:57","03:40","0,45833325","PARCIAL","CORTE E RELIGAÇÃO","São Joao dos Patos","2 a 4h"
"GSTC","24/7/2026","MA-PTB-E001M","Indisponibilidade","Eletricista em treinamento","08:00","09:40","01:40","0,20833325","PARCIAL","PLANTÃO","São Joao dos Patos","< 2h"
"GSTC","16/1/2026","MA-PSF-E001M","Indisponibilidade","Atrasado","08:23","10:01","01:38","0,204166625","PARCIAL","PLANTÃO","São Joao dos Patos","< 2h"
"GSTC","14/5/2026","MA-SJP-E002M","Indisponibilidade","Problemas mecânicos","08:00","08:44","00:44","0,091666625","PARCIAL","PLANTÃO","São Joao dos Patos","< 2h"
"GSTC","20/9/2026","MA-PTB-E001M","Indisponibilidade","CHECKLIST","08:48","08:56","00:08","0,016666625","PARCIAL","PLANTÃO","São Joao dos Patos","< 2h"
"GSTC","3/10/2026","MA-BRG-E001M","Indisponibilidade","Interjornada","08:06","08:47","00:41","0,085416625","PARCIAL","PLANTÃO","São Joao dos Patos","< 2h"
"GSTC","5/9/2026","MA-PTB-E001M","Indisponibilidade","Atrasado","08:00","09:30","01:30","0,1875","PARCIAL","PLANTÃO","São Joao dos Patos","< 2h"
"GEOM","1/8/2026","MA-SJP-V002M","Indisponibilidade","Problemas mecânicos","08:02","12:20","04:18","0,5375","TOTAL","LINHA MORTA","São Joao dos Patos","4 a 6h"
"GEOM","14/2/2026","MA-SJP-O006M","Indisponibilidade","","08:00","17:00","09:00","1","TOTAL","LINHA MORTA","São Joao dos Patos","> 6h"
"GEOM","18/2/2026","MA-SJP-O006M","Indisponibilidade","","08:00","18:00","10:00","1","TOTAL","LINHA MORTA","São Joao dos Patos","> 6h"
"GEOM","1/10/2026","MA-SJP-V002M","Indisponibilidade","CHECKLIST","08:21","12:19","03:58","0,49583325","PARCIAL","LINHA MORTA","São Joao dos Patos","2 a 4h"
"GEOM","4/2/2026","MA-SJP-O006M","Indisponibilidade","","09:01","09:56","00:55","0,11458325","TOTAL","LINHA MORTA","São Joao dos Patos","< 2h"
"GEOM","29/9/2026","MA-SJP-V002M","Indisponibilidade","Problemas mecânicos","08:17","09:01","00:44","0,091666625","PARCIAL","LINHA MORTA","São Joao dos Patos","< 2h"
"GEOM","13/2/2026","MA-SJP-O005M","Indisponibilidade","","08:00","13:40","05:40","0,70833325","PARCIAL","LINHA MORTA","São Joao dos Patos","4 a 6h"
"GEOM","9/3/2026","MA-SJP-O001M","Indisponibilidade","Eletricista em treinamento","08:00","16:28","08:28","1","TOTAL","LINHA MORTA","São Joao dos Patos","> 6h"
"GEOM","18/4/2026","MA-SJP-O005M","Indisponibilidade","CHECKLIST","08:20","08:28","00:08","0,016666625","PARCIAL","LINHA MORTA","São Joao dos Patos","< 2h"
"GEOM","2/2/2026","MA-SJP-O006M","Indisponibilidade","","08:00","18:00","10:00","1","PARCIAL","LINHA MORTA","São Joao dos Patos","> 6h"
"GEOM","12/2/2026","MA-SJP-O006M","Indisponibilidade","","08:00","18:00","10:00","1","TOTAL","LINHA MORTA","São Joao dos Patos","> 6h"
"GEOM","9/3/2026","MA-SJP-O005M","Indisponibilidade","CHECKLIST","16:00","17:00","01:00","0,125","PARCIAL","LINHA MORTA","São Joao dos Patos","< 2h"
"GEOM","2/3/2026","MA-SJP-O006M","Indisponibilidade","","10:00","20:00","10:00","1","TOTAL","LINHA MORTA","São Joao dos Patos","> 6h"
"GEOM","2/3/2026","MA-SJP-O006M","Indisponibilidade","","20:00","06:00","10:00","1","TOTAL","LINHA MORTA","São Joao dos Patos","> 6h"
"GEOM","8/4/2026","MA-SJP-V002M","Indisponibilidade","Interjornada","08:52","17:50","08:58","1","TOTAL","LINHA MORTA","São Joao dos Patos","> 6h"
"GEOM","28/4/2026","MA-SJP-O005M","Indisponibilidade","Problemas mecânicos","08:08","17:04","08:56","1","TOTAL","LINHA MORTA","São Joao dos Patos","> 6h"
"GEOM","13/2/2026","MA-SJP-O006M","Indisponibilidade","","08:00","17:00","09:00","1","TOTAL","LINHA MORTA","São Joao dos Patos","> 6h"
"GEOM","25/2/2026","MA-SJP-O006M","Indisponibilidade","","08:20","20:19","11:59","1","TOTAL","LINHA MORTA","São Joao dos Patos","> 6h"
"GSTC","3/8/2026","MA-TMO-L002M","Indisponibilidade","Problemas mecânicos","15:30","17:32","02:02","0,254166625","PARCIAL","LIGAÇÃO NOVA","Timon","2 a 4h"
"GSTC","4/8/2026","MA-TMO-E002M","Indisponibilidade","Problemas mecânicos","09:25","11:02","01:37","0,20208325","PARCIAL","PLANTÃO","Timon","< 2h"
"GSTC","23/7/2026","MA-TMO-E002M","Indisponibilidade","Eletricista em treinamento","10:00","12:20","02:20","0,291666625","PARCIAL","PLANTÃO","Timon","2 a 4h"
"GSTC","2/1/2026","MA-MTS-C001M","Indisponibilidade","Folga não registrada no calendário","11:45","21:45","10:00","1","TOTAL","LIGAÇÃO NOVA","Timon","> 6h"
"GSTC","1/7/2026","MA-TMO-E003M","Indisponibilidade","Problemas mecânicos","08:41","14:02","05:21","0,66875","PARCIAL","PLANTÃO","Timon","4 a 6h"
"GSTC","1/8/2026","MA-TMO-D002M","Indisponibilidade","Eletricista em treinamento","08:00","13:56","05:56","0,741666625","PARCIAL","SEED MONEY","Timon","4 a 6h"
"GSTC","25/5/2026","MA-TMO-E002M","Indisponibilidade","Problemas mecânicos","09:16","10:58","01:42","0,2125","PARCIAL","PLANTÃO","Timon","< 2h"
"GSTC","30/7/2026","MA-TMO-C001M","Indisponibilidade","Outros","08:00","14:35","06:35","0,822916625","PARCIAL","CORTE E RELIGAÇÃO","Timon","> 6h"
"GSTC","17/8/2026","MA-TMO-C001M","Indisponibilidade","Eletricista com problema particular","14:00","17:43","03:43","0,46458325","PARCIAL","CORTE E RELIGAÇÃO","Timon","2 a 4h"
"GSTC","19/8/2026","MA-TMO-H001M","Indisponibilidade","Eletricista de atestado","08:00","14:18","06:18","0,7875","PARCIAL","CORTE E RELIGAÇÃO","Timon","> 6h"
"GSTC","13/5/2026","MA-TMO-M001M","Indisponibilidade","Problemas mecânicos","10:45","10:45","00:00","0","PARCIAL","LIGAÇÃO NOVA","Timon","< 2h"
"GSTC","14/5/2026","MA-TMO-E002M","Indisponibilidade","CHECKLIST","18:11","02:11","08:00","1","PARCIAL","PLANTÃO","Timon","> 6h"
"GSTC","7/8/2026","MA-TMO-E001M","Indisponibilidade","CHECKLIST","07:03","07:23","00:20","0,041666625","PARCIAL","PLANTÃO","Timon","< 2h"
"GSTC","8/8/2026","MA-TMO-C001M","Indisponibilidade","Eletricista em treinamento","09:35","19:26","09:51","1","TOTAL","CORTE E RELIGAÇÃO","Timon","> 6h"
"GSTC","10/6/2026","MA-TMO-H001M","Indisponibilidade","Problemas mecânicos","08:40","14:20","05:40","0,70833325","PARCIAL","CORTE E RELIGAÇÃO","Timon","4 a 6h"
"GSTC","15/4/2026","MA-TMO-M001M","Indisponibilidade","Problemas mecânicos","08:00","15:16","07:16","0,90833325","PARCIAL","LIGAÇÃO NOVA","Timon","> 6h"
"GSTC","28/4/2026","MA-TMO-D003M","Indisponibilidade","Problemas mecânicos","08:00","18:00","10:00","1","TOTAL","SEED MONEY","Timon","> 6h"
"GSTC","19/5/2026","MA-TMO-E001M","Indisponibilidade","Problemas mecânicos","07:00","14:57","07:57","0,99375","TOTAL","PLANTÃO","Timon","> 6h"
"GSTC","7/8/2026","MA-TMO-M001M","Indisponibilidade","Outros","14:33","08:03","17:30","1","PARCIAL","LIGAÇÃO NOVA","Timon","> 6h"
"GEOM","21/5/2026","MA-CHA-V002M","Indisponibilidade","CHECKLIST","17:44","17:48","00:04","0,00833325","PARCIAL","LINHA MORTA","Chapadinha","< 2h"
"GEOM","21/5/2026","MA-CHA-V002M","Indisponibilidade","CHECKLIST","17:29","17:44","00:15","0,03125","PARCIAL","LINHA MORTA","Chapadinha","< 2h"
"GEOM","10/7/2026","MA-CHA-V002M","Indisponibilidade","Interjornada","08:00","10:09","02:09","0,26875","PARCIAL","LINHA MORTA","Chapadinha","2 a 4h"
"GEOM","22/7/2026","MA-CHA-O003M","Indisponibilidade","Eletricista em treinamento","08:07","18:00","09:53","1","TOTAL","LINHA MORTA","Chapadinha","> 6h"
"GEOM","12/9/2026","MA-CHA-V002M","Indisponibilidade","CHECKLIST","07:32","08:35","01:03","0,13125","PARCIAL","LINHA MORTA","Chapadinha","< 2h"
"GEOM","12/9/2026","MA-CHA-V002M","Indisponibilidade","CHECKLIST","08:57","10:34","01:37","0,20208325","PARCIAL","LINHA MORTA","Chapadinha","< 2h"
"GEOM","12/9/2026","MA-CHA-V002M","Indisponibilidade","CHECKLIST","11:14","11:16","00:02","0,004166625","PARCIAL","LINHA MORTA","Chapadinha","< 2h"
"GEOM","12/9/2026","MA-CHA-V002M","Indisponibilidade","CHECKLIST","11:54","13:55","02:01","0,25208325","PARCIAL","LINHA MORTA","Chapadinha","2 a 4h"
"GEOM","29/7/2026","MA-CHA-O003M","Indisponibilidade","CHECKLIST","07:16","07:28","00:12","0,025","PARCIAL","LINHA MORTA","Chapadinha","< 2h"
"GEOM","29/7/2026","MA-CHA-O003M","Indisponibilidade","CHECKLIST","07:33","07:33","00:00","0","PARCIAL","LINHA MORTA","Chapadinha","< 2h"
"GEOM","29/7/2026","MA-CHA-O003M","Indisponibilidade","CHECKLIST","07:36","07:36","00:00","0","PARCIAL","LINHA MORTA","Chapadinha","< 2h"
"GEOM","29/7/2026","MA-CHA-O003M","Indisponibilidade","CHECKLIST","09:16","09:19","00:03","0,00625","PARCIAL","LINHA MORTA","Chapadinha","< 2h"
"GEOM","20/6/2026","MA-CHA-V002M","Indisponibilidade","CHECKLIST","07:26","09:04","01:38","0,204166625","PARCIAL","LINHA MORTA","Chapadinha","< 2h"
"GEOM","20/6/2026","MA-CHA-V002M","Indisponibilidade","CHECKLIST","09:04","09:06","00:02","0,004166625","PARCIAL","LINHA MORTA","Chapadinha","< 2h"
"GEOM","13/7/2026","MA-CHA-O003M","Indisponibilidade","CHECKLIST","07:45","07:55","00:10","0,02083325","PARCIAL","LINHA MORTA","Chapadinha","< 2h"
"GEOM","13/7/2026","MA-CHA-O003M","Indisponibilidade","CHECKLIST","11:49","14:41","02:52","0,35833325","PARCIAL","LINHA MORTA","Chapadinha","2 a 4h"
"GEOM","13/7/2026","MA-CHA-O003M","Indisponibilidade","CHECKLIST","14:41","14:43","00:02","0,004166625","PARCIAL","LINHA MORTA","Chapadinha","< 2h"
"GEOM","13/7/2026","MA-CHA-O003M","Indisponibilidade","CHECKLIST","16:01","16:29","00:28","0,05833325","PARCIAL","LINHA MORTA","Chapadinha","< 2h"
"GEOM","13/7/2026","MA-CHA-O003M","Indisponibilidade","CHECKLIST","16:51","16:53","00:02","0,004166625","PARCIAL","LINHA MORTA","Chapadinha","< 2h"
"GSTC","2/5/2026","MA-CAX-C001M","Indisponibilidade","CHECKLIST","09:02","09:05","00:03","0,00625","PARCIAL","CORTE E RELIGAÇÃO","Caxias","< 2h"
"GSTC","4/5/2026","MA-CAX-M002M","Indisponibilidade","Problemas mecânicos","09:38","09:38","00:00","0","PARCIAL","PLANTÃO","Caxias","< 2h"
"GSTC","7/5/2026","MA-CAX-D001M","Indisponibilidade","Interjornada","08:00","14:00","06:00","0,75","TOTAL","SEED MONEY","Caxias","> 6h"
"GSTC","10/8/2026","MA-CAX-D001M","Indisponibilidade","Outros","08:41","20:41","12:00","1","TOTAL","SEED MONEY","Caxias","> 6h"
"GSTC","11/8/2026","MA-CAX-E002M","Indisponibilidade","Outros","09:05","10:33","01:28","0,18333325","PARCIAL","PLANTÃO","Caxias","< 2h"
"GSTC","4/2/2026","MA-ADA-E001M","Indisponibilidade","Problemas mecânicos","09:33","21:33","12:00","1","TOTAL","PLANTÃO","Caxias","> 6h"
"GSTC","10/2/2026","MA-CAX-D002M","Indisponibilidade","Problemas mecânicos","09:59","10:33","00:34","0,07083325","PARCIAL","SEED MONEY","Caxias","< 2h"
"GSTC","26/2/2026","MA-SJS-E001M","Indisponibilidade","Problemas mecânicos","08:19","15:21","07:02","0,879166625","PARCIAL","LIGAÇÃO NOVA","Caxias","> 6h"
"GSTC","5/5/2026","MA-SJS-E001M","Indisponibilidade","Problemas mecânicos","13:53","13:54","00:01","0,00208325","PARCIAL","LIGAÇÃO NOVA","Caxias","< 2h"
"GSTC","11/9/2026","MA-CAX-H001M","Indisponibilidade","Problemas mecânicos","16:05","18:00","01:55","0,23958325","PARCIAL","CORTE E RELIGAÇÃO","Caxias","< 2h"
"GSTC","16/5/2026","MA-CAX-C001M","Indisponibilidade","CHECKLIST","08:29","08:31","00:02","0,004166625","PARCIAL","CORTE E RELIGAÇÃO","Caxias","< 2h"
"GSTC","9/9/2026","MA-CAX-E001T","Indisponibilidade","Outros","16:39","16:39","00:00","0","PARCIAL","PLANTÃO","Caxias","< 2h"
"GSTC","14/9/2026","MA-CAX-M003M","Indisponibilidade","Problemas mecânicos","09:54","11:19","01:25","0,17708325","PARCIAL","PLANTÃO","Caxias","< 2h"
"GSTC","25/3/2026","MA-SJS-E001M","Indisponibilidade","Interjornada","08:03","10:25","02:22","0,29583325","PARCIAL","LIGAÇÃO NOVA","Caxias","2 a 4h"
"GSTC","25/3/2026","MA-SJS-E001M","Indisponibilidade","CHECKLIST","10:25","10:29","00:04","0,00833325","PARCIAL","LIGAÇÃO NOVA","Caxias","< 2h"
"GSTC","27/3/2026","MA-CAX-C001M","Indisponibilidade","Eletricista em treinamento","09:09","09:10","00:01","0,00208325","PARCIAL","CORTE E RELIGAÇÃO","Caxias","< 2h"
"GSTC","29/3/2026","MA-CAX-E001T","Indisponibilidade","CHECKLIST","16:38","16:39","00:01","0,00208325","PARCIAL","PLANTÃO","Caxias","< 2h"
"GSTC","4/9/2026","MA-CAX-D001M","Indisponibilidade","Eletricista de atestado","08:09","17:18","09:09","1","PARCIAL","SEED MONEY","Caxias","> 6h"
"GSTC","14/7/2026","MA-CAX-H001M","Indisponibilidade","Eletricista em treinamento","07:51","08:44","00:53","0,110416625","PARCIAL","CORTE E RELIGAÇÃO","Caxias","< 2h"
"GSTC","30/7/2026","MA-MTS-C001M","Indisponibilidade","Eletricista de atestado","08:12","08:56","00:44","0,091666625","PARCIAL","LIGAÇÃO NOVA","Timon","< 2h"
"GSTC","3/9/2026","MA-PNM-E001M","Indisponibilidade","Eletricista de atestado","08:58","20:57","11:59","1","TOTAL","PLANTÃO","Timon","> 6h"
"GSTC","22/7/2026","MA-SFM-E001M","Indisponibilidade","Interjornada","08:30","10:37","02:07","0,26458325","PARCIAL","PLANTÃO","Timon","2 a 4h"
"GSTC","25/7/2026","MA-SFM-E001M","Indisponibilidade","Interjornada","08:00","18:33","10:33","1","TOTAL","PLANTÃO","Timon","> 6h"
"GSTC","16/9/2026","MA-SFM-E001M","Indisponibilidade","Problemas mecânicos","09:54","09:54","00:00","0","PARCIAL","PLANTÃO","Timon","< 2h"
"GSTC","27/7/2026","MA-SFM-E001M","Indisponibilidade","Problemas mecânicos","08:00","16:55","08:55","1","PARCIAL","PLANTÃO","Timon","> 6h"
"GSTC","12/9/2026","MA-SFM-E001M","Indisponibilidade","Problemas mecânicos","08:00","18:00","10:00","1","TOTAL","PLANTÃO","Timon","> 6h"
"GSTC","17/8/2026","MA-MTS-C001M","Indisponibilidade","Outros","08:42","14:58","06:16","0,78333325","PARCIAL","LIGAÇÃO NOVA","Timon","> 6h"
"GSTC","10/9/2026","MA-SFM-E001M","Indisponibilidade","Problemas mecânicos","08:00","18:00","10:00","1","TOTAL","PLANTÃO","Timon","> 6h"
"GSTC","15/9/2026","MA-PNM-E001M","Indisponibilidade","Eletricista em treinamento","08:00","18:00","10:00","1","TOTAL","PLANTÃO","Timon","> 6h"
"GSTC","11/9/2026","MA-SFM-E001M","Indisponibilidade","Problemas mecânicos","10:13","20:13","10:00","1","TOTAL","PLANTÃO","Timon","> 6h"
"GSTC","11/6/2026","MA-SFM-E001M","Indisponibilidade","Problemas mecânicos","08:00","09:11","01:11","0,147916625","PARCIAL","PLANTÃO","Timon","< 2h"
"GSTC","22/7/2026","MA-MTS-E001M","Indisponibilidade","Outros","12:26","13:23","00:57","0,11875","PARCIAL","PLANTÃO","Timon","< 2h"
"GSTC","1/9/2026","MA-PNM-E001M","Indisponibilidade","Outros","14:00","20:45","06:45","0,84375","PARCIAL","PLANTÃO","Timon","> 6h"
"GSTC","14/9/2026","MA-PNM-E001M","Indisponibilidade","Outros","08:02","13:02","05:00","0,625","PARCIAL","PLANTÃO","Timon","4 a 6h"
"GSTC","19/6/2026","MA-SFM-E001M","Indisponibilidade","Problemas mecânicos","09:52","12:34","02:42","0,3375","PARCIAL","PLANTÃO","Timon","2 a 4h"
"GSTC","28/8/2026","MA-MTS-C001M","Indisponibilidade","Eletricista de atestado","08:51","20:51","12:00","1","TOTAL","LIGAÇÃO NOVA","Timon","> 6h"
"GSTC","15/9/2026","MA-SFM-E001M","Indisponibilidade","Problemas mecânicos","08:00","18:36","10:36","1","PARCIAL","PLANTÃO","Timon","> 6h"
"GSTC","10/8/2026","MA-MTS-C001M","Indisponibilidade","Problemas mecânicos","07:53","13:18","05:25","0,67708325","PARCIAL","LIGAÇÃO NOVA","Timon","4 a 6h"
"GSTC","14/9/2026","MA-SFM-E001M","Indisponibilidade","Outros","08:03","13:03","05:00","0,625","PARCIAL","PLANTÃO","Timon","4 a 6h"
"GSTC","4/2/2026","MA-COE-E003M","Indisponibilidade","Problemas mecânicos","08:00","16:17","08:17","1","PARCIAL","PLANTÃO","Chapadinha","> 6h"
"GSTC","19/2/2026","MA-COE-E001M","Indisponibilidade","CHECKLIST","07:59","08:06","00:07","0,01458325","PARCIAL","PLANTÃO","Chapadinha","< 2h"
"GSTC","5/6/2026","MA-COE-E001M","Indisponibilidade","Problemas mecânicos","08:55","15:59","07:04","0,88333325","TOTAL","PLANTÃO","Chapadinha","> 6h"
"GSTC","7/9/2026","MA-COE-E001M","Indisponibilidade","Problemas mecânicos","08:33","19:33","11:00","1","TOTAL","PLANTÃO","Chapadinha","> 6h"
"GSTC","2/9/2026","MA-BJO-E001T","Indisponibilidade","Outros","15:00","19:31","04:31","0,56458325","PARCIAL","PLANTÃO","Chapadinha","4 a 6h"
"GSTC","27/6/2026","MA-COE-E001M","Indisponibilidade","Problemas mecânicos","08:06","09:20","01:14","0,154166625","PARCIAL","PLANTÃO","Chapadinha","< 2h"
"GSTC","8/8/2026","MA-COE-E002M","Indisponibilidade","Problemas mecânicos","09:34","09:54","00:20","0,041666625","PARCIAL","PLANTÃO","Chapadinha","< 2h"
"GSTC","10/2/2026","MA-SQA-M001M","Indisponibilidade","Problemas mecânicos","08:01","11:50","03:49","0,47708325","PARCIAL","LIGAÇÃO NOVA","Chapadinha","2 a 4h"
"GSTC","21/2/2026","MA-COE-E003M","Indisponibilidade","Atrasado","07:41","12:50","05:09","0,64375","PARCIAL","PLANTÃO","Chapadinha","4 a 6h"
"GSTC","22/2/2026","MA-BJO-E001T","Indisponibilidade","Problemas mecânicos","16:24","00:33","08:09","1","PARCIAL","PLANTÃO","Chapadinha","> 6h"
"GSTC","13/8/2026","MA-COE-E003M","Indisponibilidade","Problemas mecânicos","08:01","10:27","02:26","0,304166625","PARCIAL","PLANTÃO","Chapadinha","2 a 4h"
"GSTC","18/2/2026","MA-COE-E001M","Indisponibilidade","CHECKLIST","08:04","08:11","00:07","0,01458325","PARCIAL","PLANTÃO","Chapadinha","< 2h"
"GSTC","18/2/2026","MA-COE-E001M","Indisponibilidade","CHECKLIST","08:15","08:17","00:02","0,004166625","PARCIAL","PLANTÃO","Chapadinha","< 2h"
"GSTC","10/9/2026","MA-BJO-E001T","Indisponibilidade","Problemas mecânicos","15:11","17:50","02:39","0,33125","PARCIAL","PLANTÃO","Chapadinha","2 a 4h"
"GSTC","11/6/2026","MA-SQA-M001M","Indisponibilidade","Outros","08:00","18:00","10:00","1","TOTAL","LIGAÇÃO NOVA","Chapadinha","> 6h"
"GSTC","12/6/2026","MA-SQA-M001M","Indisponibilidade","Problemas mecânicos","07:49","14:49","07:00","0,875","TOTAL","LIGAÇÃO NOVA","Chapadinha","> 6h"
"GSTC","15/6/2026","MA-COE-E003M","Indisponibilidade","Problemas mecânicos","08:14","19:54","11:40","1","PARCIAL","PLANTÃO","Chapadinha","> 6h"
"GSTC","15/8/2026","MA-SQA-M001M","Indisponibilidade","CHECKLIST","07:57","08:08","00:11","0,022916625","PARCIAL","LIGAÇÃO NOVA","Chapadinha","< 2h"
"GSTC","29/6/2026","MA-COE-E003M","Indisponibilidade","Problemas mecânicos","07:49","16:52","09:03","1","PARCIAL","PLANTÃO","Chapadinha","> 6h"
"GSTC","26/6/2026","MA-CAX-H001M","Indisponibilidade","Eletricista de atestado","08:07","20:07","12:00","1","TOTAL","CORTE E RELIGAÇÃO","Caxias","> 6h"
"GSTC","30/1/2026","MA-SJS-E001M","Indisponibilidade","Interjornada","08:00","09:05","01:05","0,135416625","PARCIAL","LIGAÇÃO NOVA","Caxias","< 2h"
"GSTC","13/2/2026","MA-CAX-D001M","Indisponibilidade","Problemas mecânicos","08:29","20:29","12:00","1","TOTAL","SEED MONEY","Caxias","> 6h"
"GSTC","22/2/2026","MA-CAX-E002T","Indisponibilidade","Eletricista de atestado","15:00","23:00","08:00","1","TOTAL","PLANTÃO","Caxias","> 6h"
"GSTC","27/2/2026","MA-CAX-D001M","Indisponibilidade","Eletricista de atestado","08:00","20:00","12:00","1","TOTAL","SEED MONEY","Caxias","> 6h"
"GSTC","19/9/2026","MA-CAX-D002M","Indisponibilidade","Eletricista em treinamento","08:41","13:52","05:11","0,647916625","PARCIAL","SEED MONEY","Caxias","4 a 6h"
"GSTC","15/7/2026","MA-CAX-M003M","Indisponibilidade","Eletricista em treinamento","07:45","09:31","01:46","0,22083325","PARCIAL","PLANTÃO","Caxias","< 2h"
"GSTC","2/4/2026","MA-CAX-D001M","Indisponibilidade","Problemas mecânicos","08:34","17:59","09:25","1","TOTAL","SEED MONEY","Caxias","> 6h"
"GSTC","27/8/2026","MA-CAX-D002M","Indisponibilidade","Problemas mecânicos","09:39","12:36","02:57","0,36875","PARCIAL","SEED MONEY","Caxias","2 a 4h"
"GSTC","3/9/2026","MA-CAX-M002M","Indisponibilidade","Problemas mecânicos","09:23","09:24","00:01","0,00208325","PARCIAL","PLANTÃO","Caxias","< 2h"
"GSTC","28/9/2026","MA-SJS-E001M","Indisponibilidade","Problemas mecânicos","09:31","14:02","04:31","0,56458325","PARCIAL","LIGAÇÃO NOVA","Caxias","4 a 6h"
"GSTC","29/9/2026","MA-CAX-E002M","Indisponibilidade","Problemas mecânicos","08:05","17:42","09:37","1","TOTAL","PLANTÃO","Caxias","> 6h"
"GSTC","2/10/2026","MA-CAX-E001M","Indisponibilidade","CHECKLIST","06:57","07:08","00:11","0,022916625","PARCIAL","PLANTÃO","Caxias","< 2h"
"GSTC","15/7/2026","MA-CAX-M002M","Indisponibilidade","Eletricista em treinamento","07:41","09:15","01:34","0,19583325","PARCIAL","PLANTÃO","Caxias","< 2h"
"GSTC","21/1/2026","MA-CAX-M002M","Indisponibilidade","Interjornada","08:25","11:28","03:03","0,38125","PARCIAL","PLANTÃO","Caxias","2 a 4h"
"GSTC","18/9/2026","MA-CAX-D001M","Indisponibilidade","Eletricista em treinamento","08:00","14:29","06:29","0,810416625","PARCIAL","SEED MONEY","Caxias","> 6h"
"GSTC","31/3/2026","MA-COD-M001M","Indisponibilidade","Blitz de segurança","07:45","11:06","03:21","0,41875","PARCIAL","LIGAÇÃO NOVA","Caxias","2 a 4h"
"GSTC","1/4/2026","MA-CAX-D001M","Indisponibilidade","Problemas mecânicos","08:03","18:03","10:00","1","TOTAL","SEED MONEY","Caxias","> 6h"
"GSTC","26/8/2026","MA-CAX-D002M","Indisponibilidade","Problemas mecânicos","16:13","17:59","01:46","0,22083325","PARCIAL","SEED MONEY","Caxias","< 2h"
"GSTC","31/5/2026","MA-ANA-M001M","Indisponibilidade","Eletricista de atestado","15:41","17:53","02:12","0,275","PARCIAL","LIGAÇÃO NOVA","Chapadinha","2 a 4h"
"GSTC","27/5/2026","MA-CHA-D001M","Indisponibilidade","Outros","12:37","13:45","01:08","0,141666625","PARCIAL","SEED MONEY","Chapadinha","< 2h"
"GSTC","13/5/2026","MA-CHA-D001M","Indisponibilidade","Problemas mecânicos","08:00","18:00","10:00","1","PARCIAL","SEED MONEY","Chapadinha","> 6h"
"GSTC","25/3/2026","MA-SQA-M001M","Indisponibilidade","Problemas mecânicos","08:03","08:11","00:08","0,016666625","PARCIAL","LIGAÇÃO NOVA","Chapadinha","< 2h"
"GSTC","27/3/2026","MA-CHA-C004M","Indisponibilidade","Problemas mecânicos","10:55","18:00","07:05","0,885416625","PARCIAL","CORTE E RELIGAÇÃO","Chapadinha","> 6h"
"GSTC","29/5/2026","MA-CHA-E002M","Indisponibilidade","Eletricista em treinamento","08:00","09:06","01:06","0,1375","PARCIAL","PLANTÃO","Chapadinha","< 2h"
"GSTC","27/5/2026","MA-COE-E001M","Indisponibilidade","Problemas mecânicos","07:20","09:57","02:37","0,32708325","PARCIAL","PLANTÃO","Chapadinha","2 a 4h"
"GSTC","3/3/2026","MA-CHA-E001M","Indisponibilidade","CHECKLIST","08:15","08:26","00:11","0,022916625","PARCIAL","PLANTÃO","Chapadinha","< 2h"
"GSTC","4/3/2026","MA-CHA-M002M","Indisponibilidade","Problemas mecânicos","08:29","20:29","12:00","1","TOTAL","PLANTÃO","Chapadinha","> 6h"
"GSTC","29/4/2026","MA-UBS-M001M","Indisponibilidade","Eletricista de atestado","08:00","10:11","02:11","0,272916625","PARCIAL","PLANTÃO","Chapadinha","2 a 4h"
"GSTC","1/5/2026","MA-CHA-M002M","Indisponibilidade","Problemas mecânicos","10:52","18:52","08:00","1","TOTAL","PLANTÃO","Chapadinha","> 6h"
"GSTC","4/5/2026","MA-CHA-D001M","Indisponibilidade","Problemas mecânicos","08:00","20:00","12:00","1","TOTAL","SEED MONEY","Chapadinha","> 6h"
"GSTC","4/5/2026","MA-COE-E001M","Indisponibilidade","Problemas mecânicos","11:49","11:49","00:00","0","PARCIAL","PLANTÃO","Chapadinha","< 2h"
"GSTC","5/5/2026","MA-CHA-C003M","Indisponibilidade","Atrasado","14:21","15:51","01:30","0,1875","PARCIAL","CORTE E RELIGAÇÃO","Chapadinha","< 2h"
"GSTC","15/5/2026","MA-ANA-M001M","Indisponibilidade","Atrasado","08:00","16:38","08:38","1","PARCIAL","LIGAÇÃO NOVA","Chapadinha","> 6h"
"GSTC","23/4/2026","MA-TMB-E001M","Indisponibilidade","Problemas mecânicos","08:41","14:51","06:10","0,77083325","PARCIAL","PLANTÃO","Caxias","> 6h"
"GSTC","26/3/2026","MA-CAX-D002M","Indisponibilidade","Outros","08:28","18:20","09:52","1","TOTAL","SEED MONEY","Caxias","> 6h"
"GSTC","7/4/2026","MA-COD-E002M","Indisponibilidade","Outros","09:21","18:21","09:00","1","TOTAL","PLANTÃO","Caxias","> 6h"
"GSTC","27/4/2026","MA-TMB-E001M","Indisponibilidade","Problemas mecânicos","08:19","11:13","02:54","0,3625","PARCIAL","PLANTÃO","Caxias","2 a 4h"
"GSTC","13/7/2026","MA-CAX-E002M","Indisponibilidade","Problemas mecânicos","09:35","09:36","00:01","0,00208325","PARCIAL","PLANTÃO","Caxias","< 2h"
"GSTC","15/7/2026","MA-CAX-E002M","Indisponibilidade","Eletricista em treinamento","07:39","09:31","01:52","0,23333325","PARCIAL","PLANTÃO","Caxias","< 2h"
"GSTC","20/1/2026","MA-CAX-M001M","Indisponibilidade","CHECKLIST","08:02","08:49","00:47","0,097916625","PARCIAL","LIGAÇÃO NOVA","Caxias","< 2h"
"GSTC","20/1/2026","MA-SJS-E001M","Indisponibilidade","Problemas mecânicos","11:59","14:41","02:42","0,3375","PARCIAL","LIGAÇÃO NOVA","Caxias","2 a 4h"
"GSTC","27/1/2026","MA-CAX-D001M","Indisponibilidade","Interjornada","14:11","14:11","00:00","0","PARCIAL","SEED MONEY","Caxias","< 2h"
"GSTC","29/1/2026","MA-CAX-M002M","Indisponibilidade","Interjornada","08:00","14:49","06:49","0,85208325","PARCIAL","PLANTÃO","Caxias","> 6h"
"GSTC","3/6/2026","MA-SJS-E001M","Indisponibilidade","Outros","08:37","09:07","00:30","0,0625","PARCIAL","LIGAÇÃO NOVA","Caxias","< 2h"
"GSTC","26/8/2026","MA-CAX-E002M","Indisponibilidade","Eletricista em treinamento","08:57","08:57","00:00","0","PARCIAL","PLANTÃO","Caxias","< 2h"
"GSTC","26/9/2026","MA-CAX-M001M","Indisponibilidade","Eletricista com problema particular","15:51","15:54","00:03","0,00625","PARCIAL","LIGAÇÃO NOVA","Caxias","< 2h"
"GSTC","18/5/2026","MA-CAX-E002M","Indisponibilidade","Problemas mecânicos","09:37","15:37","06:00","0,75","PARCIAL","PLANTÃO","Caxias","> 6h"
"GSTC","18/5/2026","MA-CAX-E002M","Indisponibilidade","Atrasado","08:37","09:01","00:24","0,05","PARCIAL","PLANTÃO","Caxias","< 2h"
"GSTC","19/1/2026","MA-CAX-M001M","Indisponibilidade","Problemas mecânicos","14:58","18:22","03:24","0,425","PARCIAL","LIGAÇÃO NOVA","Caxias","2 a 4h"
"GSTC","24/1/2026","MA-CAX-E001T","Indisponibilidade","CHECKLIST","01:06","01:07","00:01","0,00208325","PARCIAL","PLANTÃO","Caxias","< 2h"
"GSTC","26/1/2026","MA-CAX-D001M","Indisponibilidade","Outros","08:27","21:03","12:36","1","TOTAL","SEED MONEY","Caxias","> 6h"
"GSTC","8/6/2026","MA-CAX-H001M","Indisponibilidade","Eletricista de atestado","07:46","19:46","12:00","1","TOTAL","CORTE E RELIGAÇÃO","Caxias","> 6h"
"GSTC","5/3/2026","MA-CAX-L001M","Indisponibilidade","Interjornada","07:59","11:23","03:24","0,425","PARCIAL","LIGAÇÃO NOVA","Caxias","2 a 4h"
"GSTC","15/4/2026","MA-SJS-E001M","Indisponibilidade","Outros","07:51","18:51","11:00","1","TOTAL","LIGAÇÃO NOVA","Caxias","> 6h"
"GSTC","28/4/2026","MA-CAX-D001M","Indisponibilidade","Eletricista em treinamento","09:00","21:00","12:00","1","TOTAL","SEED MONEY","Caxias","> 6h"
"GSTC","18/5/2026","MA-CAX-C001M","Indisponibilidade","CHECKLIST","08:18","08:20","00:02","0,004166625","PARCIAL","CORTE E RELIGAÇÃO","Caxias","< 2h"
"GSTC","18/5/2026","MA-CAX-C001M","Indisponibilidade","CHECKLIST","08:24","08:25","00:01","0,00208325","PARCIAL","CORTE E RELIGAÇÃO","Caxias","< 2h"
"GSTC","20/7/2026","MA-CAX-H001M","Indisponibilidade","Eletricista de atestado","10:40","20:49","10:09","1","PARCIAL","CORTE E RELIGAÇÃO","Caxias","> 6h"
"GSTC","23/7/2026","MA-SJS-E001M","Indisponibilidade","Problemas mecânicos","09:26","11:32","02:06","0,2625","PARCIAL","LIGAÇÃO NOVA","Caxias","2 a 4h"
"GSTC","4/7/2026","MA-CAX-E001M","Indisponibilidade","Problemas mecânicos","07:00","08:12","01:12","0,15","PARCIAL","PLANTÃO","Caxias","< 2h"
"GSTC","12/1/2026","MA-CAX-E002M","Indisponibilidade","CHECKLIST","08:36","10:40","02:04","0,25833325","PARCIAL","PLANTÃO","Caxias","2 a 4h"
"GSTC","16/1/2026","MA-CAX-D001M","Indisponibilidade","Problemas mecânicos","14:00","02:00","12:00","1","TOTAL","SEED MONEY","Caxias","> 6h"
"GSTC","29/1/2026","MA-SJS-E001M","Indisponibilidade","Interjornada","08:00","13:28","05:28","0,68333325","PARCIAL","LIGAÇÃO NOVA","Caxias","4 a 6h"
"GSTC","25/8/2026","MA-CAX-H001M","Indisponibilidade","Eletricista de atestado","08:00","21:19","13:19","1","TOTAL","CORTE E RELIGAÇÃO","Caxias","> 6h"
"GSTC","3/6/2026","MA-CAX-D001M","Indisponibilidade","Eletricista de atestado","08:19","14:51","06:32","0,816666625","PARCIAL","SEED MONEY","Caxias","> 6h"
"GSTC","5/6/2026","MA-CAX-D002M","Indisponibilidade","Eletricista de atestado","08:22","09:15","00:53","0,110416625","PARCIAL","SEED MONEY","Caxias","< 2h"
"GSTC","8/6/2026","MA-CAX-E002M","Indisponibilidade","Problemas mecânicos","08:29","11:59","03:30","0,4375","PARCIAL","PLANTÃO","Caxias","2 a 4h"
"GSTC","19/5/2026","MA-CAX-H001M","Indisponibilidade","Eletricista em treinamento","08:53","09:30","00:37","0,07708325","TOTAL","CORTE E RELIGAÇÃO","Caxias","< 2h"
"GSTC","19/5/2026","MA-CAX-D002M","Indisponibilidade","Eletricista em treinamento","08:41","08:52","00:11","0,022916625","PARCIAL","SEED MONEY","Caxias","< 2h"
"GSTC","19/5/2026","MA-CAX-D002M","Indisponibilidade","Eletricista com problema particular","09:04","19:31","10:27","1","PARCIAL","SEED MONEY","Caxias","> 6h"
"GSTC","4/7/2026","MA-CAX-M002M","Indisponibilidade","CHECKLIST","08:14","08:22","00:08","0,016666625","PARCIAL","PLANTÃO","Caxias","< 2h"
"GSTC","11/3/2026","MA-CAX-M002M","Indisponibilidade","Interjornada","08:14","11:10","02:56","0,366666625","PARCIAL","PLANTÃO","Caxias","2 a 4h"
"GSTC","17/3/2026","MA-CAX-C001M","Indisponibilidade","Problemas mecânicos","07:41","19:41","12:00","1","TOTAL","CORTE E RELIGAÇÃO","Caxias","> 6h"
"GSTC","25/5/2026","MA-CAX-M002M","Indisponibilidade","Outros","18:50","18:50","00:00","0","PARCIAL","PLANTÃO","Caxias","< 2h"
"GSTC","18/8/2026","MA-CAX-H001M","Indisponibilidade","Eletricista de atestado","09:05","18:02","08:57","1","TOTAL","CORTE E RELIGAÇÃO","Caxias","> 6h"
"GSTC","30/1/2026","MA-COE-E003M","Indisponibilidade","CHECKLIST","09:34","09:50","00:16","0,03333325","PARCIAL","PLANTÃO","Chapadinha","< 2h"
"GSTC","21/6/2026","MA-COE-E003M","Indisponibilidade","Problemas mecânicos","13:59","19:48","05:49","0,72708325","PARCIAL","PLANTÃO","Chapadinha","4 a 6h"
"GSTC","16/2/2026","MA-COE-E001M","Indisponibilidade","Problemas mecânicos","12:06","12:06","00:00","0","PARCIAL","PLANTÃO","Chapadinha","< 2h"
"GSTC","20/2/2026","MA-BJO-E001M","Indisponibilidade","Problemas mecânicos","08:00","15:29","07:29","0,935416625","TOTAL","PLANTÃO","Chapadinha","> 6h"
"GSTC","7/8/2026","MA-COE-E002M","Indisponibilidade","Problemas mecânicos","16:03","17:54","01:51","0,23125","PARCIAL","PLANTÃO","Chapadinha","< 2h"
"GSTC","26/6/2026","MA-COE-E001M","Indisponibilidade","Problemas mecânicos","09:41","09:49","00:08","0,016666625","PARCIAL","PLANTÃO","Chapadinha","< 2h"
"GSTC","26/6/2026","MA-COE-E001M","Indisponibilidade","Problemas mecânicos","09:49","09:51","00:02","0,004166625","PARCIAL","PLANTÃO","Chapadinha","< 2h"
"GSTC","20/2/2026","MA-COE-E003M","Indisponibilidade","Problemas mecânicos","08:00","13:57","05:57","0,74375","PARCIAL","PLANTÃO","Chapadinha","4 a 6h"
"GSTC","10/9/2026","MA-COE-E001M","Indisponibilidade","Problemas mecânicos","08:00","11:29","03:29","0,435416625","PARCIAL","PLANTÃO","Chapadinha","2 a 4h"
"GSTC","19/8/2026","MA-COE-E001T","Indisponibilidade","CHECKLIST","16:16","16:20","00:04","0,00833325","PARCIAL","PLANTÃO","Chapadinha","< 2h"
"GSTC","3/5/2026","MA-COE-E001T","Indisponibilidade","CHECKLIST","16:18","16:26","00:08","0,016666625","PARCIAL","PLANTÃO","Chapadinha","< 2h"
"GSTC","22/6/2026","MA-COE-E003M","Indisponibilidade","Problemas mecânicos","16:11","16:15","00:04","0,00833325","PARCIAL","PLANTÃO","Chapadinha","< 2h"
"GSTC","4/2/2026","MA-SQA-M001M","Indisponibilidade","Problemas mecânicos","08:15","16:20","08:05","1","PARCIAL","LIGAÇÃO NOVA","Chapadinha","> 6h"
"GSTC","25/2/2026","MA-COE-E002M","Indisponibilidade","Problemas mecânicos","11:50","16:46","04:56","0,616666625","PARCIAL","PLANTÃO","Chapadinha","4 a 6h"
"GSTC","5/6/2026","MA-BJO-E001M","Indisponibilidade","Problemas mecânicos","10:39","11:12","00:33","0,06875","PARCIAL","PLANTÃO","Chapadinha","< 2h"
"GSTC","8/9/2026","MA-COE-E001M","Indisponibilidade","Problemas mecânicos","08:07","20:07","12:00","1","TOTAL","PLANTÃO","Chapadinha","> 6h"
"GSTC","9/9/2026","MA-COE-E002M","Indisponibilidade","Problemas mecânicos","08:00","10:29","02:29","0,310416625","PARCIAL","PLANTÃO","Chapadinha","2 a 4h"
"GSTC","25/9/2026","MA-COE-E001M","Indisponibilidade","Problemas mecânicos","09:51","14:52","05:01","0,62708325","PARCIAL","PLANTÃO","Chapadinha","4 a 6h"
"GSTC","2/10/2026","MA-COE-E001M","Indisponibilidade","Problemas mecânicos","11:43","11:44","00:01","0,00208325","PARCIAL","PLANTÃO","Chapadinha","< 2h"
"GEOM","2/10/2026","MA-SJP-O001M","Indisponibilidade","CHECKLIST","08:25","16:25","08:00","1","TOTAL","LINHA MORTA","São Joao dos Patos","> 6h"
"GEOM","4/3/2026","MA-SJP-O006M","Indisponibilidade","","10:00","20:00","10:00","1","TOTAL","LINHA MORTA","São Joao dos Patos","> 6h"
"GEOM","22/4/2026","MA-SJP-V002M","Indisponibilidade","Interjornada","09:09","11:22","02:13","0,27708325","PARCIAL","LINHA MORTA","São Joao dos Patos","2 a 4h"
"GEOM","5/3/2026","MA-SJP-O006M","Indisponibilidade","","10:00","20:00","10:00","1","TOTAL","LINHA MORTA","São Joao dos Patos","> 6h"
"GEOM","10/3/2026","MA-SJP-V002M","Indisponibilidade","Problemas mecânicos","08:00","12:00","04:00","0,5","TOTAL","LINHA MORTA","São Joao dos Patos","4 a 6h"
"GEOM","10/3/2026","MA-SJP-V002M","Indisponibilidade","Problemas mecânicos","12:00","17:36","05:36","0,7","TOTAL","LINHA MORTA","São Joao dos Patos","4 a 6h"
"GEOM","16/2/2026","MA-SJP-O006M","Indisponibilidade","","08:00","17:00","09:00","1","TOTAL","LINHA MORTA","São Joao dos Patos","> 6h"
"GEOM","31/1/2026","MA-SJP-O001M","Indisponibilidade","","12:13","18:13","06:00","0,75","PARCIAL","LINHA MORTA","São Joao dos Patos","> 6h"
"GEOM","11/2/2026","MA-SJP-O006M","Indisponibilidade","","08:00","18:00","10:00","1","PARCIAL","LINHA MORTA","São Joao dos Patos","> 6h"
"GEOM","7/3/2026","MA-SJP-O006M","Indisponibilidade","","08:00","18:00","10:00","1","TOTAL","LINHA MORTA","São Joao dos Patos","> 6h"
"GEOM","3/6/2026","MA-SJP-O005M","Indisponibilidade","Problemas mecânicos","08:12","16:12","08:00","1","TOTAL","LINHA MORTA","São Joao dos Patos","> 6h"
"GEOM","15/9/2026","MA-SJP-O001M","Indisponibilidade","Outros","13:56","19:01","05:05","0,635416625","TOTAL","LINHA MORTA","São Joao dos Patos","4 a 6h"
"GEOM","15/9/2026","MA-SJP-O001M","Indisponibilidade","Outros","07:55","12:19","04:24","0,55","TOTAL","LINHA MORTA","São Joao dos Patos","4 a 6h"
"GEOM","7/7/2026","MA-SJP-O005M","Indisponibilidade","Problemas mecânicos","07:54","17:36","09:42","1","TOTAL","LINHA MORTA","São Joao dos Patos","> 6h"
"GEOM","10/8/2026","MA-SJP-O001M","Indisponibilidade","Problemas mecânicos","08:06","11:03","02:57","0,36875","PARCIAL","LINHA MORTA","São Joao dos Patos","2 a 4h"
"GEOM","28/9/2026","MA-SJP-V002M","Indisponibilidade","Problemas mecânicos","09:28","10:03","00:35","0,072916625","TOTAL","LINHA MORTA","São Joao dos Patos","< 2h"
"GEOM","3/3/2026","MA-SJP-O006M","Indisponibilidade","","10:00","20:00","10:00","1","TOTAL","LINHA MORTA","São Joao dos Patos","> 6h"
"GSTC","31/7/2026","MA-TMO-E001T","Indisponibilidade","Eletricista de atestado","18:00","20:30","02:30","0,3125","PARCIAL","PLANTÃO","Timon","2 a 4h"
"GSTC","14/7/2026","MA-TMO-E002T","Indisponibilidade","Problemas mecânicos","16:58","16:59","00:01","0,00208325","PARCIAL","PLANTÃO","Timon","< 2h"
"GSTC","14/7/2026","MA-TMO-E002T","Indisponibilidade","Problemas mecânicos","17:00","17:56","00:56","0,116666625","PARCIAL","PLANTÃO","Timon","< 2h"
"GSTC","24/7/2026","MA-TMO-C002M","Indisponibilidade","Eletricista em treinamento","07:18","11:59","04:41","0,585416625","PARCIAL","CORTE E RELIGAÇÃO","Timon","4 a 6h"
"GSTC","8/1/2026","MA-PNM-E001M","Indisponibilidade","CHECKLIST","07:27","07:28","00:01","0,00208325","PARCIAL","PLANTÃO","Timon","< 2h"
"GSTC","29/6/2026","MA-TMO-C001M","Indisponibilidade","CHECKLIST","07:30","07:33","00:03","0,00625","PARCIAL","CORTE E RELIGAÇÃO","Timon","< 2h"
"GSTC","10/7/2026","MA-TMO-H001M","Indisponibilidade","CHECKLIST","08:03","08:32","00:29","0,060416625","PARCIAL","CORTE E RELIGAÇÃO","Timon","< 2h"
"GSTC","4/8/2026","MA-TMO-C001M","Indisponibilidade","Outros","14:26","15:54","01:28","0,18333325","PARCIAL","CORTE E RELIGAÇÃO","Timon","< 2h"
"GSTC","7/3/2026","MA-TMO-L001M","Indisponibilidade","Outros","08:00","18:00","10:00","1","TOTAL","LIGAÇÃO NOVA","Timon","> 6h"
"GSTC","6/10/2026","MA-TMO-D002M","Indisponibilidade","CHECKLIST","07:31","08:35","01:04","0,13333325","PARCIAL","SEED MONEY","Timon","< 2h"
"GSTC","14/7/2026","MA-TMO-C001M","Indisponibilidade","Outros","14:47","18:20","03:33","0,44375","PARCIAL","CORTE E RELIGAÇÃO","Timon","2 a 4h"
"GSTC","3/7/2026","MA-TMO-E003M","Indisponibilidade","Atrasado","08:00","10:43","02:43","0,33958325","PARCIAL","PLANTÃO","Timon","2 a 4h"
"GSTC","17/4/2026","MA-TMO-E001M","Indisponibilidade","CHECKLIST","08:59","09:01","00:02","0,004166625","PARCIAL","PLANTÃO","Timon","< 2h"
"GSTC","3/7/2026","MA-TMO-E001M","Indisponibilidade","Problemas mecânicos","08:00","08:56","00:56","0,116666625","PARCIAL","PLANTÃO","Timon","< 2h"
"GSTC","29/7/2026","MA-TMO-D002M","Indisponibilidade","Eletricista de atestado","08:00","18:00","10:00","1","TOTAL","SEED MONEY","Timon","> 6h"
"GSTC","8/7/2026","MA-TMO-E003T","Indisponibilidade","Problemas mecânicos","16:11","18:31","02:20","0,291666625","PARCIAL","PLANTÃO","Timon","2 a 4h"
"GSTC","16/7/2026","MA-TMO-D001M","Indisponibilidade","CHECKLIST","07:41","08:06","00:25","0,05208325","PARCIAL","SEED MONEY","Timon","< 2h"
"GSTC","29/6/2026","MA-TMO-D003M","Indisponibilidade","Atrasado","08:00","14:52","06:52","0,85833325","TOTAL","SEED MONEY","Timon","> 6h"
"GSTC","28/8/2026","MA-TMO-E001T","Indisponibilidade","CHECKLIST","16:15","16:16","00:01","0,00208325","PARCIAL","PLANTÃO","Timon","< 2h"
"GEOM","14/9/2026","MA-CHA-V002M","Indisponibilidade","Problemas mecânicos","14:00","18:00","04:00","0,5","PARCIAL","LINHA MORTA","Chapadinha","4 a 6h"
"GEOM","21/9/2026","MA-CHA-V002M","Indisponibilidade","Problemas mecânicos","07:37","13:39","06:02","0,754166625","PARCIAL","LINHA MORTA","Chapadinha","> 6h"
"GEOM","13/6/2026","MA-CHA-O002M","Indisponibilidade","CHECKLIST","11:37","11:37","00:00","0","TOTAL","LINHA MORTA","Chapadinha","< 2h"
"GEOM","8/5/2026","MA-CHA-V002M","Indisponibilidade","Problemas mecânicos","12:50","17:35","04:45","0,59375","TOTAL","LINHA MORTA","Chapadinha","4 a 6h"
"GEOM","8/5/2026","MA-CHA-V002M","Indisponibilidade","Problemas mecânicos","17:35","18:00","00:25","0,05208325","TOTAL","LINHA MORTA","Chapadinha","< 2h"
"GEOM","11/7/2026","MA-CHA-V002M","Indisponibilidade","Folga não registrada no calendário","08:00","18:00","10:00","1","TOTAL","LINHA MORTA","Chapadinha","> 6h"
"GEOM","20/7/2026","MA-CHA-O003M","Indisponibilidade","Eletricista em treinamento","08:00","08:14","00:14","0,029166625","TOTAL","LINHA MORTA","Chapadinha","< 2h"
"GEOM","19/6/2026","MA-CHA-O002M","Indisponibilidade","Outros","08:00","08:05","00:05","0,010416625","PARCIAL","LINHA MORTA","Chapadinha","< 2h"
"GEOM","19/7/2026","MA-CHA-V002M","Indisponibilidade","Blitz de segurança","12:55","12:56","00:01","0,00208325","PARCIAL","LINHA MORTA","Chapadinha","< 2h"
"GEOM","11/8/2026","MA-CHA-O003M","Indisponibilidade","Problemas mecânicos","07:47","18:00","10:13","1","TOTAL","LINHA MORTA","Chapadinha","> 6h"
"GEOM","5/7/2026","MA-CHA-V002M","Indisponibilidade","Outros","08:00","18:00","10:00","1","TOTAL","LINHA MORTA","Chapadinha","> 6h"
"GEOM","8/6/2026","MA-CHA-V002M","Indisponibilidade","CHECKLIST","07:52","08:14","00:22","0,04583325","PARCIAL","LINHA MORTA","Chapadinha","< 2h"
"GEOM","8/6/2026","MA-CHA-V002M","Indisponibilidade","CHECKLIST","12:23","12:39","00:16","0,03333325","PARCIAL","LINHA MORTA","Chapadinha","< 2h"
"GEOM","8/6/2026","MA-CHA-V002M","Indisponibilidade","CHECKLIST","13:04","13:07","00:03","0,00625","PARCIAL","LINHA MORTA","Chapadinha","< 2h"
"GEOM","22/5/2026","MA-CHA-V002M","Indisponibilidade","CHECKLIST","07:43","07:55","00:12","0,025","PARCIAL","LINHA MORTA","Chapadinha","< 2h"
"GEOM","10/7/2026","MA-CHA-O001M","Indisponibilidade","Interjornada","08:00","10:38","02:38","0,329166625","TOTAL","LINHA MORTA","Chapadinha","2 a 4h"
"GEOM","10/7/2026","MA-CHA-O001M","Indisponibilidade","Problemas mecânicos","10:38","15:38","05:00","0,625","TOTAL","LINHA MORTA","Chapadinha","4 a 6h"
"GEOM","12/7/2026","MA-CHA-V002M","Indisponibilidade","Folga não registrada no calendário","08:00","18:00","10:00","1","TOTAL","LINHA MORTA","Chapadinha","> 6h"
"GSTC","12/1/2026","MA-ADA-E001M","Indisponibilidade","Problemas mecânicos","14:18","20:03","05:45","0,71875","PARCIAL","PLANTÃO","Caxias","4 a 6h"
"GSTC","12/1/2026","MA-CAX-D001M","Indisponibilidade","Eletricista de atestado","09:44","21:44","12:00","1","TOTAL","SEED MONEY","Caxias","> 6h"
"GSTC","10/6/2026","MA-ADA-E001M","Indisponibilidade","Problemas mecânicos","09:07","10:59","01:52","0,23333325","PARCIAL","PLANTÃO","Caxias","< 2h"
"GSTC","31/8/2026","MA-CAX-E001M","Indisponibilidade","Eletricista em treinamento","08:00","09:08","01:08","0,141666625","PARCIAL","PLANTÃO","Caxias","< 2h"
"GSTC","25/9/2026","MA-CAX-E001M","Indisponibilidade","Problemas mecânicos","09:00","10:10","01:10","0,14583325","PARCIAL","PLANTÃO","Caxias","< 2h"
"GSTC","2/6/2026","MA-CAX-D001M","Indisponibilidade","Problemas mecânicos","07:35","19:35","12:00","1","TOTAL","SEED MONEY","Caxias","> 6h"
"GSTC","7/6/2026","MA-CAX-E001T","Indisponibilidade","Eletricista com problema particular","18:51","18:54","00:03","0,00625","PARCIAL","PLANTÃO","Caxias","< 2h"
"GSTC","23/5/2026","MA-CAX-H001M","Indisponibilidade","Problemas mecânicos","08:07","19:34","11:27","1","TOTAL","CORTE E RELIGAÇÃO","Caxias","> 6h"
"GSTC","21/1/2026","MA-CAX-M001M","Indisponibilidade","Problemas mecânicos","08:28","18:04","09:36","1","TOTAL","LIGAÇÃO NOVA","Caxias","> 6h"
"GSTC","28/1/2026","MA-SJS-E001M","Indisponibilidade","Problemas mecânicos","08:00","17:40","09:40","1","PARCIAL","LIGAÇÃO NOVA","Caxias","> 6h"
"GSTC","12/3/2026","MA-CAX-M002M","Indisponibilidade","Interjornada","12:28","12:29","00:01","0,00208325","PARCIAL","PLANTÃO","Caxias","< 2h"
"GSTC","22/3/2026","MA-ADA-E001M","Indisponibilidade","Eletricista de atestado","15:57","19:04","03:07","0,38958325","PARCIAL","PLANTÃO","Caxias","2 a 4h"
"GSTC","8/8/2026","MA-CAX-M002M","Indisponibilidade","CHECKLIST","08:19","08:23","00:04","0,00833325","PARCIAL","PLANTÃO","Caxias","< 2h"
"GSTC","11/8/2026","MA-CAX-D001M","Indisponibilidade","Outros","09:06","11:44","02:38","0,329166625","PARCIAL","SEED MONEY","Caxias","2 a 4h"
"GSTC","8/2/2026","MA-CAX-E001M","Indisponibilidade","CHECKLIST","07:17","07:19","00:02","0,004166625","PARCIAL","PLANTÃO","Caxias","< 2h"
"GSTC","26/2/2026","MA-CAX-D001M","Indisponibilidade","Eletricista de atestado","08:20","14:17","05:57","0,74375","PARCIAL","SEED MONEY","Caxias","4 a 6h"
"GSTC","16/5/2026","MA-ADA-E001M","Indisponibilidade","CHECKLIST","08:50","09:06","00:16","0,03333325","PARCIAL","PLANTÃO","Caxias","< 2h"
"GSTC","12/9/2026","MA-CAX-H001M","Indisponibilidade","Eletricista de atestado","08:03","18:03","10:00","1","TOTAL","CORTE E RELIGAÇÃO","Caxias","> 6h"
"GSTC","16/6/2026","MA-SJS-E001M","Indisponibilidade","Problemas mecânicos","08:33","10:50","02:17","0,285416625","PARCIAL","LIGAÇÃO NOVA","Caxias","2 a 4h"
"GSTC","10/2/2026","MA-CHA-D001M","Indisponibilidade","CHECKLIST","11:49","14:09","02:20","0,291666625","PARCIAL","SEED MONEY","Chapadinha","2 a 4h"
"GSTC","23/2/2026","MA-UBS-M001M","Indisponibilidade","Interjornada","08:21","10:33","02:12","0,275","PARCIAL","LIGAÇÃO NOVA","Chapadinha","2 a 4h"
"GSTC","26/2/2026","MA-ANA-M001M","Indisponibilidade","Problemas mecânicos","14:29","14:29","00:00","0","PARCIAL","LIGAÇÃO NOVA","Chapadinha","< 2h"
"GSTC","27/2/2026","MA-UBS-M002M","Indisponibilidade","Problemas mecânicos","08:11","15:20","07:09","0,89375","PARCIAL","LIGAÇÃO NOVA","Chapadinha","> 6h"
"GSTC","3/2/2026","MA-CHA-E002M","Indisponibilidade","Problemas mecânicos","08:30","17:02","08:32","1","TOTAL","PLANTÃO","Chapadinha","> 6h"
"GSTC","2/5/2026","MA-UBS-M002M","Indisponibilidade","Interjornada","08:00","14:20","06:20","0,791666625","PARCIAL","LIGAÇÃO NOVA","Chapadinha","> 6h"
"GSTC","2/5/2026","MA-UBS-M002M","Indisponibilidade","CHECKLIST","14:21","15:19","00:58","0,12083325","PARCIAL","LIGAÇÃO NOVA","Chapadinha","< 2h"
"GSTC","6/2/2026","MA-UBS-M001M","Indisponibilidade","Interjornada","08:00","10:07","02:07","0,26458325","PARCIAL","LIGAÇÃO NOVA","Chapadinha","2 a 4h"
"GSTC","12/2/2026","MA-CHA-C003M","Indisponibilidade","Atrasado","09:39","12:12","02:33","0,31875","PARCIAL","CORTE E RELIGAÇÃO","Chapadinha","2 a 4h"
"GSTC","13/2/2026","MA-UBS-M001M","Indisponibilidade","Interjornada","08:00","11:53","03:53","0,485416625","PARCIAL","LIGAÇÃO NOVA","Chapadinha","2 a 4h"
"GSTC","3/5/2026","MA-UBS-M002M","Indisponibilidade","Eletricista de atestado","08:19","14:26","06:07","0,76458325","PARCIAL","LIGAÇÃO NOVA","Chapadinha","> 6h"
"GSTC","10/5/2026","MA-UBS-M002M","Indisponibilidade","Eletricista de atestado","15:26","00:26","09:00","1","PARCIAL","LIGAÇÃO NOVA","Chapadinha","> 6h"
"GSTC","2/2/2026","MA-CHA-D001M","Indisponibilidade","Eletricista de atestado","08:13","08:42","00:29","0,060416625","TOTAL","SEED MONEY","Chapadinha","< 2h"
"GSTC","9/2/2026","MA-CHA-D001M","Indisponibilidade","Eletricista de atestado","08:44","20:44","12:00","1","TOTAL","SEED MONEY","Chapadinha","> 6h"
"GSTC","13/2/2026","MA-ANA-M001M","Indisponibilidade","Interjornada","08:00","13:00","05:00","0,625","PARCIAL","LIGAÇÃO NOVA","Chapadinha","4 a 6h"
"GSTC","26/2/2026","MA-CHA-D002M","Indisponibilidade","Problemas mecânicos","13:59","13:59","00:00","0","PARCIAL","SEED MONEY","Chapadinha","< 2h"
"GSTC","14/1/2026","MA-CHA-E002M","Indisponibilidade","CHECKLIST","08:53","08:59","00:06","0,0125","PARCIAL","PLANTÃO","Chapadinha","< 2h"
"GSTC","8/5/2026","MA-UBS-M002M","Indisponibilidade","Interjornada","08:56","08:57","00:01","0,00208325","PARCIAL","LIGAÇÃO NOVA","Chapadinha","< 2h"
"GSTC","26/9/2026","MA-TMO-D002M","Indisponibilidade","Atrasado","10:33","10:47","00:14","0,029166625","PARCIAL","SEED MONEY","Timon","< 2h"
"GSTC","28/9/2026","MA-TMO-C001M","Indisponibilidade","Eletricista de atestado","08:00","18:00","10:00","1","TOTAL","CORTE E RELIGAÇÃO","Timon","> 6h"
"GSTC","9/6/2026","MA-TMO-E003M","Indisponibilidade","Problemas mecânicos","09:00","21:00","12:00","1","TOTAL","PLANTÃO","Timon","> 6h"
"GSTC","5/8/2026","MA-TMO-L003M","Indisponibilidade","CHECKLIST","08:17","08:19","00:02","0,004166625","PARCIAL","LIGAÇÃO NOVA","Timon","< 2h"
"GSTC","22/4/2026","MA-TMO-M001M","Indisponibilidade","Problemas mecânicos","08:46","12:34","03:48","0,475","PARCIAL","LIGAÇÃO NOVA","Timon","2 a 4h"
"GSTC","7/7/2026","MA-TMO-E003M","Indisponibilidade","Problemas mecânicos","08:37","15:40","07:03","0,88125","TOTAL","PLANTÃO","Timon","> 6h"
"GSTC","8/7/2026","MA-TMO-E002M","Indisponibilidade","Problemas mecânicos","08:00","21:37","13:37","1","PARCIAL","PLANTÃO","Timon","> 6h"
"GSTC","30/7/2026","MA-TMO-D003M","Indisponibilidade","Outros","08:00","18:00","10:00","1","TOTAL","SEED MONEY","Timon","> 6h"
"GSTC","29/9/2026","MA-TMO-L003M","Indisponibilidade","CHECKLIST","08:34","08:35","00:01","0,00208325","PARCIAL","LIGAÇÃO NOVA","Timon","< 2h"
"GSTC","11/4/2026","MA-TMO-E002M","Indisponibilidade","Problemas mecânicos","11:42","11:43","00:01","0,00208325","PARCIAL","PLANTÃO","Timon","< 2h"
"GSTC","1/10/2026","MA-TMO-D002M","Indisponibilidade","Eletricista de atestado","14:00","17:51","03:51","0,48125","PARCIAL","SEED MONEY","Timon","2 a 4h"
"GSTC","27/4/2026","MA-TMO-D003M","Indisponibilidade","Problemas mecânicos","14:46","00:46","10:00","1","TOTAL","SEED MONEY","Timon","> 6h"
"GSTC","10/7/2026","MA-TMO-E001M","Indisponibilidade","CHECKLIST","09:05","09:06","00:01","0,00208325","PARCIAL","PLANTÃO","Timon","< 2h"
"GSTC","27/7/2026","MA-TMO-C001M","Indisponibilidade","Exame periódico","08:58","15:52","06:54","0,8625","PARCIAL","CORTE E RELIGAÇÃO","Timon","> 6h"
"GSTC","5/9/2026","MA-TMO-C001M","Indisponibilidade","Eletricista de atestado","08:45","23:58","15:13","1","TOTAL","CORTE E RELIGAÇÃO","Timon","> 6h"
"GSTC","24/3/2026","MA-TMO-E002T","Indisponibilidade","CHECKLIST","16:10","16:17","00:07","0,01458325","PARCIAL","PLANTÃO","Timon","< 2h"
"GSTC","22/5/2026","MA-TMO-E001T","Indisponibilidade","Problemas mecânicos","16:00","18:26","02:26","0,304166625","PARCIAL","PLANTÃO","Timon","2 a 4h"
"GSTC","17/7/2026","MA-TMO-E003T","Indisponibilidade","Problemas mecânicos","18:50","18:51","00:01","0,00208325","PARCIAL","PLANTÃO","Timon","< 2h"
"GSTC","20/7/2026","MA-TMO-E003M","Indisponibilidade","Problemas mecânicos","07:00","10:44","03:44","0,466666625","PARCIAL","PLANTÃO","Timon","2 a 4h"
"GSTC","29/4/2026","MA-TMO-D003M","Indisponibilidade","Problemas mecânicos","08:00","20:00","12:00","1","TOTAL","SEED MONEY","Timon","> 6h"
"GSTC","3/7/2026","MA-TMO-C002M","Indisponibilidade","Problemas mecânicos","15:24","17:51","02:27","0,30625","PARCIAL","CORTE E RELIGAÇÃO","Timon","2 a 4h"
"GSTC","1/8/2026","MA-TMO-D001M","Indisponibilidade","Eletricista em treinamento","08:00","12:45","04:45","0,59375","PARCIAL","SEED MONEY","Timon","4 a 6h"
"GSTC","29/9/2026","MA-TMO-M001M","Indisponibilidade","Atrasado","08:00","09:42","01:42","0,2125","PARCIAL","LIGAÇÃO NOVA","Timon","< 2h"
"GSTC","30/9/2026","MA-TMO-E001M","Indisponibilidade","Problemas mecânicos","14:00","14:54","00:54","0,1125","PARCIAL","PLANTÃO","Timon","< 2h"
"GSTC","22/4/2026","MA-TMO-E003M","Indisponibilidade","Problemas mecânicos","08:00","17:36","09:36","1","PARCIAL","PLANTÃO","Timon","> 6h"
"GSTC","15/7/2026","MA-TMO-E002M","Indisponibilidade","Problemas mecânicos","08:36","14:08","05:32","0,691666625","PARCIAL","PLANTÃO","Timon","4 a 6h"
"GSTC","16/7/2026","MA-PNM-E001M","Indisponibilidade","Atrasado","08:00","08:00","00:00","0","PARCIAL","PLANTÃO","Timon","< 2h"
"GSTC","29/6/2026","MA-PNM-E001M","Indisponibilidade","CHECKLIST","09:17","09:45","00:28","0,05833325","PARCIAL","PLANTÃO","Timon","< 2h"
"GSTC","29/6/2026","MA-TMO-E003M","Indisponibilidade","Problemas mecânicos","08:46","13:07","04:21","0,54375","PARCIAL","PLANTÃO","Timon","4 a 6h"
"GSTC","1/8/2026","MA-TMO-E002M","Indisponibilidade","Outros","15:06","15:06","00:00","0","PARCIAL","PLANTÃO","Timon","< 2h"
"GSTC","18/6/2026","MA-TMO-M001M","Indisponibilidade","CHECKLIST","08:03","08:20","00:17","0,035416625","PARCIAL","LIGAÇÃO NOVA","Timon","< 2h"
"GSTC","8/8/2026","MA-TMO-M001M","Indisponibilidade","Outros","08:00","09:41","01:41","0,210416625","PARCIAL","LIGAÇÃO NOVA","Timon","< 2h"
"GSTC","25/5/2026","MA-TMO-H001M","Indisponibilidade","Outros","08:00","14:16","06:16","0,78333325","PARCIAL","CORTE E RELIGAÇÃO","Timon","> 6h"
"GSTC","1/9/2026","MA-TMO-L003M","Indisponibilidade","Eletricista em treinamento","09:13","21:13","12:00","1","TOTAL","LIGAÇÃO NOVA","Timon","> 6h"
"GSTC","13/4/2026","MA-TMO-E001M","Indisponibilidade","Problemas mecânicos","09:04","09:44","00:40","0,08333325","PARCIAL","PLANTÃO","Timon","< 2h"
"GSTC","5/6/2026","MA-PNM-E001M","Indisponibilidade","Problemas mecânicos","09:34","14:08","04:34","0,57083325","PARCIAL","PLANTÃO","Timon","4 a 6h"
"GSTC","15/5/2026","MA-TMO-L003M","Indisponibilidade","CHECKLIST","07:49","08:07","00:18","0,0375","PARCIAL","LIGAÇÃO NOVA","Timon","< 2h"
"GSTC","16/4/2026","MA-TMO-E003M","Indisponibilidade","Problemas mecânicos","11:14","18:14","07:00","0,875","PARCIAL","PLANTÃO","Timon","> 6h"
"GSTC","2/10/2026","MA-PTB-E001M","Indisponibilidade","Interjornada","08:00","11:06","03:06","0,3875","PARCIAL","PLANTÃO","São Joao dos Patos","2 a 4h"
"GSTC","20/4/2026","MA-BRG-E001M","Indisponibilidade","Atrasado","08:31","11:13","02:42","0,3375","PARCIAL","PLANTÃO","São Joao dos Patos","2 a 4h"
"GSTC","20/4/2026","MA-SJP-C001M","Indisponibilidade","Atrasado","08:47","16:10","07:23","0,922916625","PARCIAL","CORTE E RELIGAÇÃO","São Joao dos Patos","> 6h"
"GSTC","9/7/2026","MA-SDA-E001M","Indisponibilidade","CHECKLIST","07:59","08:07","00:08","0,016666625","PARCIAL","PLANTÃO","São Joao dos Patos","< 2h"
"GSTC","9/7/2026","MA-SDA-E001M","Indisponibilidade","CHECKLIST","08:08","08:26","00:18","0,0375","PARCIAL","PLANTÃO","São Joao dos Patos","< 2h"
"GSTC","16/7/2026","MA-SDA-E001M","Indisponibilidade","Problemas mecânicos","08:01","12:44","04:43","0,58958325","PARCIAL","PLANTÃO","São Joao dos Patos","4 a 6h"
"GSTC","15/1/2026","MA-SDA-E001M","Indisponibilidade","Problemas mecânicos","08:00","18:00","10:00","1","PARCIAL","PLANTÃO","São Joao dos Patos","> 6h"
"GSTC","12/5/2026","MA-PSF-E001M","Indisponibilidade","CHECKLIST","07:21","07:44","00:23","0,047916625","PARCIAL","PLANTÃO","São Joao dos Patos","< 2h"
"GSTC","9/7/2026","MA-BRG-E001M","Indisponibilidade","Problemas mecânicos","08:00","12:53","04:53","0,610416625","PARCIAL","PLANTÃO","São Joao dos Patos","4 a 6h"
"GSTC","3/9/2026","MA-BRG-E001M","Indisponibilidade","Interjornada","08:00","10:01","02:01","0,25208325","PARCIAL","PLANTÃO","São Joao dos Patos","2 a 4h"
"GSTC","5/9/2026","MA-SDA-E001M","Indisponibilidade","Atrasado","15:59","17:04","01:05","0,135416625","PARCIAL","PLANTÃO","São Joao dos Patos","< 2h"
"GSTC","10/1/2026","MA-BRG-E001M","Indisponibilidade","Atrasado","08:40","10:39","01:59","0,247916625","PARCIAL","PLANTÃO","São Joao dos Patos","< 2h"
"GSTC","22/1/2026","MA-PSF-E001M","Indisponibilidade","Interjornada","08:00","10:50","02:50","0,354166625","PARCIAL","PLANTÃO","São Joao dos Patos","2 a 4h"
"GSTC","22/1/2026","MA-SDA-E001M","Indisponibilidade","Interjornada","08:00","12:41","04:41","0,585416625","PARCIAL","PLANTÃO","São Joao dos Patos","4 a 6h"
"GSTC","6/6/2026","MA-PTB-E001M","Indisponibilidade","Interjornada","08:00","13:03","05:03","0,63125","PARCIAL","PLANTÃO","São Joao dos Patos","4 a 6h"
"GSTC","15/4/2026","MA-SJP-X200M","Indisponibilidade","CHECKLIST","17:47","01:47","08:00","1","TOTAL","EQTL","São Joao dos Patos","> 6h"
"GSTC","28/4/2026","MA-SJP-C002M","Indisponibilidade","CHECKLIST","07:50","07:53","00:03","0,00625","PARCIAL","CORTE E RELIGAÇÃO","São Joao dos Patos","< 2h"
"GSTC","26/7/2026","MA-SDA-E001M","Indisponibilidade","Problemas mecânicos","13:23","21:13","07:50","0,979166625","PARCIAL","PLANTÃO","São Joao dos Patos","> 6h"
"GEOM","3/7/2026","MA-SJP-O004M","Indisponibilidade","Problemas mecânicos","08:12","17:39","09:27","1","TOTAL","LINHA MORTA","São Joao dos Patos","> 6h"
"GEOM","7/7/2026","MA-SJP-O004M","Indisponibilidade","Problemas mecânicos","08:12","17:36","09:24","1","TOTAL","LINHA MORTA","São Joao dos Patos","> 6h"
"GEOM","8/7/2026","MA-SJP-O002M","Indisponibilidade","Problemas mecânicos","07:45","08:12","00:27","0,05625","PARCIAL","LINHA MORTA","São Joao dos Patos","< 2h"
"GEOM","2/10/2026","MA-SJP-O003M","Indisponibilidade","CHECKLIST","08:20","16:20","08:00","1","TOTAL","LINHA MORTA","São Joao dos Patos","> 6h"
"GEOM","13/7/2026","MA-SJP-O002M","Indisponibilidade","Problemas mecânicos","08:31","10:44","02:13","0,27708325","TOTAL","LINHA MORTA","São Joao dos Patos","2 a 4h"
"GEOM","21/9/2026","MA-SJP-O002M","Indisponibilidade","Problemas mecânicos","09:12","09:13","00:01","0,00208325","TOTAL","LINHA MORTA","São Joao dos Patos","< 2h"
"GEOM","21/9/2026","MA-SJP-O002M","Indisponibilidade","Problemas mecânicos","09:26","17:31","08:05","1","TOTAL","LINHA MORTA","São Joao dos Patos","> 6h"
"GEOM","25/9/2026","MA-SJP-O003M","Indisponibilidade","Problemas mecânicos","08:16","16:14","07:58","0,99583325","TOTAL","LINHA MORTA","São Joao dos Patos","> 6h"
"GEOM","26/5/2026","MA-SJP-O002M","Indisponibilidade","Blitz de segurança","10:21","10:51","00:30","0,0625","TOTAL","LINHA MORTA","São Joao dos Patos","< 2h"
"GEOM","26/5/2026","MA-SJP-O002M","Indisponibilidade","Blitz de segurança","11:02","00:00","12:58","1","TOTAL","LINHA MORTA","São Joao dos Patos","> 6h"
"GEOM","26/5/2026","MA-SJP-O004M","Indisponibilidade","Blitz de segurança","11:09","18:44","07:35","0,947916625","TOTAL","LINHA MORTA","São Joao dos Patos","> 6h"
"GEOM","28/5/2026","MA-SJP-O004M","Indisponibilidade","Problemas mecânicos","10:00","11:02","01:02","0,129166625","TOTAL","LINHA MORTA","São Joao dos Patos","< 2h"
"GEOM","28/5/2026","MA-SJP-O004M","Indisponibilidade","Problemas mecânicos","13:56","17:27","03:31","0,43958325","TOTAL","LINHA MORTA","São Joao dos Patos","2 a 4h"
"GEOM","3/6/2026","MA-SJP-O003M","Indisponibilidade","CHECKLIST","08:26","08:26","00:00","0","PARCIAL","LINHA MORTA","São Joao dos Patos","< 2h"
"GEOM","16/9/2026","MA-SJP-O004M","Indisponibilidade","Interjornada","08:24","17:29","09:05","1","TOTAL","LINHA MORTA","São Joao dos Patos","> 6h"
"GEOM","1/7/2026","MA-SJP-O002M","Indisponibilidade","Problemas mecânicos","07:51","13:19","05:28","0,68333325","TOTAL","LINHA MORTA","São Joao dos Patos","4 a 6h"
"GEOM","1/7/2026","MA-SJP-O002M","Indisponibilidade","CHECKLIST","13:19","20:05","06:46","0,84583325","TOTAL","LINHA MORTA","São Joao dos Patos","> 6h"
"GSTC","22/4/2026","MA-TMO-D003M","Indisponibilidade","Eletricista em treinamento","12:00","12:01","00:01","0,00208325","PARCIAL","SEED MONEY","Timon","< 2h"
"GSTC","23/7/2026","MA-TMO-C002M","Indisponibilidade","Eletricista em treinamento","08:00","12:30","04:30","0,5625","PARCIAL","CORTE E RELIGAÇÃO","Timon","4 a 6h"
"GSTC","1/7/2026","MA-TMO-E001M","Indisponibilidade","Problemas mecânicos","09:01","12:02","03:01","0,37708325","PARCIAL","PLANTÃO","Timon","2 a 4h"
"GSTC","14/9/2026","MA-TMO-E003M","Indisponibilidade","Eletricista em treinamento","08:55","12:17","03:22","0,42083325","PARCIAL","PLANTÃO","Timon","2 a 4h"
"GSTC","5/4/2026","MA-TMO-E003T","Indisponibilidade","Eletricista com problema particular","17:19","17:19","00:00","0","PARCIAL","PLANTÃO","Timon","< 2h"
"GSTC","1/9/2026","MA-TMO-L001M","Indisponibilidade","Eletricista em treinamento","09:12","21:12","12:00","1","TOTAL","LIGAÇÃO NOVA","Timon","> 6h"
"GSTC","6/10/2026","MA-TMO-C003M","Indisponibilidade","Outros","08:46","14:59","06:13","0,77708325","PARCIAL","CORTE E RELIGAÇÃO","Timon","> 6h"
"GSTC","20/8/2026","MA-TMO-E003M","Indisponibilidade","Problemas mecânicos","11:11","12:12","01:01","0,12708325","PARCIAL","PLANTÃO","Timon","< 2h"
"GSTC","15/9/2026","MA-TMO-E002M","Indisponibilidade","Eletricista em treinamento","08:00","15:56","07:56","0,991666625","TOTAL","PLANTÃO","Timon","> 6h"
"GSTC","18/9/2026","MA-TMO-D003M","Indisponibilidade","Problemas mecânicos","15:30","16:45","01:15","0,15625","PARCIAL","SEED MONEY","Timon","< 2h"
"GSTC","1/9/2026","MA-TMO-D003M","Indisponibilidade","Eletricista em treinamento","08:00","18:00","10:00","1","TOTAL","SEED MONEY","Timon","> 6h"
"GSTC","24/6/2026","MA-TMO-E002M","Indisponibilidade","CHECKLIST","09:30","10:59","01:29","0,185416625","PARCIAL","PLANTÃO","Timon","< 2h"
"GSTC","25/6/2026","MA-TMO-L001M","Indisponibilidade","CHECKLIST","08:02","08:13","00:11","0,022916625","PARCIAL","LIGAÇÃO NOVA","Timon","< 2h"
"GSTC","30/1/2026","MA-SFM-E001M","Indisponibilidade","Interjornada","10:07","10:08","00:01","0,00208325","PARCIAL","PLANTÃO","Timon","< 2h"
"GSTC","5/5/2026","MA-TMO-D001M","Indisponibilidade","Problemas mecânicos","08:52","17:29","08:37","1","TOTAL","SEED MONEY","Timon","> 6h"
"GSTC","26/6/2026","MA-TMO-M001M","Indisponibilidade","CHECKLIST","07:56","08:06","00:10","0,02083325","PARCIAL","LIGAÇÃO NOVA","Timon","< 2h"
"GSTC","31/1/2026","MA-MTS-C001M","Indisponibilidade","Problemas mecânicos","08:35","19:29","10:54","1","PARCIAL","LIGAÇÃO NOVA","Timon","> 6h"
"GSTC","2/3/2026","MA-TMO-D003M","Indisponibilidade","Problemas mecânicos","08:00","14:50","06:50","0,854166625","PARCIAL","SEED MONEY","Timon","> 6h"
"GSTC","14/9/2026","MA-TMO-C004M","Indisponibilidade","Eletricista em treinamento","13:55","18:09","04:14","0,529166625","PARCIAL","CORTE E RELIGAÇÃO","Timon","4 a 6h"
"GSTC","7/3/2026","MA-CAX-D002M","Indisponibilidade","Outros","08:00","18:00","10:00","1","TOTAL","SEED MONEY","Caxias","> 6h"
"GSTC","7/3/2026","MA-TMB-E001M","Indisponibilidade","Atrasado","09:16","10:52","01:36","0,2","PARCIAL","PLANTÃO","Caxias","< 2h"
"GSTC","22/4/2026","MA-COD-C001M","Indisponibilidade","Eletricista de atestado","07:51","14:24","06:33","0,81875","PARCIAL","CORTE E RELIGAÇÃO","Caxias","> 6h"
"GSTC","30/3/2026","MA-CAX-D002M","Indisponibilidade","Outros","08:00","19:04","11:04","1","TOTAL","SEED MONEY","Caxias","> 6h"
"GSTC","6/3/2026","MA-TMB-E001M","Indisponibilidade","Interjornada","08:17","10:35","02:18","0,2875","PARCIAL","PLANTÃO","Caxias","2 a 4h"
"GSTC","9/9/2026","MA-COD-E001T","Indisponibilidade","Problemas mecânicos","16:14","16:38","00:24","0,05","PARCIAL","PLANTÃO","Caxias","< 2h"
"GSTC","4/4/2026","MA-COD-C001M","Indisponibilidade","Outros","10:33","22:33","12:00","1","TOTAL","CORTE E RELIGAÇÃO","Caxias","> 6h"
"GSTC","4/4/2026","MA-COD-C001M","Indisponibilidade","Outros","22:33","10:33","12:00","1","TOTAL","CORTE E RELIGAÇÃO","Caxias","> 6h"
"GSTC","27/4/2026","MA-CAX-D002M","Indisponibilidade","Outros","08:00","18:00","10:00","1","PARCIAL","SEED MONEY","Caxias","> 6h"
"GSTC","31/3/2026","MA-TMB-E001M","Indisponibilidade","Problemas mecânicos","15:12","15:12","00:00","0","PARCIAL","PLANTÃO","Caxias","< 2h"
"GSTC","1/4/2026","MA-CAX-D002M","Indisponibilidade","Problemas mecânicos","08:00","18:00","10:00","1","TOTAL","SEED MONEY","Caxias","> 6h"
"GSTC","2/4/2026","MA-TMB-E001M","Indisponibilidade","Problemas mecânicos","08:00","09:06","01:06","0,1375","PARCIAL","PLANTÃO","Caxias","< 2h"
"GSTC","10/4/2026","MA-COD-C001M","Indisponibilidade","Eletricista em treinamento","10:56","14:06","03:10","0,39583325","PARCIAL","CORTE E RELIGAÇÃO","Caxias","2 a 4h"
"GSTC","16/4/2026","MA-CAX-D002M","Indisponibilidade","Atrasado","08:00","08:37","00:37","0,07708325","PARCIAL","SEED MONEY","Caxias","< 2h"
"GSTC","2/3/2026","MA-COD-C001M","Indisponibilidade","Eletricista de atestado","08:00","20:00","12:00","1","TOTAL","CORTE E RELIGAÇÃO","Caxias","> 6h"
"GSTC","30/3/2026","MA-TMB-E001M","Indisponibilidade","Problemas mecânicos","08:00","11:35","03:35","0,447916625","PARCIAL","PLANTÃO","Caxias","2 a 4h"
"GSTC","31/3/2026","MA-CAX-D002M","Indisponibilidade","Outros","09:17","18:39","09:22","1","TOTAL","SEED MONEY","Caxias","> 6h"
"GSTC","23/3/2026","MA-COD-C001M","Indisponibilidade","Outros","08:39","13:57","05:18","0,6625","PARCIAL","CORTE E RELIGAÇÃO","Caxias","4 a 6h"
"GSTC","27/4/2026","MA-CAX-D002M","Indisponibilidade","Outros","00:06","10:06","10:00","1","PARCIAL","SEED MONEY","Caxias","> 6h"
"GSTC","16/6/2026","MA-SJS-E001M","Indisponibilidade","Problemas mecânicos","11:04","11:46","00:42","0,0875","PARCIAL","LIGAÇÃO NOVA","Caxias","< 2h"
"GSTC","18/2/2026","MA-CAX-D002M","Indisponibilidade","Problemas mecânicos","","","06:00","0,75","TOTAL","SEED MONEY","Caxias","> 6h"
"GSTC","18/2/2026","MA-CAX-D002M","Indisponibilidade","Problemas mecânicos","14:29","20:29","06:00","0,75","TOTAL","SEED MONEY","Caxias","> 6h"
"GSTC","24/4/2026","MA-CAX-H001M","Indisponibilidade","Eletricista de atestado","07:49","21:30","13:41","1","TOTAL","CORTE E RELIGAÇÃO","Caxias","> 6h"
"GSTC","31/3/2026","MA-CAX-E002M","Indisponibilidade","Problemas mecânicos","09:39","09:39","00:00","0","PARCIAL","PLANTÃO","Caxias","< 2h"
"GSTC","26/8/2026","MA-ADA-E001M","Indisponibilidade","Eletricista em treinamento","09:09","09:36","00:27","0,05625","PARCIAL","PLANTÃO","Caxias","< 2h"
"GSTC","28/8/2026","MA-CAX-D002M","Indisponibilidade","Problemas mecânicos","09:09","14:47","05:38","0,704166625","PARCIAL","SEED MONEY","Caxias","4 a 6h"
"GSTC","29/9/2026","MA-CAX-D001M","Indisponibilidade","CHECKLIST","08:41","08:42","00:01","0,00208325","PARCIAL","SEED MONEY","Caxias","< 2h"
"GSTC","24/3/2026","MA-CAX-L001M","Indisponibilidade","Interjornada","08:00","12:20","04:20","0,541666625","PARCIAL","LIGAÇÃO NOVA","Caxias","4 a 6h"
"GSTC","19/5/2026","MA-CAX-E001M","Indisponibilidade","Atrasado","07:00","09:37","02:37","0,32708325","PARCIAL","PLANTÃO","Caxias","2 a 4h"
"GSTC","20/5/2026","MA-CAX-D002M","Indisponibilidade","Eletricista em treinamento","08:38","18:56","10:18","1","TOTAL","SEED MONEY","Caxias","> 6h"
"GSTC","23/7/2026","MA-CAX-H001M","Indisponibilidade","Problemas mecânicos","11:18","12:45","01:27","0,18125","PARCIAL","CORTE E RELIGAÇÃO","Caxias","< 2h"
"GSTC","12/2/2026","MA-CAX-D001M","Indisponibilidade","Problemas mecânicos","08:00","20:00","12:00","1","TOTAL","SEED MONEY","Caxias","> 6h"
"GSTC","23/2/2026","MA-CAX-D002M","Indisponibilidade","Problemas mecânicos","09:16","21:16","12:00","1","TOTAL","SEED MONEY","Caxias","> 6h"
"GSTC","17/8/2026","MA-CAX-E002T","Indisponibilidade","CHECKLIST","17:06","17:07","00:01","0,00208325","PARCIAL","PLANTÃO","Caxias","< 2h"
"GSTC","11/5/2026","MA-CAX-C001M","Indisponibilidade","CHECKLIST","08:02","08:15","00:13","0,02708325","PARCIAL","CORTE E RELIGAÇÃO","Caxias","< 2h"
"GSTC","8/9/2026","MA-CAX-E001M","Indisponibilidade","Problemas mecânicos","07:04","08:16","01:12","0,15","PARCIAL","PLANTÃO","Caxias","< 2h"
"GSTC","11/9/2026","MA-CAX-M003M","Indisponibilidade","Problemas mecânicos","08:00","08:01","00:01","0,00208325","PARCIAL","PLANTÃO","Caxias","< 2h"
"GSTC","11/9/2026","MA-CAX-M003M","Indisponibilidade","Outros","14:45","14:49","00:04","0,00833325","PARCIAL","PLANTÃO","Caxias","< 2h"
"GSTC","30/8/2026","MA-TMO-E002T","Indisponibilidade","CHECKLIST","17:59","18:01","00:02","0,004166625","PARCIAL","PLANTÃO","Timon","< 2h"
"GSTC","31/3/2026","MA-TMO-C004M","Indisponibilidade","Atrasado","12:03","12:04","00:01","0,00208325","PARCIAL","CORTE E RELIGAÇÃO","Timon","< 2h"
"GSTC","12/8/2026","MA-TMO-H001M","Indisponibilidade","Eletricista em treinamento","08:00","18:00","10:00","1","TOTAL","CORTE E RELIGAÇÃO","Timon","> 6h"
"GSTC","22/9/2026","MA-TMO-C001M","Indisponibilidade","Atrasado","08:00","08:46","00:46","0,09583325","PARCIAL","CORTE E RELIGAÇÃO","Timon","< 2h"
"GSTC","20/8/2026","MA-TMO-E001M","Indisponibilidade","CHECKLIST","07:15","07:16","00:01","0,00208325","PARCIAL","PLANTÃO","Timon","< 2h"
"GSTC","4/5/2026","MA-TMO-D001M","Indisponibilidade","Problemas mecânicos","17:38","17:38","00:00","0","TOTAL","SEED MONEY","Timon","< 2h"
"GSTC","15/9/2026","MA-TMO-C003M","Indisponibilidade","Eletricista em treinamento","08:00","13:52","05:52","0,73333325","PARCIAL","CORTE E RELIGAÇÃO","Timon","4 a 6h"
"GSTC","18/9/2026","MA-TMO-E003M","Indisponibilidade","Problemas mecânicos","09:03","18:17","09:14","1","TOTAL","PLANTÃO","Timon","> 6h"
"GSTC","21/9/2026","MA-TMO-L002M","Indisponibilidade","Problemas mecânicos","09:11","11:59","02:48","0,35","PARCIAL","LIGAÇÃO NOVA","Timon","2 a 4h"
"GSTC","12/8/2026","MA-TMO-D001M","Indisponibilidade","Eletricista em treinamento","08:00","18:00","10:00","1","TOTAL","SEED MONEY","Timon","> 6h"
"GSTC","12/8/2026","MA-TMO-E003T","Indisponibilidade","Eletricista em treinamento","16:00","02:00","10:00","1","PARCIAL","PLANTÃO","Timon","> 6h"
"GSTC","6/7/2026","MA-TMO-C001M","Indisponibilidade","Problemas mecânicos","09:37","19:02","09:25","1","TOTAL","CORTE E RELIGAÇÃO","Timon","> 6h"
"GSTC","26/1/2026","MA-MTS-C001M","Indisponibilidade","Problemas mecânicos","08:54","14:29","05:35","0,697916625","PARCIAL","LIGAÇÃO NOVA","Timon","4 a 6h"
"GSTC","20/4/2026","MA-TMO-E002M","Indisponibilidade","Problemas mecânicos","08:20","10:01","01:41","0,210416625","PARCIAL","PLANTÃO","Timon","< 2h"
"GSTC","23/4/2026","MA-TMO-D003M","Indisponibilidade","Eletricista em treinamento","08:00","20:00","12:00","1","TOTAL","SEED MONEY","Timon","> 6h"
"GSTC","25/8/2026","MA-TMO-H001M","Indisponibilidade","Eletricista com problema particular","14:21","19:44","05:23","0,672916625","PARCIAL","CORTE E RELIGAÇÃO","Timon","4 a 6h"
"GSTC","2/9/2026","MA-TMO-E001M","Indisponibilidade","Eletricista em treinamento","08:22","08:52","00:30","0,0625","PARCIAL","PLANTÃO","Timon","< 2h"
"GSTC","20/6/2026","MA-TMO-C002M","Indisponibilidade","CHECKLIST","08:48","09:29","00:41","0,085416625","PARCIAL","CORTE E RELIGAÇÃO","Timon","< 2h"
"GSTC","27/6/2026","MA-TMO-E002T","Indisponibilidade","Problemas mecânicos","21:17","22:08","00:51","0,10625","PARCIAL","PLANTÃO","Timon","< 2h"
"GSTC","2/10/2026","MA-SQA-M001M","Indisponibilidade","Interjornada","08:00","18:00","10:00","1","TOTAL","LIGAÇÃO NOVA","Chapadinha","> 6h"
"GSTC","18/7/2026","MA-COE-E001M","Indisponibilidade","Problemas mecânicos","07:00","17:00","10:00","1","TOTAL","PLANTÃO","Chapadinha","> 6h"
"GSTC","22/7/2026","MA-COE-E001M","Indisponibilidade","Problemas mecânicos","08:18","12:19","04:01","0,50208325","PARCIAL","PLANTÃO","Chapadinha","4 a 6h"
"GSTC","1/1/2026","MA-COE-E001T","Indisponibilidade","CHECKLIST","16:15","16:51","00:36","0,075","PARCIAL","PLANTÃO","Chapadinha","< 2h"
"GSTC","24/7/2026","MA-COE-E001M","Indisponibilidade","CHECKLIST","08:17","08:18","00:01","0,00208325","PARCIAL","PLANTÃO","Chapadinha","< 2h"
"GSTC","5/10/2026","MA-COE-E001M","Indisponibilidade","CHECKLIST","07:14","07:20","00:06","0,0125","PARCIAL","PLANTÃO","Chapadinha","< 2h"
"GSTC","23/7/2026","MA-COE-E002M","Indisponibilidade","Outros","07:40","10:07","02:27","0,30625","TOTAL","PLANTÃO","Chapadinha","2 a 4h"
"GSTC","23/7/2026","MA-COE-E002M","Indisponibilidade","Problemas mecânicos","10:08","19:08","09:00","1","TOTAL","PLANTÃO","Chapadinha","> 6h"
"GSTC","10/1/2026","MA-COE-E003M","Indisponibilidade","Problemas mecânicos","08:08","11:39","03:31","0,43958325","PARCIAL","PLANTÃO","Chapadinha","2 a 4h"
"GSTC","2/7/2026","MA-SQA-M001M","Indisponibilidade","Problemas mecânicos","08:00","08:23","00:23","0,047916625","TOTAL","LIGAÇÃO NOVA","Chapadinha","< 2h"
"GSTC","2/7/2026","MA-SQA-M001M","Indisponibilidade","Problemas mecânicos","08:24","18:24","10:00","1","TOTAL","LIGAÇÃO NOVA","Chapadinha","> 6h"
"GSTC","12/1/2026","MA-COE-E002M","Indisponibilidade","Problemas mecânicos","08:24","18:09","09:45","1","PARCIAL","PLANTÃO","Chapadinha","> 6h"
"GSTC","14/6/2026","MA-COE-E003M","Indisponibilidade","Problemas mecânicos","14:45","17:39","02:54","0,3625","PARCIAL","PLANTÃO","Chapadinha","2 a 4h"
"GSTC","15/2/2026","MA-COE-E003M","Indisponibilidade","CHECKLIST","07:42","08:15","00:33","0,06875","PARCIAL","PLANTÃO","Chapadinha","< 2h"
"GSTC","10/7/2026","MA-SQA-M001M","Indisponibilidade","Interjornada","08:00","10:57","02:57","0,36875","PARCIAL","LIGAÇÃO NOVA","Chapadinha","2 a 4h"
"GSTC","2/6/2026","MA-BJO-E001T","Indisponibilidade","Eletricista de atestado","15:54","16:33","00:39","0,08125","PARCIAL","PLANTÃO","Chapadinha","< 2h"
"GSTC","8/6/2026","MA-COE-E003M","Indisponibilidade","CHECKLIST","07:26","07:34","00:08","0,016666625","PARCIAL","PLANTÃO","Chapadinha","< 2h"
"GSTC","6/7/2026","MA-COE-E003M","Indisponibilidade","Problemas mecânicos","08:00","17:02","09:02","1","PARCIAL","PLANTÃO","Chapadinha","> 6h"
"GSTC","13/1/2026","MA-COE-E001M","Indisponibilidade","Problemas mecânicos","08:37","18:40","10:03","1","PARCIAL","PLANTÃO","Chapadinha","> 6h"
"GSTC","11/6/2026","MA-CHA-E001T","Indisponibilidade","Outros","15:42","17:59","02:17","0,285416625","PARCIAL","PLANTÃO","Chapadinha","2 a 4h"
"GSTC","20/2/2026","MA-CHA-D002M","Indisponibilidade","Eletricista em treinamento","08:40","20:40","12:00","1","TOTAL","SEED MONEY","Chapadinha","> 6h"
"GSTC","21/2/2026","MA-CHA-D002M","Indisponibilidade","Problemas mecânicos","14:11","22:11","08:00","1","TOTAL","SEED MONEY","Chapadinha","> 6h"
"GSTC","31/1/2026","MA-UBS-M001M","Indisponibilidade","CHECKLIST","08:21","08:21","00:00","0","PARCIAL","LIGAÇÃO NOVA","Chapadinha","< 2h"
"GSTC","23/2/2026","MA-CHA-C001M","Indisponibilidade","Problemas mecânicos","08:38","12:45","04:07","0,51458325","PARCIAL","CORTE E RELIGAÇÃO","Chapadinha","4 a 6h"
"GSTC","3/2/2026","MA-CHA-D001M","Indisponibilidade","Problemas mecânicos","09:47","19:47","10:00","1","TOTAL","SEED MONEY","Chapadinha","> 6h"
"GSTC","7/2/2026","MA-CHA-D002M","Indisponibilidade","CHECKLIST","08:44","08:45","00:01","0,00208325","TOTAL","SEED MONEY","Chapadinha","< 2h"
"GSTC","12/2/2026","MA-ANA-M001M","Indisponibilidade","Problemas mecânicos","08:09","12:02","03:53","0,485416625","PARCIAL","LIGAÇÃO NOVA","Chapadinha","2 a 4h"
"GSTC","21/2/2026","MA-CHA-L001M","Indisponibilidade","Atrasado","14:00","14:16","00:16","0,03333325","PARCIAL","LIGAÇÃO NOVA","Chapadinha","< 2h"
"GSTC","24/2/2026","MA-CHA-D001M","Indisponibilidade","Eletricista de atestado","09:23","21:23","12:00","1","TOTAL","SEED MONEY","Chapadinha","> 6h"
"GSTC","25/2/2026","MA-CHA-C002M","Indisponibilidade","Problemas mecânicos","14:24","18:03","03:39","0,45625","PARCIAL","CORTE E RELIGAÇÃO","Chapadinha","2 a 4h"
"GSTC","10/2/2026","MA-CHA-E002M","Indisponibilidade","Problemas mecânicos","08:00","10:33","02:33","0,31875","PARCIAL","PLANTÃO","Chapadinha","2 a 4h"
"GSTC","22/8/2026","MA-CHA-E001T","Indisponibilidade","Outros","16:00","17:09","01:09","0,14375","PARCIAL","PLANTÃO","Chapadinha","< 2h"
"GSTC","10/9/2026","MA-CHA-E001T","Indisponibilidade","Problemas mecânicos","16:27","16:27","00:00","0","PARCIAL","PLANTÃO","Chapadinha","< 2h"
"GSTC","18/9/2026","MA-CHA-E001T","Indisponibilidade","Problemas com EPI/EPC","15:28","15:32","00:04","0,00833325","PARCIAL","PLANTÃO","Chapadinha","< 2h"
"GSTC","3/4/2026","MA-UBS-M002M","Indisponibilidade","Interjornada","08:05","09:10","01:05","0,135416625","PARCIAL","LIGAÇÃO NOVA","Chapadinha","< 2h"
"GSTC","13/1/2026","MA-CHA-E002M","Indisponibilidade","Problemas mecânicos","09:00","12:23","03:23","0,422916625","PARCIAL","PLANTÃO","Chapadinha","2 a 4h"
"GSTC","4/2/2026","MA-CHA-D001M","Indisponibilidade","Problemas mecânicos","08:00","18:00","10:00","1","TOTAL","SEED MONEY","Chapadinha","> 6h"
"GEOM","1/7/2026","MA-SJP-O004M","Indisponibilidade","Problemas mecânicos","07:44","15:44","08:00","1","TOTAL","LINHA MORTA","São Joao dos Patos","> 6h"
"GEOM","24/9/2026","MA-SJP-O003M","Indisponibilidade","Problemas mecânicos","07:58","07:59","00:01","0,00208325","TOTAL","LINHA MORTA","São Joao dos Patos","< 2h"
"GEOM","24/9/2026","MA-SJP-O003M","Indisponibilidade","Problemas mecânicos","08:16","17:26","09:10","1","TOTAL","LINHA MORTA","São Joao dos Patos","> 6h"
"GEOM","1/7/2026","MA-SJP-O003M","Indisponibilidade","CHECKLIST","08:18","09:13","00:55","0,11458325","PARCIAL","LINHA MORTA","São Joao dos Patos","< 2h"
"GEOM","4/8/2026","MA-SJP-O003M","Indisponibilidade","CHECKLIST","08:10","12:38","04:28","0,55833325","PARCIAL","LINHA MORTA","São Joao dos Patos","4 a 6h"
"GEOM","2/3/2026","MA-SJP-O004M","Indisponibilidade","","08:00","18:00","10:00","1","TOTAL","LINHA MORTA","São Joao dos Patos","> 6h"
"GEOM","28/8/2026","MA-SJP-O003M","Indisponibilidade","Folga não registrada no calendário","07:46","16:06","08:20","1","TOTAL","LINHA MORTA","São Joao dos Patos","> 6h"
"GEOM","8/9/2026","MA-SJP-O004M","Indisponibilidade","CHECKLIST","08:27","17:39","09:12","1","TOTAL","LINHA MORTA","São Joao dos Patos","> 6h"
"GEOM","20/7/2026","MA-SJP-O004M","Indisponibilidade","Problemas mecânicos","11:54","11:54","00:00","0","TOTAL","LINHA MORTA","São Joao dos Patos","< 2h"
"GEOM","20/7/2026","MA-SJP-O004M","Indisponibilidade","Problemas mecânicos","14:16","17:36","03:20","0,416666625","TOTAL","LINHA MORTA","São Joao dos Patos","2 a 4h"
"GEOM","6/7/2026","MA-SJP-O004M","Indisponibilidade","Problemas mecânicos","08:30","17:42","09:12","1","TOTAL","LINHA MORTA","São Joao dos Patos","> 6h"
"GEOM","20/2/2026","MA-SJP-O004M","Indisponibilidade","","08:00","12:00","04:00","0,5","PARCIAL","LINHA MORTA","São Joao dos Patos","4 a 6h"
"GEOM","3/8/2026","MA-SJP-O002M","Indisponibilidade","CHECKLIST","08:55","18:32","09:37","1","TOTAL","LINHA MORTA","São Joao dos Patos","> 6h"
"GEOM","10/3/2026","MA-SJP-O003M","Indisponibilidade","CHECKLIST","12:00","17:37","05:37","0,70208325","TOTAL","LINHA MORTA","São Joao dos Patos","4 a 6h"
"GEOM","10/3/2026","MA-SJP-O003M","Indisponibilidade","CHECKLIST","08:00","12:00","04:00","0,5","TOTAL","LINHA MORTA","São Joao dos Patos","4 a 6h"
"GEOM","28/7/2026","MA-SJP-O003M","Indisponibilidade","Problemas mecânicos","07:30","13:02","05:32","0,691666625","TOTAL","LINHA MORTA","São Joao dos Patos","4 a 6h"
"GEOM","6/8/2026","MA-SJP-O004M","Indisponibilidade","CHECKLIST","08:31","11:08","02:37","0,32708325","PARCIAL","LINHA MORTA","São Joao dos Patos","2 a 4h"
"GSTC","30/1/2026","MA-MTS-C001M","Indisponibilidade","Problemas mecânicos","08:00","17:26","09:26","1","PARCIAL","LIGAÇÃO NOVA","Timon","> 6h"
"GSTC","7/2/2026","MA-PNM-E001M","Indisponibilidade","CHECKLIST","07:44","07:56","00:12","0,025","PARCIAL","PLANTÃO","Timon","< 2h"
"GSTC","7/7/2026","MA-TMO-E002M","Indisponibilidade","Problemas mecânicos","08:00","13:04","05:04","0,63333325","PARCIAL","PLANTÃO","Timon","4 a 6h"
"GSTC","24/7/2026","MA-TMO-E002M","Indisponibilidade","Eletricista em treinamento","07:18","08:24","01:06","0,1375","TOTAL","PLANTÃO","Timon","< 2h"
"GSTC","31/3/2026","MA-TMO-E002M","Indisponibilidade","Atrasado","08:00","10:29","02:29","0,310416625","PARCIAL","PLANTÃO","Timon","2 a 4h"
"GSTC","14/8/2026","MA-TMO-H001M","Indisponibilidade","Problemas mecânicos","14:01","18:07","04:06","0,5125","PARCIAL","CORTE E RELIGAÇÃO","Timon","4 a 6h"
"GSTC","4/5/2026","MA-TMO-E002M","Indisponibilidade","CHECKLIST","08:31","08:59","00:28","0,05833325","PARCIAL","PLANTÃO","Timon","< 2h"
"GSTC","23/5/2026","MA-TMO-E001T","Indisponibilidade","CHECKLIST","16:14","16:19","00:05","0,010416625","PARCIAL","PLANTÃO","Timon","< 2h"
"GSTC","15/7/2026","MA-TMO-C001M","Indisponibilidade","Eletricista de atestado","09:15","09:22","00:07","0,01458325","PARCIAL","CORTE E RELIGAÇÃO","Timon","< 2h"
"GSTC","13/8/2026","MA-TMO-C003M","Indisponibilidade","Eletricista de atestado","08:00","09:10","01:10","0,14583325","PARCIAL","CORTE E RELIGAÇÃO","Timon","< 2h"
"GSTC","12/5/2026","MA-TMO-C002M","Indisponibilidade","Outros","16:58","02:58","10:00","1","PARCIAL","CORTE E RELIGAÇÃO","Timon","> 6h"
"GSTC","21/9/2026","MA-TMO-E003M","Indisponibilidade","Problemas mecânicos","08:48","10:48","02:00","0,25","PARCIAL","PLANTÃO","Timon","2 a 4h"
"GSTC","21/9/2026","MA-TMO-E003M","Indisponibilidade","Problemas mecânicos","14:03","17:48","03:45","0,46875","PARCIAL","PLANTÃO","Timon","2 a 4h"
"GSTC","26/5/2026","MA-TMO-D003M","Indisponibilidade","CHECKLIST","08:27","08:33","00:06","0,0125","PARCIAL","SEED MONEY","Timon","< 2h"
"GSTC","22/7/2026","MA-TMO-E001M","Indisponibilidade","Problemas mecânicos","09:01","10:56","01:55","0,23958325","PARCIAL","PLANTÃO","Timon","< 2h"
"GSTC","11/1/2026","MA-PNM-E001M","Indisponibilidade","CHECKLIST","07:48","08:01","00:13","0,02708325","PARCIAL","PLANTÃO","Timon","< 2h"
"GSTC","12/8/2026","MA-TMO-C003M","Indisponibilidade","Eletricista em treinamento","08:00","18:00","10:00","1","TOTAL","CORTE E RELIGAÇÃO","Timon","> 6h"
"GSTC","22/6/2026","MA-TMO-D002M","Indisponibilidade","CHECKLIST","09:15","10:04","00:49","0,10208325","PARCIAL","SEED MONEY","Timon","< 2h"
"GSTC","25/9/2026","MA-TMO-E003M","Indisponibilidade","CHECKLIST","09:06","09:07","00:01","0,00208325","PARCIAL","PLANTÃO","Timon","< 2h"
"GSTC","14/1/2026","MA-SDA-E001M","Indisponibilidade","Problemas mecânicos","08:12","18:12","10:00","1","TOTAL","PLANTÃO","São Joao dos Patos","> 6h"
"GSTC","21/1/2026","MA-SJP-E002M","Indisponibilidade","Problemas mecânicos","08:00","18:00","10:00","1","TOTAL","PLANTÃO","São Joao dos Patos","> 6h"
"GSTC","17/7/2026","MA-PTB-E001M","Indisponibilidade","Interjornada","08:00","11:06","03:06","0,3875","PARCIAL","PLANTÃO","São Joao dos Patos","2 a 4h"
"GSTC","30/7/2026","MA-PRB-M001M","Indisponibilidade","Eletricista em treinamento","08:00","09:43","01:43","0,21458325","PARCIAL","LIGAÇÃO NOVA","São Joao dos Patos","< 2h"
"GSTC","30/7/2026","MA-PTB-E001M","Indisponibilidade","Eletricista em treinamento","08:00","11:15","03:15","0,40625","PARCIAL","PLANTÃO","São Joao dos Patos","2 a 4h"
"GSTC","3/3/2026","MA-SDA-E001M","Indisponibilidade","Problemas mecânicos","08:00","10:22","02:22","0,29583325","PARCIAL","PLANTÃO","São Joao dos Patos","2 a 4h"
"GSTC","5/3/2026","MA-SJP-E001T","Indisponibilidade","CHECKLIST","18:06","18:12","00:06","0,0125","PARCIAL","PLANTÃO","São Joao dos Patos","< 2h"
"GSTC","7/9/2026","MA-BRG-E001M","Indisponibilidade","Interjornada","07:25","12:30","05:05","0,635416625","PARCIAL","PLANTÃO","São Joao dos Patos","4 a 6h"
"GSTC","8/9/2026","MA-PSF-E001M","Indisponibilidade","Problemas mecânicos","14:00","20:00","06:00","0,75","PARCIAL","PLANTÃO","São Joao dos Patos","> 6h"
"GSTC","19/9/2026","MA-SDA-E001M","Indisponibilidade","CHECKLIST","08:07","08:08","00:01","0,00208325","PARCIAL","PLANTÃO","São Joao dos Patos","< 2h"
"GSTC","19/9/2026","MA-SDA-E001M","Indisponibilidade","Atrasado","08:10","11:08","02:58","0,37083325","PARCIAL","PLANTÃO","São Joao dos Patos","2 a 4h"
"GSTC","9/1/2026","MA-PSF-E001M","Indisponibilidade","Problemas mecânicos","08:00","10:07","02:07","0,26458325","PARCIAL","PLANTÃO","São Joao dos Patos","2 a 4h"
"GSTC","31/7/2026","MA-PRB-M001M","Indisponibilidade","Eletricista em treinamento","08:00","10:00","02:00","0,25","PARCIAL","LIGAÇÃO NOVA","São Joao dos Patos","2 a 4h"
"GSTC","31/7/2026","MA-PTB-E001M","Indisponibilidade","Eletricista em treinamento","08:00","09:59","01:59","0,247916625","PARCIAL","PLANTÃO","São Joao dos Patos","< 2h"
"GSTC","10/3/2026","MA-SDA-E001M","Indisponibilidade","Problemas mecânicos","07:40","14:37","06:57","0,86875","PARCIAL","PLANTÃO","São Joao dos Patos","> 6h"
"GSTC","16/3/2026","MA-BRG-E001M","Indisponibilidade","Problemas mecânicos","11:03","11:04","00:01","0,00208325","PARCIAL","PLANTÃO","São Joao dos Patos","< 2h"
"GSTC","19/1/2026","MA-SDA-E001M","Indisponibilidade","Interjornada","09:15","09:16","00:01","0,00208325","PARCIAL","PLANTÃO","São Joao dos Patos","< 2h"
"GSTC","11/3/2026","MA-SDA-E001M","Indisponibilidade","Problemas mecânicos","08:00","10:51","02:51","0,35625","PARCIAL","PLANTÃO","São Joao dos Patos","2 a 4h"
"GSTC","20/4/2026","MA-TMO-E001M","Indisponibilidade","Problemas mecânicos","09:00","13:15","04:15","0,53125","PARCIAL","PLANTÃO","Timon","4 a 6h"
"GSTC","23/4/2026","MA-TMO-H001M","Indisponibilidade","Eletricista em treinamento","08:00","20:00","12:00","1","TOTAL","CORTE E RELIGAÇÃO","Timon","> 6h"
"GSTC","27/8/2026","MA-TMO-H001M","Indisponibilidade","Eletricista de atestado","14:31","19:21","04:50","0,604166625","PARCIAL","CORTE E RELIGAÇÃO","Timon","4 a 6h"
"GSTC","28/8/2026","MA-TMO-D003M","Indisponibilidade","Problemas mecânicos","08:00","14:03","06:03","0,75625","PARCIAL","SEED MONEY","Timon","> 6h"
"GSTC","24/9/2026","MA-TMO-E003M","Indisponibilidade","CHECKLIST","18:02","18:09","00:07","0,01458325","PARCIAL","PLANTÃO","Timon","< 2h"
"GSTC","30/4/2026","MA-TMO-C004M","Indisponibilidade","Problemas mecânicos","08:00","18:00","10:00","1","TOTAL","CORTE E RELIGAÇÃO","Timon","> 6h"
"GSTC","23/6/2026","MA-TMO-E003M","Indisponibilidade","Problemas mecânicos","09:08","16:35","07:27","0,93125","PARCIAL","PLANTÃO","Timon","> 6h"
"GSTC","9/4/2026","MA-TMO-E003M","Indisponibilidade","Problemas mecânicos","08:03","14:22","06:19","0,78958325","PARCIAL","PLANTÃO","Timon","> 6h"
"GSTC","1/9/2026","MA-TMO-D002M","Indisponibilidade","Eletricista em treinamento","08:00","18:00","10:00","1","TOTAL","SEED MONEY","Timon","> 6h"
"GSTC","10/8/2026","MA-TMO-D003M","Indisponibilidade","Eletricista de atestado","09:43","18:14","08:31","1","TOTAL","SEED MONEY","Timon","> 6h"
"GSTC","4/2/2026","MA-MTS-C001M","Indisponibilidade","Problemas mecânicos","08:00","18:18","10:18","1","PARCIAL","LIGAÇÃO NOVA","Timon","> 6h"
"GSTC","25/5/2026","MA-TMO-C004M","Indisponibilidade","Problemas mecânicos","14:12","17:20","03:08","0,391666625","PARCIAL","CORTE E RELIGAÇÃO","Timon","2 a 4h"
"GSTC","3/2/2026","MA-MTS-C001M","Indisponibilidade","Problemas mecânicos","08:01","17:59","09:58","1","PARCIAL","LIGAÇÃO NOVA","Timon","> 6h"
"GSTC","11/5/2026","MA-TMO-M001M","Indisponibilidade","Problemas mecânicos","09:21","18:07","08:46","1","PARCIAL","LIGAÇÃO NOVA","Timon","> 6h"
"GSTC","16/5/2026","MA-TMO-E002M","Indisponibilidade","Problemas mecânicos","09:18","09:49","00:31","0,06458325","PARCIAL","PLANTÃO","Timon","< 2h"
"GSTC","21/9/2026","MA-TMO-D003M","Indisponibilidade","Diálogo de segurança","11:15","11:16","00:01","0,00208325","TOTAL","SEED MONEY","Timon","< 2h"
"GSTC","17/4/2026","MA-TMO-M001M","Indisponibilidade","Problemas mecânicos","08:00","15:56","07:56","0,991666625","PARCIAL","LIGAÇÃO NOVA","Timon","> 6h"
"GSTC","22/4/2026","MA-TMO-H001M","Indisponibilidade","Eletricista em treinamento","08:44","17:58","09:14","1","TOTAL","CORTE E RELIGAÇÃO","Timon","> 6h"
"GSTC","9/7/2026","MA-TMO-E003M","Indisponibilidade","Problemas mecânicos","08:20","15:44","07:24","0,925","PARCIAL","PLANTÃO","Timon","> 6h"
"GSTC","4/7/2026","MA-COE-E001M","Indisponibilidade","Problemas mecânicos","08:00","10:33","02:33","0,31875","PARCIAL","PLANTÃO","Chapadinha","2 a 4h"
"GSTC","4/7/2026","MA-COE-E001M","Indisponibilidade","Problemas mecânicos","14:09","15:32","01:23","0,172916625","PARCIAL","PLANTÃO","Chapadinha","< 2h"
"GSTC","5/7/2026","MA-COE-E003M","Indisponibilidade","CHECKLIST","16:33","16:34","00:01","0,00208325","PARCIAL","PLANTÃO","Chapadinha","< 2h"
"GSTC","5/7/2026","MA-COE-E003M","Indisponibilidade","Problemas mecânicos","17:46","17:46","00:00","0","PARCIAL","PLANTÃO","Chapadinha","< 2h"
"GSTC","30/7/2026","MA-COE-E003M","Indisponibilidade","Problemas mecânicos","08:00","09:23","01:23","0,172916625","PARCIAL","PLANTÃO","Chapadinha","< 2h"
"GSTC","28/7/2026","MA-COE-E001T","Indisponibilidade","CHECKLIST","16:11","16:15","00:04","0,00833325","PARCIAL","PLANTÃO","Chapadinha","< 2h"
"GSTC","15/1/2026","MA-BJO-E001M","Indisponibilidade","CHECKLIST","07:02","07:07","00:05","0,010416625","PARCIAL","PLANTÃO","Chapadinha","< 2h"
"GSTC","6/6/2026","MA-SQA-M001M","Indisponibilidade","Problemas mecânicos","11:06","12:34","01:28","0,18333325","PARCIAL","LIGAÇÃO NOVA","Chapadinha","< 2h"
"GSTC","8/1/2026","MA-COE-E001M","Indisponibilidade","CHECKLIST","07:30","07:52","00:22","0,04583325","PARCIAL","PLANTÃO","Chapadinha","< 2h"
"GSTC","3/7/2026","MA-COE-E003M","Indisponibilidade","Problemas mecânicos","08:00","18:00","10:00","1","TOTAL","PLANTÃO","Chapadinha","> 6h"
"GSTC","4/7/2026","MA-COE-E001T","Indisponibilidade","Problemas mecânicos","","","05:00","0,625","TOTAL","PLANTÃO","Chapadinha","4 a 6h"
"GSTC","4/7/2026","MA-COE-E001T","Indisponibilidade","Problemas mecânicos","17:38","23:38","06:00","0,75","TOTAL","PLANTÃO","Chapadinha","> 6h"
"GSTC","27/7/2026","MA-COE-E001M","Indisponibilidade","Problemas mecânicos","07:58","11:18","03:20","0,416666625","PARCIAL","PLANTÃO","Chapadinha","2 a 4h"
"GSTC","4/8/2026","MA-COE-E001T","Indisponibilidade","CHECKLIST","07:38","16:19","08:41","1","PARCIAL","PLANTÃO","Chapadinha","> 6h"
"GSTC","26/7/2026","MA-COE-E001M","Indisponibilidade","Problemas mecânicos","08:19","18:19","10:00","1","TOTAL","PLANTÃO","Chapadinha","> 6h"
"GSTC","1/10/2026","MA-COE-E002M","Indisponibilidade","Problemas mecânicos","08:20","09:18","00:58","0,12083325","PARCIAL","PLANTÃO","Chapadinha","< 2h"
"GSTC","23/2/2026","MA-BJO-E001M","Indisponibilidade","Problemas mecânicos","08:15","18:46","10:31","1","TOTAL","PLANTÃO","Chapadinha","> 6h"
"GSTC","1/6/2026","MA-BJO-E001M","Indisponibilidade","CHECKLIST","07:00","07:11","00:11","0,022916625","PARCIAL","PLANTÃO","Chapadinha","< 2h"
"GSTC","17/8/2026","MA-COE-E001M","Indisponibilidade","Problemas mecânicos","07:00","17:00","10:00","1","TOTAL","PLANTÃO","Chapadinha","> 6h"
"GEOM","23/9/2026","MA-CHA-V002M","Indisponibilidade","Interjornada","07:30","11:10","03:40","0,45833325","PARCIAL","LINHA MORTA","Chapadinha","2 a 4h"
"GEOM","25/6/2026","MA-CHA-O002M","Indisponibilidade","Problemas mecânicos","07:55","11:43","03:48","0,475","TOTAL","LINHA MORTA","Chapadinha","2 a 4h"
"GEOM","13/7/2026","MA-CHA-O001M","Indisponibilidade","CHECKLIST","08:41","18:00","09:19","1","TOTAL","LINHA MORTA","Chapadinha","> 6h"
"GEOM","14/7/2026","MA-CHA-O003M","Indisponibilidade","CHECKLIST","07:43","08:10","00:27","0,05625","PARCIAL","LINHA MORTA","Chapadinha","< 2h"
"GEOM","14/7/2026","MA-CHA-O003M","Indisponibilidade","CHECKLIST","08:27","10:59","02:32","0,316666625","PARCIAL","LINHA MORTA","Chapadinha","2 a 4h"
"GEOM","14/7/2026","MA-CHA-O003M","Indisponibilidade","CHECKLIST","13:08","13:08","00:00","0","PARCIAL","LINHA MORTA","Chapadinha","< 2h"
"GEOM","14/7/2026","MA-CHA-O003M","Indisponibilidade","CHECKLIST","13:15","15:55","02:40","0,33333325","PARCIAL","LINHA MORTA","Chapadinha","2 a 4h"
"GEOM","14/7/2026","MA-CHA-O003M","Indisponibilidade","CHECKLIST","15:56","15:58","00:02","0,004166625","PARCIAL","LINHA MORTA","Chapadinha","< 2h"
"GEOM","7/6/2026","MA-CHA-V002M","Indisponibilidade","Interjornada","13:28","13:28","00:00","0","PARCIAL","LINHA MORTA","Chapadinha","< 2h"
"GEOM","13/1/2026","MA-CHA-V002M","Indisponibilidade","","08:00","12:02","04:02","0,504166625","TOTAL","LINHA MORTA","Chapadinha","4 a 6h"
"GEOM","10/8/2026","MA-CHA-O003M","Indisponibilidade","Problemas mecânicos","08:03","09:23","01:20","0,166666625","TOTAL","LINHA MORTA","Chapadinha","< 2h"
"GEOM","18/6/2026","MA-CHA-O003M","Indisponibilidade","CHECKLIST","07:39","08:32","00:53","0,110416625","PARCIAL","LINHA MORTA","Chapadinha","< 2h"
"GEOM","18/6/2026","MA-CHA-O003M","Indisponibilidade","CHECKLIST","08:42","09:04","00:22","0,04583325","PARCIAL","LINHA MORTA","Chapadinha","< 2h"
"GEOM","24/7/2026","MA-CHA-O003M","Indisponibilidade","Eletricista em treinamento","07:58","07:59","00:01","0,00208325","TOTAL","LINHA MORTA","Chapadinha","< 2h"
"GEOM","24/7/2026","MA-CHA-O003M","Indisponibilidade","Eletricista em treinamento","07:59","17:07","09:08","1","TOTAL","LINHA MORTA","Chapadinha","> 6h"
"GEOM","12/8/2026","MA-CHA-O002M","Indisponibilidade","Problemas mecânicos","13:34","18:09","04:35","0,572916625","TOTAL","LINHA MORTA","Chapadinha","4 a 6h"
"GEOM","12/8/2026","MA-CHA-O002M","Indisponibilidade","Problemas mecânicos","07:50","11:36","03:46","0,47083325","TOTAL","LINHA MORTA","Chapadinha","2 a 4h"
"GEOM","31/7/2026","MA-CHA-O003M","Indisponibilidade","CHECKLIST","07:54","07:56","00:02","0,004166625","PARCIAL","LINHA MORTA","Chapadinha","< 2h"
"GEOM","20/9/2026","MA-CHA-V002M","Indisponibilidade","CHECKLIST","08:54","10:03","01:09","0,14375","PARCIAL","LINHA MORTA","Chapadinha","< 2h"
"GSTC","11/6/2026","MA-MTS-C001M","Indisponibilidade","Problemas mecânicos","08:56","11:57","03:01","0,37708325","PARCIAL","LIGAÇÃO NOVA","Timon","2 a 4h"
"GSTC","4/2/2026","MA-UBS-M002M","Indisponibilidade","Problemas mecânicos","12:54","18:00","05:06","0,6375","PARCIAL","LIGAÇÃO NOVA","Chapadinha","4 a 6h"
"GSTC","11/2/2026","MA-CHA-C002M","Indisponibilidade","Blitz de segurança","08:28","12:15","03:47","0,472916625","PARCIAL","CORTE E RELIGAÇÃO","Chapadinha","2 a 4h"
"GSTC","19/2/2026","MA-CHA-E001T","Indisponibilidade","CHECKLIST","17:12","17:17","00:05","0,010416625","PARCIAL","PLANTÃO","Chapadinha","< 2h"
"GSTC","2/2/2026","MA-ANA-M001M","Indisponibilidade","Problemas mecânicos","08:00","16:22","08:22","1","PARCIAL","LIGAÇÃO NOVA","Chapadinha","> 6h"
"GSTC","7/6/2026","MA-CHA-E002T","Indisponibilidade","Problemas mecânicos","20:32","21:13","00:41","0,085416625","PARCIAL","PLANTÃO","Chapadinha","< 2h"
"GSTC","7/7/2026","MA-CHA-E001T","Indisponibilidade","Problemas mecânicos","16:10","16:24","00:14","0,029166625","PARCIAL","PLANTÃO","Chapadinha","< 2h"
"GSTC","10/2/2026","MA-CHA-E002T","Indisponibilidade","Problemas mecânicos","16:19","17:46","01:27","0,18125","PARCIAL","PLANTÃO","Chapadinha","< 2h"
"GSTC","25/7/2026","MA-CHA-E001T","Indisponibilidade","Outros","17:20","17:20","00:00","0","PARCIAL","PLANTÃO","Chapadinha","< 2h"
"GSTC","12/1/2026","MA-CHA-D001M","Indisponibilidade","Problemas mecânicos","08:00","18:00","10:00","1","TOTAL","SEED MONEY","Chapadinha","> 6h"
"GEOM","18/3/2026","MA-TMO-O004M","Indisponibilidade","Interjornada","14:00","17:00","03:00","0,375","TOTAL","LINHA MORTA","Timon","2 a 4h"
"GEOM","2/9/2026","MA-TMO-O004M","Indisponibilidade","Problemas mecânicos","08:00","18:00","10:00","1","TOTAL","LINHA MORTA","Timon","> 6h"
"GEOM","7/7/2026","MA-TMO-O004M","Indisponibilidade","Problemas mecânicos","08:26","12:26","04:00","0,5","PARCIAL","LINHA MORTA","Timon","4 a 6h"
"GEOM","10/8/2026","MA-TMO-O004M","Indisponibilidade","Problemas mecânicos","09:35","11:54","02:19","0,28958325","PARCIAL","LINHA MORTA","Timon","2 a 4h"
"GEOM","10/6/2026","MA-TMO-O004M","Indisponibilidade","Problemas mecânicos","","","08:00","1","TOTAL","LINHA MORTA","Timon","> 6h"
"GEOM","10/6/2026","MA-TMO-O004M","Indisponibilidade","Problemas mecânicos","","","08:00","1","TOTAL","LINHA MORTA","Timon","> 6h"
"GEOM","14/7/2026","MA-TMO-O004M","Indisponibilidade","Problemas mecânicos","08:30","16:30","08:00","1","TOTAL","LINHA MORTA","Timon","> 6h"
"GEOM","23/7/2026","MA-TMO-O004M","Indisponibilidade","Problemas mecânicos","08:38","16:38","08:00","1","TOTAL","LINHA MORTA","Timon","> 6h"
"GEOM","3/9/2026","MA-TMO-O004M","Indisponibilidade","Problemas mecânicos","08:00","18:00","10:00","1","TOTAL","LINHA MORTA","Timon","> 6h"
"GEOM","15/7/2026","MA-TMO-O004M","Indisponibilidade","Problemas mecânicos","20:41","00:41","04:00","0,5","TOTAL","LINHA MORTA","Timon","4 a 6h"
"GSTC","27/3/2026","MA-CAX-D001M","Indisponibilidade","Outros","09:00","20:03","11:03","1","TOTAL","SEED MONEY","Caxias","> 6h"
"GSTC","10/6/2026","MA-CAX-E001T","Indisponibilidade","CHECKLIST","16:06","16:21","00:15","0,03125","PARCIAL","PLANTÃO","Caxias","< 2h"
"GSTC","17/6/2026","MA-CAX-M001M","Indisponibilidade","Interjornada","08:11","13:43","05:32","0,691666625","PARCIAL","LIGAÇÃO NOVA","Caxias","4 a 6h"
"GSTC","6/2/2026","MA-CAX-D001M","Indisponibilidade","Problemas mecânicos","08:09","20:09","12:00","1","TOTAL","SEED MONEY","Caxias","> 6h"
"GSTC","9/2/2026","MA-CAX-E001M","Indisponibilidade","Problemas mecânicos","09:45","11:14","01:29","0,185416625","PARCIAL","PLANTÃO","Caxias","< 2h"
"GSTC","13/2/2026","MA-CAX-C001M","Indisponibilidade","Interjornada","08:25","16:43","08:18","1","PARCIAL","CORTE E RELIGAÇÃO","Caxias","> 6h"
"GSTC","23/2/2026","MA-ADA-E001M","Indisponibilidade","Problemas mecânicos","10:32","14:14","03:42","0,4625","PARCIAL","PLANTÃO","Caxias","2 a 4h"
"GSTC","5/5/2026","MA-CAX-C001M","Indisponibilidade","CHECKLIST","07:51","07:56","00:05","0,010416625","PARCIAL","CORTE E RELIGAÇÃO","Caxias","< 2h"
"GSTC","31/8/2026","MA-CAX-D002M","Indisponibilidade","Eletricista em treinamento","09:27","09:28","00:01","0,00208325","PARCIAL","SEED MONEY","Caxias","< 2h"
"GSTC","5/6/2026","MA-CAX-D001M","Indisponibilidade","Eletricista de atestado","08:00","18:00","10:00","1","TOTAL","SEED MONEY","Caxias","> 6h"
"GSTC","16/4/2026","MA-SJS-E001M","Indisponibilidade","Problemas mecânicos","08:00","15:41","07:41","0,960416625","PARCIAL","LIGAÇÃO NOVA","Caxias","> 6h"
"GSTC","30/1/2026","MA-CAX-D001M","Indisponibilidade","Problemas mecânicos","08:00","16:59","08:59","1","PARCIAL","SEED MONEY","Caxias","> 6h"
"GSTC","16/2/2026","MA-CAX-D002M","Indisponibilidade","Problemas mecânicos","08:00","20:00","12:00","1","TOTAL","SEED MONEY","Caxias","> 6h"
"GSTC","17/2/2026","MA-CAX-D002M","Indisponibilidade","Problemas mecânicos","08:35","20:35","12:00","1","TOTAL","SEED MONEY","Caxias","> 6h"
"GSTC","6/3/2026","MA-CAX-D001M","Indisponibilidade","Outros","08:13","19:13","11:00","1","TOTAL","SEED MONEY","Caxias","> 6h"
"GSTC","22/8/2026","MA-CAX-D002M","Indisponibilidade","Eletricista de atestado","08:00","08:22","00:22","0,04583325","TOTAL","SEED MONEY","Caxias","< 2h"
"GSTC","22/8/2026","MA-CAX-D002M","Indisponibilidade","Eletricista de atestado","10:26","18:00","07:34","0,94583325","TOTAL","SEED MONEY","Caxias","> 6h"
"GSTC","25/3/2026","MA-CAX-E002M","Indisponibilidade","Problemas mecânicos","07:59","17:02","09:03","1","TOTAL","PLANTÃO","Caxias","> 6h"
"GSTC","5/9/2026","MA-CAX-D002M","Indisponibilidade","Outros","08:00","16:00","08:00","1","TOTAL","SEED MONEY","Caxias","> 6h"
"GSTC","9/9/2026","MA-TMO-L001M","Indisponibilidade","CHECKLIST","08:44","09:32","00:48","0,1","PARCIAL","LIGAÇÃO NOVA","Timon","< 2h"
"GSTC","15/9/2026","MA-TMO-E003M","Indisponibilidade","Eletricista em treinamento","08:47","12:42","03:55","0,48958325","PARCIAL","PLANTÃO","Timon","2 a 4h"
"GSTC","1/9/2026","MA-TMO-C003M","Indisponibilidade","Eletricista em treinamento","08:00","18:52","10:52","1","PARCIAL","CORTE E RELIGAÇÃO","Timon","> 6h"
"GSTC","14/9/2026","MA-TMO-E002M","Indisponibilidade","Eletricista em treinamento","08:00","12:36","04:36","0,575","PARCIAL","PLANTÃO","Timon","4 a 6h"
"GSTC","21/9/2026","MA-TMO-E001M","Indisponibilidade","Problemas mecânicos","10:29","11:32","01:03","0,13125","PARCIAL","PLANTÃO","Timon","< 2h"
"GSTC","3/4/2026","MA-TMO-E002T","Indisponibilidade","CHECKLIST","17:48","18:11","00:23","0,047916625","PARCIAL","PLANTÃO","Timon","< 2h"
"GSTC","14/5/2026","MA-TMO-L001M","Indisponibilidade","Outros","08:00","12:55","04:55","0,61458325","PARCIAL","LIGAÇÃO NOVA","Timon","4 a 6h"
"GSTC","10/8/2026","MA-TMO-E003M","Indisponibilidade","Problemas mecânicos","08:00","11:18","03:18","0,4125","PARCIAL","PLANTÃO","Timon","2 a 4h"
"GSTC","11/8/2026","MA-TMO-E002M","Indisponibilidade","Problemas mecânicos","08:53","11:30","02:37","0,32708325","PARCIAL","PLANTÃO","Timon","2 a 4h"
"GSTC","12/8/2026","MA-TMO-C002M","Indisponibilidade","Eletricista em treinamento","08:00","18:00","10:00","1","TOTAL","CORTE E RELIGAÇÃO","Timon","> 6h"
"GSTC","18/2/2026","MA-MTS-C001M","Indisponibilidade","CHECKLIST","13:42","13:56","00:14","0,029166625","PARCIAL","LIGAÇÃO NOVA","Timon","< 2h"
"GSTC","30/3/2026","MA-TMO-C004M","Indisponibilidade","Problemas mecânicos","14:31","18:06","03:35","0,447916625","PARCIAL","CORTE E RELIGAÇÃO","Timon","2 a 4h"
"GSTC","20/2/2026","MA-SFM-E001M","Indisponibilidade","Interjornada","09:08","09:37","00:29","0,060416625","PARCIAL","PLANTÃO","Timon","< 2h"
"GSTC","10/8/2026","MA-TMO-E002M","Indisponibilidade","Problemas mecânicos","09:00","11:35","02:35","0,322916625","PARCIAL","PLANTÃO","Timon","2 a 4h"
"GSTC","11/8/2026","MA-TMO-E003M","Indisponibilidade","Problemas mecânicos","08:47","13:09","04:22","0,54583325","PARCIAL","PLANTÃO","Timon","4 a 6h"
"GSTC","2/2/2026","MA-MTS-C001M","Indisponibilidade","Problemas mecânicos","08:00","18:11","10:11","1","PARCIAL","LIGAÇÃO NOVA","Timon","> 6h"
"GSTC","16/6/2026","MA-TMO-L001M","Indisponibilidade","Outros","14:52","18:37","03:45","0,46875","PARCIAL","LIGAÇÃO NOVA","Timon","2 a 4h"
"GSTC","11/5/2026","MA-TMO-D003M","Indisponibilidade","Problemas mecânicos","08:00","18:00","10:00","1","TOTAL","SEED MONEY","Timon","> 6h"
"GSTC","12/5/2026","MA-TMO-M001M","Indisponibilidade","Problemas mecânicos","08:00","15:10","07:10","0,89583325","PARCIAL","LIGAÇÃO NOVA","Timon","> 6h"
"GSTC","30/7/2026","MA-COD-E001T","Indisponibilidade","Problemas mecânicos","16:23","19:23","03:00","0,375","PARCIAL","PLANTÃO","Caxias","2 a 4h"
"GSTC","9/3/2026","MA-COD-E002M","Indisponibilidade","Problemas mecânicos","08:00","12:14","04:14","0,529166625","PARCIAL","PLANTÃO","Caxias","4 a 6h"
"GSTC","17/3/2026","MA-COD-C001M","Indisponibilidade","Outros","08:00","09:12","01:12","0,15","PARCIAL","CORTE E RELIGAÇÃO","Caxias","< 2h"
"GSTC","23/3/2026","MA-CAX-D002M","Indisponibilidade","Problemas mecânicos","08:41","20:41","12:00","1","TOTAL","SEED MONEY","Caxias","> 6h"
"GSTC","29/7/2026","MA-COD-E001T","Indisponibilidade","Problemas mecânicos","15:00","17:51","02:51","0,35625","PARCIAL","PLANTÃO","Caxias","2 a 4h"
"GSTC","21/3/2026","MA-CAX-D002M","Indisponibilidade","Outros","08:24","18:53","10:29","1","TOTAL","SEED MONEY","Caxias","> 6h"
"GSTC","11/3/2026","MA-TMB-E001M","Indisponibilidade","Interjornada","08:20","08:35","00:15","0,03125","PARCIAL","PLANTÃO","Caxias","< 2h"
"GSTC","13/4/2026","MA-CAX-D002M","Indisponibilidade","Problemas mecânicos","14:29","14:29","00:00","0","PARCIAL","SEED MONEY","Caxias","< 2h"
"GSTC","20/4/2026","MA-COD-E002M","Indisponibilidade","Problemas mecânicos","08:00","17:04","09:04","1","TOTAL","PLANTÃO","Caxias","> 6h"
"GSTC","26/3/2026","MA-ANA-M001M","Indisponibilidade","CHECKLIST","07:56","08:01","00:05","0,010416625","PARCIAL","LIGAÇÃO NOVA","Chapadinha","< 2h"
"GSTC","4/4/2026","MA-UBS-M001M","Indisponibilidade","Interjornada","08:39","10:25","01:46","0,22083325","PARCIAL","PLANTÃO","Chapadinha","< 2h"
"GSTC","9/4/2026","MA-CHA-D001M","Indisponibilidade","Problemas mecânicos","08:34","20:34","12:00","1","TOTAL","SEED MONEY","Chapadinha","> 6h"
"GSTC","11/5/2026","MA-CHA-C003M","Indisponibilidade","CHECKLIST","07:53","08:07","00:14","0,029166625","PARCIAL","CORTE E RELIGAÇÃO","Chapadinha","< 2h"
"GSTC","12/5/2026","MA-COE-E001M","Indisponibilidade","CHECKLIST","10:43","10:45","00:02","0,004166625","PARCIAL","PLANTÃO","Chapadinha","< 2h"
"GSTC","12/5/2026","MA-COE-E001M","Indisponibilidade","Problemas mecânicos","10:45","10:45","00:00","0","PARCIAL","PLANTÃO","Chapadinha","< 2h"
"GSTC","3/5/2026","MA-ANA-M001M","Indisponibilidade","CHECKLIST","15:10","15:11","00:01","0,00208325","PARCIAL","LIGAÇÃO NOVA","Chapadinha","< 2h"
"GSTC","6/5/2026","MA-CHA-D001M","Indisponibilidade","Problemas mecânicos","08:00","16:00","08:00","1","TOTAL","SEED MONEY","Chapadinha","> 6h"
"GSTC","7/5/2026","MA-SQA-M001M","Indisponibilidade","Problemas mecânicos","08:38","14:18","05:40","0,70833325","PARCIAL","LIGAÇÃO NOVA","Chapadinha","4 a 6h"
"GSTC","13/5/2026","MA-CHA-M002M","Indisponibilidade","CHECKLIST","07:58","08:38","00:40","0,08333325","PARCIAL","PLANTÃO","Chapadinha","< 2h"
"GEOM","22/7/2026","MA-TMO-O004M","Indisponibilidade","Problemas mecânicos","08:11","16:11","08:00","1","TOTAL","LINHA MORTA","Timon","> 6h"
"GEOM","2/6/2026","MA-TMO-O004M","Indisponibilidade","Outros","08:00","12:00","04:00","0,5","PARCIAL","LINHA MORTA","Timon","4 a 6h"
"GEOM","12/5/2026","MA-TMO-O004M","Indisponibilidade","Problemas mecânicos","13:53","17:53","04:00","0,5","TOTAL","LINHA MORTA","Timon","4 a 6h"
"GEOM","15/5/2026","MA-TMO-O004M","Indisponibilidade","Outros","08:15","12:15","04:00","0,5","PARCIAL","LINHA MORTA","Timon","4 a 6h"
"GEOM","3/8/2026","MA-TMO-O002M","Indisponibilidade","Problemas mecânicos","08:40","16:40","08:00","1","TOTAL","LINHA MORTA","Timon","> 6h"
"GEOM","4/8/2026","MA-TMO-O002M","Indisponibilidade","Problemas mecânicos","08:36","16:36","08:00","1","TOTAL","LINHA MORTA","Timon","> 6h"
"GEOM","10/9/2026","MA-TMO-O004M","Indisponibilidade","Problemas mecânicos","08:00","18:00","10:00","1","TOTAL","LINHA MORTA","Timon","> 6h"
"GEOM","1/9/2026","MA-TMO-O004M","Indisponibilidade","Problemas mecânicos","08:00","14:00","06:00","0,75","PARCIAL","LINHA MORTA","Timon","> 6h"
"GEOM","8/6/2026","MA-TMO-O004M","Indisponibilidade","Problemas mecânicos","08:54","11:45","02:51","0,35625","TOTAL","LINHA MORTA","Timon","2 a 4h"
"GEOM","14/8/2026","MA-TMO-O002M","Indisponibilidade","Problemas mecânicos","08:23","11:32","03:09","0,39375","PARCIAL","LINHA MORTA","Timon","2 a 4h"
"GEOM","26/9/2026","MA-TMO-O002M","Indisponibilidade","Problemas mecânicos","08:00","18:00","10:00","1","TOTAL","LINHA MORTA","Timon","> 6h"
"GEOM","3/6/2026","MA-TMO-O004M","Indisponibilidade","Problemas mecânicos","08:00","18:00","10:00","1","TOTAL","LINHA MORTA","Timon","> 6h"
"GEOM","5/6/2026","MA-TMO-O004M","Indisponibilidade","Problemas mecânicos","08:54","12:54","04:00","0,5","TOTAL","LINHA MORTA","Timon","4 a 6h"
"GEOM","11/9/2026","MA-TMO-O004M","Indisponibilidade","Problemas mecânicos","08:00","08:00","00:00","0","PARCIAL","LINHA MORTA","Timon","< 2h"
"GEOM","30/7/2026","MA-TMO-O004M","Indisponibilidade","Problemas mecânicos","08:33","16:33","08:00","1","TOTAL","LINHA MORTA","Timon","> 6h"
"GEOM","17/7/2026","MA-TMO-O004M","Indisponibilidade","Problemas mecânicos","08:23","12:23","04:00","0,5","PARCIAL","LINHA MORTA","Timon","4 a 6h"
"GEOM","24/7/2026","MA-TMO-O004M","Indisponibilidade","Problemas mecânicos","08:39","16:39","08:00","1","TOTAL","LINHA MORTA","Timon","> 6h"
"GEOM","11/6/2026","MA-TMO-O004M","Indisponibilidade","Problemas mecânicos","08:01","16:01","08:00","1","TOTAL","LINHA MORTA","Timon","> 6h"
"GEOM","10/9/2026","MA-TMO-O002M","Indisponibilidade","Outros","14:08","14:14","00:06","0,0125","PARCIAL","LINHA MORTA","Timon","< 2h"
"GSTC","31/3/2026","MA-COE-E001M","Indisponibilidade","Outros","07:53","09:02","01:09","0,14375","PARCIAL","PLANTÃO","Chapadinha","< 2h"
"GSTC","8/4/2026","MA-COE-E002M","Indisponibilidade","Problemas mecânicos","08:12","12:20","04:08","0,516666625","PARCIAL","PLANTÃO","Chapadinha","4 a 6h"
"GSTC","5/3/2026","MA-CHA-C004M","Indisponibilidade","Problemas mecânicos","08:17","12:02","03:45","0,46875","PARCIAL","CORTE E RELIGAÇÃO","Chapadinha","2 a 4h"
"GSTC","29/4/2026","MA-CHA-E001M","Indisponibilidade","CHECKLIST","07:07","07:08","00:01","0,00208325","PARCIAL","PLANTÃO","Chapadinha","< 2h"
"GSTC","1/5/2026","MA-COE-E002M","Indisponibilidade","Problemas mecânicos","09:56","17:59","08:03","1","TOTAL","PLANTÃO","Chapadinha","> 6h"
"GSTC","5/5/2026","MA-CHA-D001M","Indisponibilidade","Problemas mecânicos","08:00","18:00","10:00","1","TOTAL","SEED MONEY","Chapadinha","> 6h"
"GSTC","5/5/2026","MA-UBS-M001M","Indisponibilidade","Outros","08:00","13:28","05:28","0,68333325","PARCIAL","PLANTÃO","Chapadinha","4 a 6h"
"GSTC","11/5/2026","MA-CHA-D002M","Indisponibilidade","Problemas mecânicos","08:14","20:14","12:00","1","TOTAL","SEED MONEY","Chapadinha","> 6h"
"GSTC","12/5/2026","MA-CHA-D001M","Indisponibilidade","Problemas mecânicos","08:00","18:00","10:00","1","TOTAL","SEED MONEY","Chapadinha","> 6h"
"GSTC","14/5/2026","MA-CHA-D001M","Indisponibilidade","Problemas mecânicos","08:00","16:00","08:00","1","TOTAL","SEED MONEY","Chapadinha","> 6h"
"GSTC","14/5/2026","MA-COE-E001M","Indisponibilidade","Problemas mecânicos","08:00","18:00","10:00","1","PARCIAL","PLANTÃO","Chapadinha","> 6h"
"GSTC","5/3/2026","MA-UBS-M001M","Indisponibilidade","Problemas mecânicos","11:03","11:04","00:01","0,00208325","PARCIAL","PLANTÃO","Chapadinha","< 2h"
"GSTC","28/5/2026","MA-ANA-M001M","Indisponibilidade","Eletricista em treinamento","08:00","08:26","00:26","0,054166625","PARCIAL","LIGAÇÃO NOVA","Chapadinha","< 2h"
"GSTC","6/3/2026","MA-CHA-D001M","Indisponibilidade","CHECKLIST","08:15","08:15","00:00","0","PARCIAL","SEED MONEY","Chapadinha","< 2h"
"GSTC","26/5/2026","MA-CHA-E002M","Indisponibilidade","CHECKLIST","08:19","08:24","00:05","0,010416625","PARCIAL","PLANTÃO","Chapadinha","< 2h"
"GSTC","6/5/2026","MA-ANA-M001M","Indisponibilidade","CHECKLIST","08:13","08:18","00:05","0,010416625","PARCIAL","LIGAÇÃO NOVA","Chapadinha","< 2h"
"GSTC","30/3/2026","MA-CHA-D001M","Indisponibilidade","Problemas mecânicos","10:27","22:27","12:00","1","TOTAL","SEED MONEY","Chapadinha","> 6h"
"GSTC","1/4/2026","MA-CHA-D001M","Indisponibilidade","Problemas mecânicos","08:00","10:00","02:00","0,25","TOTAL","SEED MONEY","Chapadinha","2 a 4h"
"GSTC","6/4/2026","MA-CHA-E001M","Indisponibilidade","Problemas mecânicos","08:40","10:23","01:43","0,21458325","PARCIAL","PLANTÃO","Chapadinha","< 2h"
"GSTC","16/6/2026","MA-TMO-E002M","Indisponibilidade","Problemas mecânicos","08:16","10:18","02:02","0,254166625","PARCIAL","PLANTÃO","Timon","2 a 4h"
"GSTC","20/3/2026","MA-TMO-C004M","Indisponibilidade","CHECKLIST","08:11","08:22","00:11","0,022916625","PARCIAL","CORTE E RELIGAÇÃO","Timon","< 2h"
"GSTC","5/8/2026","MA-TMO-E001T","Indisponibilidade","CHECKLIST","15:53","16:05","00:12","0,025","PARCIAL","PLANTÃO","Timon","< 2h"
"GSTC","7/8/2026","MA-TMO-E003M","Indisponibilidade","Problemas mecânicos","08:59","12:29","03:30","0,4375","PARCIAL","PLANTÃO","Timon","2 a 4h"
"GSTC","12/8/2026","MA-TMO-D003M","Indisponibilidade","Eletricista em treinamento","08:00","18:00","10:00","1","TOTAL","SEED MONEY","Timon","> 6h"
"GSTC","1/5/2026","MA-TMO-M001M","Indisponibilidade","Folga não registrada no calendário","13:30","01:30","12:00","1","TOTAL","LIGAÇÃO NOVA","Timon","> 6h"
"GSTC","6/4/2026","MA-TMO-E002M","Indisponibilidade","Problemas mecânicos","11:54","15:49","03:55","0,48958325","TOTAL","PLANTÃO","Timon","2 a 4h"
"GSTC","6/3/2026","MA-TMO-C004M","Indisponibilidade","Problemas mecânicos","08:16","18:13","09:57","1","PARCIAL","CORTE E RELIGAÇÃO","Timon","> 6h"
"GSTC","14/9/2026","MA-TMO-M001M","Indisponibilidade","CHECKLIST","09:12","09:14","00:02","0,004166625","PARCIAL","LIGAÇÃO NOVA","Timon","< 2h"
"GSTC","15/6/2026","MA-TMO-C002M","Indisponibilidade","Outros","08:26","19:49","11:23","1","PARCIAL","CORTE E RELIGAÇÃO","Timon","> 6h"
"GSTC","26/5/2026","MA-TMO-C004M","Indisponibilidade","Problemas mecânicos","08:00","14:45","06:45","0,84375","PARCIAL","CORTE E RELIGAÇÃO","Timon","> 6h"
"GSTC","12/8/2026","MA-TMO-L001M","Indisponibilidade","Eletricista em treinamento","08:00","17:55","09:55","1","PARCIAL","LIGAÇÃO NOVA","Timon","> 6h"
"GSTC","14/8/2026","MA-TMO-C001M","Indisponibilidade","Problemas mecânicos","09:00","19:00","10:00","1","TOTAL","CORTE E RELIGAÇÃO","Timon","> 6h"
"GSTC","12/8/2026","MA-TMO-E001T","Indisponibilidade","Eletricista em treinamento","16:00","18:52","02:52","0,35833325","PARCIAL","PLANTÃO","Timon","2 a 4h"
"GSTC","9/9/2026","MA-TMO-D002M","Indisponibilidade","Problemas mecânicos","14:34","17:53","03:19","0,41458325","PARCIAL","SEED MONEY","Timon","2 a 4h"
"GSTC","15/9/2026","MA-TMO-M001M","Indisponibilidade","Eletricista em treinamento","08:00","14:31","06:31","0,81458325","PARCIAL","LIGAÇÃO NOVA","Timon","> 6h"
"GSTC","2/10/2026","MA-CHA-F001M","Indisponibilidade","Eletricista com problema particular","08:00","18:00","10:00","1","TOTAL","INSPEÇÃO","Chapadinha","> 6h"
"GSTC","27/6/2026","MA-CHA-F002M","Indisponibilidade","CHECKLIST","07:49","07:50","00:01","0,00208325","PARCIAL","INSPEÇÃO","Chapadinha","< 2h"
"GSTC","1/8/2026","MA-CHA-F002M","Indisponibilidade","CHECKLIST","08:13","16:13","08:00","1","TOTAL","INSPEÇÃO","Chapadinha","> 6h"
"GEOM","6/7/2026","MA-TMO-O004M","Indisponibilidade","Diálogo de segurança","09:12","13:12","04:00","0,5","PARCIAL","LINHA MORTA","Timon","4 a 6h"
"GEOM","29/9/2026","MA-TMO-O004M","Indisponibilidade","Problemas mecânicos","09:00","18:00","09:00","1","TOTAL","LINHA MORTA","Timon","> 6h"
"GEOM","6/10/2026","MA-TMO-O002M","Indisponibilidade","CHECKLIST","06:57","07:21","00:24","0,05","PARCIAL","LINHA MORTA","Timon","< 2h"
"GEOM","21/8/2026","MA-TMO-O004M","Indisponibilidade","Problemas mecânicos","08:00","12:34","04:34","0,57083325","PARCIAL","LINHA MORTA","Timon","4 a 6h"
"GEOM","31/7/2026","MA-TMO-O004M","Indisponibilidade","Problemas mecânicos","10:32","17:32","07:00","0,875","TOTAL","LINHA MORTA","Timon","> 6h"
"GEOM","25/3/2026","MA-TMO-O004M","Indisponibilidade","Interjornada","13:29","13:29","00:00","0","PARCIAL","LINHA MORTA","Timon","< 2h"
"GEOM","14/9/2026","MA-TMO-O004M","Indisponibilidade","Problemas mecânicos","08:35","13:00","04:25","0,55208325","PARCIAL","LINHA MORTA","Timon","4 a 6h"
"GEOM","26/2/2026","MA-TMO-O004M","Indisponibilidade","","08:00","23:47","15:47","1","TOTAL","LINHA MORTA","Timon","> 6h"
"GEOM","31/8/2026","MA-TMO-O004M","Indisponibilidade","Problemas mecânicos","08:33","18:08","09:35","1","TOTAL","LINHA MORTA","Timon","> 6h"
"GEOM","13/7/2026","MA-TMO-O004M","Indisponibilidade","Problemas mecânicos","08:24","16:24","08:00","1","TOTAL","LINHA MORTA","Timon","> 6h"
"GEOM","7/8/2026","MA-TMO-O002M","Indisponibilidade","Problemas mecânicos","10:06","16:41","06:35","0,822916625","TOTAL","LINHA MORTA","Timon","> 6h"
"GEOM","28/9/2026","MA-TMO-O004M","Indisponibilidade","Problemas mecânicos","08:00","18:00","10:00","1","TOTAL","LINHA MORTA","Timon","> 6h"
"GEOM","15/9/2026","MA-TMO-O004M","Indisponibilidade","Problemas mecânicos","08:00","18:00","10:00","1","TOTAL","LINHA MORTA","Timon","> 6h"
"GEOM","17/9/2026","MA-TMO-O004M","Indisponibilidade","CHECKLIST","07:57","08:00","00:03","0,00625","PARCIAL","LINHA MORTA","Timon","< 2h"
"GEOM","7/5/2026","MA-TMO-O004M","Indisponibilidade","Interjornada","15:25","15:25","00:00","0","PARCIAL","LINHA MORTA","Timon","< 2h"
"GEOM","20/7/2026","MA-TMO-O002M","Indisponibilidade","Diálogo de segurança","08:22","16:22","08:00","1","TOTAL","LINHA MORTA","Timon","> 6h"
"GEOM","6/6/2026","MA-TMO-O004M","Indisponibilidade","Problemas mecânicos","08:18","16:18","08:00","1","PARCIAL","LINHA MORTA","Timon","> 6h"
"GEOM","6/6/2026","MA-TMO-O004M","Indisponibilidade","Problemas mecânicos","02:26","06:26","04:00","0,5","PARCIAL","LINHA MORTA","Timon","4 a 6h"
"GEOM","16/9/2026","MA-TMO-O004M","Indisponibilidade","Problemas mecânicos","08:00","18:00","10:00","1","TOTAL","LINHA MORTA","Timon","> 6h"
"GSTC","8/4/2026","MA-CHA-D001M","Indisponibilidade","Problemas mecânicos","08:35","20:35","12:00","1","TOTAL","SEED MONEY","Chapadinha","> 6h"
"GSTC","10/4/2026","MA-ANA-M001M","Indisponibilidade","Eletricista em treinamento","08:00","09:58","01:58","0,24583325","PARCIAL","LIGAÇÃO NOVA","Chapadinha","< 2h"
"GSTC","23/5/2026","MA-ANA-M001M","Indisponibilidade","Atrasado","09:50","10:47","00:57","0,11875","PARCIAL","LIGAÇÃO NOVA","Chapadinha","< 2h"
"GSTC","30/3/2026","MA-CHA-D002M","Indisponibilidade","Problemas mecânicos","10:24","22:24","12:00","1","TOTAL","SEED MONEY","Chapadinha","> 6h"
"GSTC","19/5/2026","MA-SQA-M001M","Indisponibilidade","Problemas mecânicos","08:00","10:14","02:14","0,279166625","PARCIAL","LIGAÇÃO NOVA","Chapadinha","2 a 4h"
"GSTC","22/5/2026","MA-ANA-M001M","Indisponibilidade","Problemas mecânicos","08:00","11:39","03:39","0,45625","PARCIAL","LIGAÇÃO NOVA","Chapadinha","2 a 4h"
"GSTC","18/5/2026","MA-UBS-M001M","Indisponibilidade","Problemas mecânicos","08:43","18:19","09:36","1","PARCIAL","PLANTÃO","Chapadinha","> 6h"
"GSTC","19/5/2026","MA-CHA-L001M","Indisponibilidade","Problemas mecânicos","08:00","18:18","10:18","1","TOTAL","LIGAÇÃO NOVA","Chapadinha","> 6h"
"GSTC","29/5/2026","MA-CHA-L001M","Indisponibilidade","Eletricista em treinamento","08:00","08:55","00:55","0,11458325","PARCIAL","LIGAÇÃO NOVA","Chapadinha","< 2h"
"GSTC","30/4/2026","MA-CHA-D001M","Indisponibilidade","Problemas mecânicos","08:00","18:00","10:00","1","PARCIAL","SEED MONEY","Chapadinha","> 6h"
"GSTC","30/4/2026","MA-SQA-M001M","Indisponibilidade","Atrasado","08:21","09:56","01:35","0,197916625","PARCIAL","LIGAÇÃO NOVA","Chapadinha","< 2h"
"GSTC","6/5/2026","MA-CHA-D002M","Indisponibilidade","Problemas mecânicos","09:12","20:15","11:03","1","TOTAL","SEED MONEY","Chapadinha","> 6h"
"GSTC","27/3/2026","MA-CHA-D001M","Indisponibilidade","Interjornada","14:00","16:00","02:00","0,25","TOTAL","SEED MONEY","Chapadinha","2 a 4h"
"GSTC","13/4/2026","MA-SQA-M001M","Indisponibilidade","Problemas mecânicos","07:00","10:12","03:12","0,4","PARCIAL","LIGAÇÃO NOVA","Chapadinha","2 a 4h"
"GSTC","15/4/2026","MA-COE-E003M","Indisponibilidade","Problemas mecânicos","08:00","10:04","02:04","0,25833325","PARCIAL","PLANTÃO","Chapadinha","2 a 4h"
"GSTC","19/5/2026","MA-COE-E003M","Indisponibilidade","Problemas mecânicos","08:00","16:16","08:16","1","PARCIAL","PLANTÃO","Chapadinha","> 6h"
"GSTC","26/5/2026","MA-COE-E001M","Indisponibilidade","CHECKLIST","16:24","00:24","08:00","1","PARCIAL","PLANTÃO","Chapadinha","> 6h"
"GSTC","30/4/2026","MA-PNM-E001M","Indisponibilidade","Problemas mecânicos","08:00","16:17","08:17","1","PARCIAL","PLANTÃO","Timon","> 6h"
"GEOM","16/1/2026","MA-CHA-O002M","Indisponibilidade","","09:32","09:32","00:00","0","TOTAL","LINHA MORTA","Chapadinha","< 2h"
"GEOM","16/1/2026","MA-CHA-O002M","Indisponibilidade","","13:53","17:57","04:04","0,50833325","TOTAL","LINHA MORTA","Chapadinha","4 a 6h"
"GEOM","29/1/2026","MA-CHA-V002M","Indisponibilidade","CHECKLIST","08:12","08:28","00:16","0,03333325","TOTAL","LINHA MORTA","Chapadinha","< 2h"
"GEOM","29/1/2026","MA-CHA-V002M","Indisponibilidade","CHECKLIST","08:47","13:00","04:13","0,52708325","TOTAL","LINHA MORTA","Chapadinha","4 a 6h"
"GEOM","20/7/2026","MA-CHA-O003M","Indisponibilidade","Eletricista em treinamento","08:14","17:25","09:11","1","TOTAL","LINHA MORTA","Chapadinha","> 6h"
"GEOM","12/8/2026","MA-CHA-O001M","Indisponibilidade","Problemas mecânicos","09:11","11:18","02:07","0,26458325","PARCIAL","LINHA MORTA","Chapadinha","2 a 4h"
"GEOM","30/5/2026","MA-CHA-O003M","Indisponibilidade","CHECKLIST","07:25","18:10","10:45","1","TOTAL","LINHA MORTA","Chapadinha","> 6h"
"GEOM","23/4/2026","MA-CHA-O002M","Indisponibilidade","Interjornada","08:00","17:57","09:57","1","TOTAL","LINHA MORTA","Chapadinha","> 6h"
"GEOM","10/8/2026","MA-CHA-O003M","Indisponibilidade","Problemas mecânicos","09:23","17:10","07:47","0,972916625","TOTAL","LINHA MORTA","Chapadinha","> 6h"
"GEOM","18/9/2026","MA-CHA-O002M","Indisponibilidade","Problemas mecânicos","08:00","11:15","03:15","0,40625","PARCIAL","LINHA MORTA","Chapadinha","2 a 4h"
"GEOM","29/7/2026","MA-CHA-V002M","Indisponibilidade","Problemas mecânicos","08:15","11:56","03:41","0,460416625","PARCIAL","LINHA MORTA","Chapadinha","2 a 4h"
"GEOM","20/2/2026","MA-CHA-O003M","Indisponibilidade","","08:11","12:07","03:56","0,491666625","PARCIAL","LINHA MORTA","Chapadinha","2 a 4h"
"GEOM","27/1/2026","MA-CHA-V002M","Indisponibilidade","","12:20","16:20","04:00","0,5","PARCIAL","LINHA MORTA","Chapadinha","4 a 6h"
"GEOM","22/4/2026","MA-CHA-O002M","Indisponibilidade","Problemas mecânicos","08:00","13:45","05:45","0,71875","PARCIAL","LINHA MORTA","Chapadinha","4 a 6h"
"GEOM","31/8/2026","MA-CHA-O003M","Indisponibilidade","Problemas mecânicos","07:30","17:54","10:24","1","TOTAL","LINHA MORTA","Chapadinha","> 6h"
"GEOM","1/7/2026","MA-CHA-O001M","Indisponibilidade","CHECKLIST","16:41","18:50","02:09","0,26875","PARCIAL","LINHA MORTA","Chapadinha","2 a 4h"
"GEOM","4/9/2026","MA-CHA-O003M","Indisponibilidade","CHECKLIST","07:19","07:20","00:01","0,00208325","PARCIAL","LINHA MORTA","Chapadinha","< 2h"
"GEOM","21/6/2026","MA-CHA-V002M","Indisponibilidade","CHECKLIST","07:51","10:56","03:05","0,385416625","PARCIAL","LINHA MORTA","Chapadinha","2 a 4h"
"GEOM","21/6/2026","MA-CHA-V002M","Indisponibilidade","CHECKLIST","10:56","10:56","00:00","0","PARCIAL","LINHA MORTA","Chapadinha","< 2h"
"GSTC","18/9/2026","MA-CAX-L001M","Indisponibilidade","Eletricista em treinamento","08:00","08:15","00:15","0,03125","PARCIAL","LIGAÇÃO NOVA","Caxias","< 2h"
"GSTC","22/4/2026","MA-CAX-H001M","Indisponibilidade","Eletricista de atestado","08:30","16:30","08:00","1","TOTAL","CORTE E RELIGAÇÃO","Caxias","> 6h"
"GSTC","17/7/2026","MA-CAX-E002M","Indisponibilidade","Problemas mecânicos","07:35","09:01","01:26","0,179166625","PARCIAL","PLANTÃO","Caxias","< 2h"
"GSTC","27/4/2026","MA-SJS-E001M","Indisponibilidade","Problemas mecânicos","10:09","10:09","00:00","0","PARCIAL","LIGAÇÃO NOVA","Caxias","< 2h"
"GSTC","15/7/2026","MA-CAX-E001M","Indisponibilidade","Eletricista em treinamento","07:06","09:19","02:13","0,27708325","PARCIAL","PLANTÃO","Caxias","2 a 4h"
"GSTC","1/7/2026","MA-CAX-E001M","Indisponibilidade","Problemas mecânicos","12:00","16:51","04:51","0,60625","PARCIAL","PLANTÃO","Caxias","4 a 6h"
"GSTC","13/1/2026","MA-ADA-E001M","Indisponibilidade","Problemas mecânicos","08:00","18:00","10:00","1","TOTAL","PLANTÃO","Caxias","> 6h"
"GSTC","14/1/2026","MA-CAX-E002M","Indisponibilidade","Problemas mecânicos","09:10","18:36","09:26","1","TOTAL","PLANTÃO","Caxias","> 6h"
"GSTC","15/1/2026","MA-CAX-E002M","Indisponibilidade","Problemas mecânicos","08:39","11:08","02:29","0,310416625","PARCIAL","PLANTÃO","Caxias","2 a 4h"
"GSTC","1/8/2026","MA-CAX-D001M","Indisponibilidade","Problemas mecânicos","08:48","15:32","06:44","0,841666625","TOTAL","SEED MONEY","Caxias","> 6h"
"GSTC","3/8/2026","MA-CAX-H001M","Indisponibilidade","Problemas mecânicos","08:59","09:53","00:54","0,1125","PARCIAL","CORTE E RELIGAÇÃO","Caxias","< 2h"
"GSTC","23/3/2026","MA-CAX-D001M","Indisponibilidade","Problemas mecânicos","08:40","08:40","00:00","0","TOTAL","SEED MONEY","Caxias","< 2h"
"GSTC","23/3/2026","MA-CAX-D001M","Indisponibilidade","Problemas mecânicos","08:41","08:53","00:12","0,025","TOTAL","SEED MONEY","Caxias","< 2h"
"GSTC","23/3/2026","MA-CAX-E002M","Indisponibilidade","Problemas mecânicos","09:03","16:59","07:56","0,991666625","TOTAL","PLANTÃO","Caxias","> 6h"
"GSTC","18/5/2026","MA-CAX-E001M","Indisponibilidade","Eletricista de atestado","13:24","15:16","01:52","0,23333325","PARCIAL","PLANTÃO","Caxias","< 2h"
"GSTC","22/7/2026","MA-ADA-E001M","Indisponibilidade","CHECKLIST","08:15","09:05","00:50","0,104166625","PARCIAL","PLANTÃO","Caxias","< 2h"
"GSTC","3/1/2026","MA-CAX-D001M","Indisponibilidade","Eletricista de atestado","08:00","18:00","10:00","1","TOTAL","SEED MONEY","Caxias","> 6h"
"GSTC","8/1/2026","MA-SJS-E001M","Indisponibilidade","Interjornada","09:00","13:57","04:57","0,61875","PARCIAL","LIGAÇÃO NOVA","Caxias","4 a 6h"
"GSTC","6/7/2026","MA-CAX-M002M","Indisponibilidade","Problemas mecânicos","08:56","10:35","01:39","0,20625","PARCIAL","PLANTÃO","Caxias","< 2h"
"GSTC","9/4/2026","MA-MTS-C001M","Indisponibilidade","Blitz de segurança","10:39","14:59","04:20","0,541666625","PARCIAL","LIGAÇÃO NOVA","Timon","4 a 6h"
"GSTC","5/3/2026","MA-TMO-C001M","Indisponibilidade","CHECKLIST","08:23","08:23","00:00","0","PARCIAL","CORTE E RELIGAÇÃO","Timon","< 2h"
"GSTC","17/4/2026","MA-PNM-E001M","Indisponibilidade","CHECKLIST","10:05","10:09","00:04","0,00833325","PARCIAL","PLANTÃO","Timon","< 2h"
"GSTC","9/4/2026","MA-PNM-E001M","Indisponibilidade","Problemas mecânicos","10:45","14:38","03:53","0,485416625","PARCIAL","PLANTÃO","Timon","2 a 4h"
"GSTC","28/4/2026","MA-PNM-E001M","Indisponibilidade","CHECKLIST","10:13","10:15","00:02","0,004166625","PARCIAL","PLANTÃO","Timon","< 2h"
"GSTC","15/5/2026","MA-TMO-C001M","Indisponibilidade","Problemas mecânicos","08:00","18:00","10:00","1","TOTAL","CORTE E RELIGAÇÃO","Timon","> 6h"
"GSTC","2/3/2026","MA-TMO-C001M","Indisponibilidade","Problemas mecânicos","09:48","10:32","00:44","0,091666625","PARCIAL","CORTE E RELIGAÇÃO","Timon","< 2h"
"GSTC","31/3/2026","MA-SFM-E001M","Indisponibilidade","Interjornada","15:33","15:33","00:00","0","PARCIAL","PLANTÃO","Timon","< 2h"
"GSTC","30/4/2026","MA-MTS-C001M","Indisponibilidade","Problemas mecânicos","09:44","13:52","04:08","0,516666625","PARCIAL","LIGAÇÃO NOVA","Timon","4 a 6h"
"GSTC","25/3/2026","MA-PNM-E001M","Indisponibilidade","Problemas mecânicos","10:04","10:59","00:55","0,11458325","PARCIAL","PLANTÃO","Timon","< 2h"
"GSTC","20/5/2026","MA-CHA-C004M","Indisponibilidade","Problemas mecânicos","08:00","18:00","10:00","1","TOTAL","CORTE E RELIGAÇÃO","Chapadinha","> 6h"
"GSTC","21/5/2026","MA-COE-E003M","Indisponibilidade","Problemas mecânicos","08:00","16:27","08:27","1","TOTAL","PLANTÃO","Chapadinha","> 6h"
"GSTC","10/4/2026","MA-COE-E003M","Indisponibilidade","Problemas mecânicos","09:42","11:00","01:18","0,1625","PARCIAL","PLANTÃO","Chapadinha","< 2h"
"GSTC","27/5/2026","MA-COE-E003M","Indisponibilidade","Problemas mecânicos","08:00","12:50","04:50","0,604166625","PARCIAL","PLANTÃO","Chapadinha","4 a 6h"
"GSTC","14/5/2026","MA-CHA-E002M","Indisponibilidade","CHECKLIST","08:04","08:16","00:12","0,025","PARCIAL","PLANTÃO","Chapadinha","< 2h"
"GSTC","31/3/2026","MA-CHA-D001M","Indisponibilidade","Problemas mecânicos","08:00","18:00","10:00","1","PARCIAL","SEED MONEY","Chapadinha","> 6h"
"GSTC","31/3/2026","MA-CHA-D001M","Indisponibilidade","Problemas mecânicos","11:31","13:31","02:00","0,25","PARCIAL","SEED MONEY","Chapadinha","2 a 4h"
"GSTC","1/4/2026","MA-SQA-M001M","Indisponibilidade","Problemas mecânicos","08:21","16:34","08:13","1","PARCIAL","LIGAÇÃO NOVA","Chapadinha","> 6h"
"GSTC","7/4/2026","MA-CHA-D001M","Indisponibilidade","Problemas mecânicos","14:00","16:00","02:00","0,25","TOTAL","SEED MONEY","Chapadinha","2 a 4h"
"GSTC","9/6/2026","MA-CHA-F002M","Indisponibilidade","Problemas mecânicos","08:04","14:40","06:36","0,825","PARCIAL","INSPEÇÃO","Chapadinha","> 6h"
"GSTC","23/7/2026","MA-CHA-F002M","Indisponibilidade","Eletricista com problema particular","15:33","23:33","08:00","1","TOTAL","INSPEÇÃO","Chapadinha","> 6h"
"GSTC","2/10/2026","MA-CHA-F002M","Indisponibilidade","Eletricista com problema particular","08:00","18:00","10:00","1","TOTAL","INSPEÇÃO","Chapadinha","> 6h"
"GSTC","5/10/2026","MA-CHA-F002M","Indisponibilidade","Eletricista com problema particular","08:42","10:48","02:06","0,2625","PARCIAL","INSPEÇÃO","Chapadinha","2 a 4h"
"GSTC","24/7/2026","MA-CHA-F003M","Indisponibilidade","CHECKLIST","07:46","07:46","00:00","0","PARCIAL","INSPEÇÃO","Chapadinha","< 2h"
"GSTC","5/10/2026","MA-CHA-F005M","Indisponibilidade","Problemas mecânicos","16:09","18:03","01:54","0,2375","PARCIAL","INSPEÇÃO","Chapadinha","< 2h"
"GSTC","19/6/2026","MA-CHA-F002M","Indisponibilidade","CHECKLIST","07:56","07:56","00:00","0","PARCIAL","INSPEÇÃO","Chapadinha","< 2h"
"GSTC","1/10/2026","MA-CHA-F004M","Indisponibilidade","Eletricista com problema particular","08:00","18:00","10:00","1","TOTAL","INSPEÇÃO","Chapadinha","> 6h"
"GEOM","18/5/2026","MA-TMO-O004M","Indisponibilidade","Problemas mecânicos","08:00","16:00","08:00","1","TOTAL","LINHA MORTA","Timon","> 6h"
"GEOM","16/7/2026","MA-TMO-O004M","Indisponibilidade","Problemas mecânicos","","","10:00","1","TOTAL","LINHA MORTA","Timon","> 6h"
"GEOM","16/7/2026","MA-TMO-O004M","Indisponibilidade","Problemas mecânicos","08:24","15:24","07:00","0,875","TOTAL","LINHA MORTA","Timon","> 6h"
"GEOM","24/8/2026","MA-TMO-O004M","Indisponibilidade","Eletricista em treinamento","20:00","20:55","00:55","0,11458325","TOTAL","LINHA MORTA","Timon","< 2h"
"GEOM","27/2/2026","MA-TMO-O002M","Indisponibilidade","","08:00","13:47","05:47","0,722916625","PARCIAL","LINHA MORTA","Timon","4 a 6h"
"GEOM","2/3/2026","MA-TMO-O004M","Indisponibilidade","","09:00","18:41","09:41","1","TOTAL","LINHA MORTA","Timon","> 6h"
"GEOM","8/9/2026","MA-TMO-O004M","Indisponibilidade","Outros","08:00","18:00","10:00","1","TOTAL","LINHA MORTA","Timon","> 6h"
"GEOM","6/4/2026","MA-TMO-O004M","Indisponibilidade","Outros","12:29","12:29","00:00","0","PARCIAL","LINHA MORTA","Timon","< 2h"
"GEOM","20/7/2026","MA-TMO-O004M","Indisponibilidade","Problemas mecânicos","08:18","16:18","08:00","1","TOTAL","LINHA MORTA","Timon","> 6h"
"GEOM","21/7/2026","MA-TMO-O004M","Indisponibilidade","Problemas mecânicos","10:04","18:04","08:00","1","TOTAL","LINHA MORTA","Timon","> 6h"
"GEOM","1/6/2026","MA-TMO-O004M","Indisponibilidade","Outros","08:43","12:43","04:00","0,5","PARCIAL","LINHA MORTA","Timon","4 a 6h"
"GEOM","27/2/2026","MA-TMO-O004M","Indisponibilidade","","08:00","18:35","10:35","1","TOTAL","LINHA MORTA","Timon","> 6h"
"GEOM","5/10/2026","MA-TMO-O002M","Indisponibilidade","Problemas mecânicos","08:00","08:00","00:00","0","PARCIAL","LINHA MORTA","Timon","< 2h"
"GEOM","6/2/2026","MA-TMO-O004M","Indisponibilidade","","15:35","15:35","00:00","0","TOTAL","LINHA MORTA","Timon","< 2h"
"GEOM","3/3/2026","MA-TMO-O002M","Indisponibilidade","","08:00","16:00","08:00","1","TOTAL","LINHA MORTA","Timon","> 6h"
"GEOM","30/4/2026","MA-TMO-O004M","Indisponibilidade","Outros","07:51","07:51","00:00","0","PARCIAL","LINHA MORTA","Timon","< 2h"
"GEOM","20/1/2026","MA-TMO-O004M","Indisponibilidade","","08:00","13:59","05:59","0,747916625","PARCIAL","LINHA MORTA","Timon","4 a 6h"
"GEOM","4/3/2026","MA-TMO-O002M","Indisponibilidade","","08:00","17:00","09:00","1","TOTAL","LINHA MORTA","Timon","> 6h"
"GEOM","3/8/2026","MA-TMO-O004M","Indisponibilidade","Problemas mecânicos","14:18","20:56","06:38","0,829166625","PARCIAL","LINHA MORTA","Timon","> 6h"
"GEOM","6/8/2026","MA-TMO-O002M","Indisponibilidade","Problemas mecânicos","08:19","16:07","07:48","0,975","TOTAL","LINHA MORTA","Timon","> 6h"
"GSTC","26/1/2026","MA-CAX-D002M","Indisponibilidade","Outros","14:21","00:21","10:00","1","TOTAL","SEED MONEY","Caxias","> 6h"
"GSTC","12/3/2026","MA-CAX-D001M","Indisponibilidade","Problemas mecânicos","08:00","20:00","12:00","1","TOTAL","SEED MONEY","Caxias","> 6h"
"GSTC","24/3/2026","MA-CAX-M001M","Indisponibilidade","Outros","08:42","10:38","01:56","0,241666625","PARCIAL","LIGAÇÃO NOVA","Caxias","< 2h"
"GSTC","4/4/2026","MA-CAX-L001M","Indisponibilidade","Outros","10:33","22:33","12:00","1","TOTAL","LIGAÇÃO NOVA","Caxias","> 6h"
"GSTC","24/1/2026","MA-CAX-M001M","Indisponibilidade","Problemas mecânicos","10:00","12:10","02:10","0,27083325","TOTAL","LIGAÇÃO NOVA","Caxias","2 a 4h"
"GSTC","11/3/2026","MA-CAX-C001M","Indisponibilidade","Interjornada","10:14","10:14","00:00","0","PARCIAL","CORTE E RELIGAÇÃO","Caxias","< 2h"
"GSTC","20/3/2026","MA-CAX-E001M","Indisponibilidade","Problemas mecânicos","08:27","14:04","05:37","0,70208325","PARCIAL","PLANTÃO","Caxias","4 a 6h"
"GSTC","2/7/2026","MA-CAX-M003M","Indisponibilidade","Eletricista em treinamento","08:00","11:19","03:19","0,41458325","PARCIAL","PLANTÃO","Caxias","2 a 4h"
"GSTC","4/7/2026","MA-ADA-E001M","Indisponibilidade","CHECKLIST","08:18","08:29","00:11","0,022916625","PARCIAL","PLANTÃO","Caxias","< 2h"
"GSTC","4/7/2026","MA-ADA-E001M","Indisponibilidade","CHECKLIST","08:32","08:37","00:05","0,010416625","PARCIAL","PLANTÃO","Caxias","< 2h"
"GSTC","21/1/2026","MA-CAX-D001M","Indisponibilidade","Problemas mecânicos","10:38","17:05","06:27","0,80625","PARCIAL","SEED MONEY","Caxias","> 6h"
"GSTC","22/1/2026","MA-CAX-E001M","Indisponibilidade","Problemas mecânicos","08:58","08:58","00:00","0","PARCIAL","PLANTÃO","Caxias","< 2h"
"GSTC","24/1/2026","MA-SJS-E001M","Indisponibilidade","Interjornada","08:00","10:00","02:00","0,25","TOTAL","LIGAÇÃO NOVA","Caxias","2 a 4h"
"GSTC","13/3/2026","MA-CAX-D001M","Indisponibilidade","Problemas mecânicos","08:35","08:36","00:01","0,00208325","TOTAL","SEED MONEY","Caxias","< 2h"
"GSTC","16/3/2026","MA-CAX-C001M","Indisponibilidade","Problemas mecânicos","08:23","20:09","11:46","1","TOTAL","CORTE E RELIGAÇÃO","Caxias","> 6h"
"GSTC","20/3/2026","MA-CAX-E001T","Indisponibilidade","Outros","16:18","18:41","02:23","0,297916625","PARCIAL","PLANTÃO","Caxias","2 a 4h"
"GSTC","24/3/2026","MA-CAX-M003M","Indisponibilidade","Outros","09:17","10:55","01:38","0,204166625","PARCIAL","PLANTÃO","Caxias","< 2h"
"GSTC","10/3/2026","MA-CAX-D001M","Indisponibilidade","Problemas mecânicos","08:30","14:09","05:39","0,70625","PARCIAL","SEED MONEY","Caxias","4 a 6h"
"GSTC","10/3/2026","MA-SJS-E001M","Indisponibilidade","Interjornada","08:30","13:44","05:14","0,654166625","PARCIAL","LIGAÇÃO NOVA","Caxias","4 a 6h"
"GSTC","13/4/2026","MA-CHA-L001M","Indisponibilidade","Outros","19:00","19:00","00:00","0","PARCIAL","LIGAÇÃO NOVA","Chapadinha","< 2h"
"GSTC","23/4/2026","MA-COE-E002M","Indisponibilidade","Problemas mecânicos","08:03","14:20","06:17","0,785416625","PARCIAL","PLANTÃO","Chapadinha","> 6h"
"GSTC","18/5/2026","MA-COE-E003M","Indisponibilidade","Problemas mecânicos","08:40","16:03","07:23","0,922916625","PARCIAL","PLANTÃO","Chapadinha","> 6h"
"GSTC","22/5/2026","MA-COE-E002M","Indisponibilidade","Problemas mecânicos","17:57","17:57","00:00","0","PARCIAL","PLANTÃO","Chapadinha","< 2h"
"GSTC","26/5/2026","MA-CHA-C003M","Indisponibilidade","Eletricista em treinamento","08:11","09:23","01:12","0,15","PARCIAL","CORTE E RELIGAÇÃO","Chapadinha","< 2h"
"GSTC","23/4/2026","MA-CHA-L001M","Indisponibilidade","Problemas mecânicos","14:36","18:00","03:24","0,425","PARCIAL","LIGAÇÃO NOVA","Chapadinha","2 a 4h"
"GSTC","2/4/2026","MA-CHA-F002M","Indisponibilidade","Eletricista com problema particular","08:00","18:00","10:00","1","TOTAL","INSPEÇÃO","Chapadinha","> 6h"
"GSTC","20/5/2026","MA-CHA-F002M","Indisponibilidade","Eletricista de atestado","08:00","18:00","10:00","1","TOTAL","INSPEÇÃO","Chapadinha","> 6h"
"GSTC","2/4/2026","MA-CHA-F005M","Indisponibilidade","Problemas mecânicos","11:00","16:00","05:00","0,625","TOTAL","INSPEÇÃO","Chapadinha","4 a 6h"
"GSTC","28/5/2026","MA-CHA-F004M","Indisponibilidade","CHECKLIST","07:53","08:12","00:19","0,03958325","PARCIAL","INSPEÇÃO","Chapadinha","< 2h"
"GSTC","28/4/2026","MA-COE-E001M","Indisponibilidade","Outros","08:00","10:55","02:55","0,36458325","PARCIAL","PLANTÃO","Chapadinha","2 a 4h"
"GSTC","23/5/2026","MA-UBS-M001M","Indisponibilidade","Problemas mecânicos","10:30","17:44","07:14","0,904166625","PARCIAL","PLANTÃO","Chapadinha","> 6h"
"GSTC","16/4/2026","MA-CHA-D001M","Indisponibilidade","Problemas mecânicos","08:00","20:00","12:00","1","PARCIAL","SEED MONEY","Chapadinha","> 6h"
"GSTC","27/4/2026","MA-CHA-D001M","Indisponibilidade","Atrasado","08:00","10:00","02:00","0,25","PARCIAL","SEED MONEY","Chapadinha","2 a 4h"
"GSTC","11/3/2026","MA-CHA-C004M","Indisponibilidade","Interjornada","08:03","10:10","02:07","0,26458325","PARCIAL","CORTE E RELIGAÇÃO","Chapadinha","2 a 4h"
"GSTC","11/3/2026","MA-CHA-C004M","Indisponibilidade","Problemas mecânicos","10:10","12:28","02:18","0,2875","PARCIAL","CORTE E RELIGAÇÃO","Chapadinha","2 a 4h"
"GSTC","13/3/2026","MA-BJO-E001M","Indisponibilidade","Problemas mecânicos","07:58","16:00","08:02","1","TOTAL","PLANTÃO","Chapadinha","> 6h"
"GSTC","19/3/2026","MA-CHA-M002M","Indisponibilidade","Interjornada","08:16","09:11","00:55","0,11458325","PARCIAL","PLANTÃO","Chapadinha","< 2h"
"GSTC","16/1/2026","MA-TMO-D002M","Indisponibilidade","Eletricista com problema particular","08:00","18:00","10:00","1","TOTAL","SEED MONEY","Timon","> 6h"
"GSTC","7/1/2026","MA-TMO-D002M","Indisponibilidade","Problemas mecânicos","09:20","09:21","00:01","0,00208325","PARCIAL","SEED MONEY","Timon","< 2h"
"GSTC","6/1/2026","MA-TMO-D002M","Indisponibilidade","Problemas mecânicos","08:10","18:10","10:00","1","TOTAL","SEED MONEY","Timon","> 6h"
"GSTC","10/2/2026","MA-TMO-D001M","Indisponibilidade","Problemas mecânicos","08:09","18:09","10:00","1","TOTAL","SEED MONEY","Timon","> 6h"
"GSTC","17/2/2026","MA-TMO-D003M","Indisponibilidade","Outros","08:06","18:06","10:00","1","TOTAL","SEED MONEY","Timon","> 6h"
"GSTC","26/2/2026","MA-TMO-D003M","Indisponibilidade","Eletricista de atestado","10:41","10:42","00:01","0,00208325","PARCIAL","SEED MONEY","Timon","< 2h"
"GSTC","16/2/2026","MA-TMO-D003M","Indisponibilidade","Eletricista de atestado","08:04","18:04","10:00","1","TOTAL","SEED MONEY","Timon","> 6h"
"GSTC","5/1/2026","MA-TMO-D002M","Indisponibilidade","Problemas mecânicos","09:32","19:32","10:00","1","TOTAL","SEED MONEY","Timon","> 6h"
"GSTC","18/2/2026","MA-TMO-D003M","Indisponibilidade","Outros","14:00","20:00","06:00","0,75","TOTAL","SEED MONEY","Timon","> 6h"
"GSTC","6/1/2026","MA-TMO-D003M","Indisponibilidade","CHECKLIST","08:30","08:42","00:12","0,025","PARCIAL","SEED MONEY","Timon","< 2h"
"GSTC","19/2/2026","MA-TMO-D003M","Indisponibilidade","Problemas mecânicos","08:09","18:09","10:00","1","TOTAL","SEED MONEY","Timon","> 6h"
"GSTC","20/2/2026","MA-TMO-D001M","Indisponibilidade","CHECKLIST","07:55","09:51","01:56","0,241666625","PARCIAL","SEED MONEY","Timon","< 2h"
"GSTC","2/1/2026","MA-TMO-D002M","Indisponibilidade","Problemas mecânicos","08:00","18:00","10:00","1","TOTAL","SEED MONEY","Timon","> 6h"
"GSTC","9/1/2026","MA-TMO-D003M","Indisponibilidade","Problemas mecânicos","08:07","20:07","12:00","1","TOTAL","SEED MONEY","Timon","> 6h"
"GSTC","2/2/2026","MA-TMO-D003M","Indisponibilidade","Outros","08:00","14:00","06:00","0,75","TOTAL","SEED MONEY","Timon","> 6h"
"GSTC","3/1/2026","MA-TMO-D001M","Indisponibilidade","Folga não registrada no calendário","08:07","18:07","10:00","1","TOTAL","SEED MONEY","Timon","> 6h"
"GSTC","24/2/2026","MA-TMO-D003M","Indisponibilidade","Atrasado","08:58","18:58","10:00","1","TOTAL","SEED MONEY","Timon","> 6h"
"GSTC","12/1/2026","MA-TMO-D001M","Indisponibilidade","Eletricista em treinamento","08:31","10:56","02:25","0,30208325","PARCIAL","SEED MONEY","Timon","2 a 4h"
"GSTC","12/1/2026","MA-TMO-D003M","Indisponibilidade","Eletricista em treinamento","08:30","11:32","03:02","0,379166625","PARCIAL","SEED MONEY","Timon","2 a 4h"
"GSTC","12/3/2026","MA-CAX-M003M","Indisponibilidade","Problemas mecânicos","08:47","08:47","00:00","0","PARCIAL","PLANTÃO","Caxias","< 2h"
"GSTC","24/3/2026","MA-CAX-D001M","Indisponibilidade","Problemas mecânicos","08:00","20:00","12:00","1","TOTAL","SEED MONEY","Caxias","> 6h"
"GSTC","19/5/2026","MA-CAX-M003M","Indisponibilidade","Atrasado","08:00","09:09","01:09","0,14375","PARCIAL","PLANTÃO","Caxias","< 2h"
"GSTC","19/5/2026","MA-CAX-C001M","Indisponibilidade","CHECKLIST","08:22","08:48","00:26","0,054166625","PARCIAL","CORTE E RELIGAÇÃO","Caxias","< 2h"
"GSTC","1/8/2026","MA-CAX-D002M","Indisponibilidade","Problemas mecânicos","08:53","21:55","13:02","1","TOTAL","SEED MONEY","Caxias","> 6h"
"GSTC","11/3/2026","MA-CAX-M001M","Indisponibilidade","Interjornada","08:11","13:20","05:09","0,64375","PARCIAL","LIGAÇÃO NOVA","Caxias","4 a 6h"
"GSTC","13/3/2026","MA-CAX-M002M","Indisponibilidade","Interjornada","16:39","16:39","00:00","0","PARCIAL","PLANTÃO","Caxias","< 2h"
"GSTC","13/3/2026","MA-SJS-E001M","Indisponibilidade","CHECKLIST","07:44","07:47","00:03","0,00625","PARCIAL","LIGAÇÃO NOVA","Caxias","< 2h"
"GSTC","20/4/2026","MA-CAX-D001M","Indisponibilidade","CHECKLIST","08:15","08:30","00:15","0,03125","PARCIAL","SEED MONEY","Caxias","< 2h"
"GSTC","27/4/2026","MA-CAX-D001M","Indisponibilidade","Outros","08:00","18:00","10:00","1","PARCIAL","SEED MONEY","Caxias","> 6h"
"GSTC","12/3/2026","MA-SJS-E001M","Indisponibilidade","Outros","08:00","14:08","06:08","0,766666625","PARCIAL","LIGAÇÃO NOVA","Caxias","> 6h"
"GSTC","16/3/2026","MA-CAX-E001M","Indisponibilidade","Problemas mecânicos","07:59","15:59","08:00","1","TOTAL","PLANTÃO","Caxias","> 6h"
"GSTC","19/3/2026","MA-CAX-M001M","Indisponibilidade","Problemas mecânicos","08:50","09:19","00:29","0,060416625","PARCIAL","LIGAÇÃO NOVA","Caxias","< 2h"
"GSTC","6/10/2026","MA-CAX-L001M","Indisponibilidade","Eletricista em treinamento","09:11","09:12","00:01","0,00208325","PARCIAL","LIGAÇÃO NOVA","Caxias","< 2h"
"GSTC","20/4/2026","MA-CAX-H001M","Indisponibilidade","Eletricista de atestado","08:00","18:00","10:00","1","TOTAL","CORTE E RELIGAÇÃO","Caxias","> 6h"
"GSTC","9/3/2026","MA-CAX-D001M","Indisponibilidade","Problemas mecânicos","08:00","20:00","12:00","1","TOTAL","SEED MONEY","Caxias","> 6h"
"GSTC","2/10/2026","MA-SJS-E001M","Indisponibilidade","Problemas mecânicos","08:25","10:53","02:28","0,30833325","PARCIAL","LIGAÇÃO NOVA","Caxias","2 a 4h"
"GSTC","22/7/2026","MA-CAX-M002M","Indisponibilidade","Problemas mecânicos","08:24","09:15","00:51","0,10625","PARCIAL","PLANTÃO","Caxias","< 2h"
"GSTC","3/1/2026","MA-CAX-M002M","Indisponibilidade","Interjornada","10:08","10:08","00:00","0","PARCIAL","PLANTÃO","Caxias","< 2h"
"GSTC","12/1/2026","MA-TMO-L003M","Indisponibilidade","Eletricista em treinamento","08:32","11:20","02:48","0,35","PARCIAL","LIGAÇÃO NOVA","Timon","2 a 4h"
"GSTC","2/2/2026","MA-TMO-E002M","Indisponibilidade","Problemas mecânicos","11:35","11:35","00:00","0","PARCIAL","PLANTÃO","Timon","< 2h"
"GSTC","28/2/2026","MA-TMO-L002M","Indisponibilidade","CHECKLIST","08:09","08:24","00:15","0,03125","PARCIAL","LIGAÇÃO NOVA","Timon","< 2h"
"GSTC","28/2/2026","MA-TMO-L002M","Indisponibilidade","CHECKLIST","08:51","08:56","00:05","0,010416625","PARCIAL","LIGAÇÃO NOVA","Timon","< 2h"
"GSTC","29/1/2026","MA-TMO-C004M","Indisponibilidade","Problemas mecânicos","09:03","10:10","01:07","0,13958325","PARCIAL","CORTE E RELIGAÇÃO","Timon","< 2h"
"GSTC","7/2/2026","MA-TMO-C004M","Indisponibilidade","CHECKLIST","07:22","08:18","00:56","0,116666625","PARCIAL","CORTE E RELIGAÇÃO","Timon","< 2h"
"GSTC","31/1/2026","MA-TMO-C001M","Indisponibilidade","Problemas mecânicos","08:00","18:00","10:00","1","TOTAL","CORTE E RELIGAÇÃO","Timon","> 6h"
"GSTC","19/2/2026","MA-TMO-C004M","Indisponibilidade","CHECKLIST","08:59","09:13","00:14","0,029166625","PARCIAL","CORTE E RELIGAÇÃO","Timon","< 2h"
"GSTC","3/2/2026","MA-TMO-C002M","Indisponibilidade","Interjornada","14:33","14:33","00:00","0","PARCIAL","CORTE E RELIGAÇÃO","Timon","< 2h"
"GSTC","28/1/2026","MA-TMO-C002M","Indisponibilidade","CHECKLIST","08:29","08:29","00:00","0","PARCIAL","CORTE E RELIGAÇÃO","Timon","< 2h"
"GSTC","19/1/2026","MA-TMO-C002M","Indisponibilidade","Eletricista em treinamento","11:44","11:46","00:02","0,004166625","PARCIAL","CORTE E RELIGAÇÃO","Timon","< 2h"
"GSTC","9/2/2026","MA-TMO-M001M","Indisponibilidade","Problemas mecânicos","08:36","08:36","00:00","0","PARCIAL","LIGAÇÃO NOVA","Timon","< 2h"
"GSTC","13/1/2026","MA-TMO-C004M","Indisponibilidade","Problemas mecânicos","08:00","14:02","06:02","0,754166625","PARCIAL","CORTE E RELIGAÇÃO","Timon","> 6h"
"GSTC","12/1/2026","MA-TMO-E002M","Indisponibilidade","Problemas mecânicos","08:20","09:31","01:11","0,147916625","PARCIAL","PLANTÃO","Timon","< 2h"
"GSTC","5/1/2026","MA-TMO-E003M","Indisponibilidade","Problemas mecânicos","08:19","12:17","03:58","0,49583325","PARCIAL","PLANTÃO","Timon","2 a 4h"
"GSTC","13/1/2026","MA-TMO-E003M","Indisponibilidade","Problemas mecânicos","07:00","09:18","02:18","0,2875","PARCIAL","PLANTÃO","Timon","2 a 4h"
"GSTC","9/1/2026","MA-TMO-E002T","Indisponibilidade","CHECKLIST","16:34","16:48","00:14","0,029166625","PARCIAL","PLANTÃO","Timon","< 2h"
"GSTC","5/1/2026","MA-TMO-E002T","Indisponibilidade","Atrasado","21:45","21:45","00:00","0","PARCIAL","PLANTÃO","Timon","< 2h"
"GSTC","25/2/2026","MA-TMO-E001M","Indisponibilidade","CHECKLIST","08:00","12:32","04:32","0,566666625","PARCIAL","PLANTÃO","Timon","4 a 6h"
"GEOM","14/4/2026","MA-SJP-O004M","Indisponibilidade","Interjornada","08:37","14:15","05:38","0,704166625","PARCIAL","LINHA MORTA","São Joao dos Patos","4 a 6h"
"GEOM","10/3/2026","MA-SJP-O002M","Indisponibilidade","Eletricista em treinamento","13:30","17:02","03:32","0,441666625","TOTAL","LINHA MORTA","São Joao dos Patos","2 a 4h"
"GEOM","10/3/2026","MA-SJP-O002M","Indisponibilidade","CHECKLIST","08:00","08:20","00:20","0,041666625","TOTAL","LINHA MORTA","São Joao dos Patos","< 2h"
"GEOM","5/10/2026","MA-SJP-O003M","Indisponibilidade","Problemas mecânicos","08:17","17:35","09:18","1","PARCIAL","LINHA MORTA","São Joao dos Patos","> 6h"
"GEOM","11/2/2026","MA-SJP-O002M","Indisponibilidade","","08:00","18:00","10:00","1","PARCIAL","LINHA MORTA","São Joao dos Patos","> 6h"
"GEOM","17/3/2026","MA-SJP-O004M","Indisponibilidade","Problemas mecânicos","07:55","17:25","09:30","1","TOTAL","LINHA MORTA","São Joao dos Patos","> 6h"
"GEOM","1/10/2026","MA-SJP-O003M","Indisponibilidade","Problemas mecânicos","08:29","17:31","09:02","1","PARCIAL","LINHA MORTA","São Joao dos Patos","> 6h"
"GEOM","22/4/2026","MA-SJP-O004M","Indisponibilidade","Problemas mecânicos","08:36","18:06","09:30","1","TOTAL","LINHA MORTA","São Joao dos Patos","> 6h"
"GEOM","13/2/2026","MA-SJP-O002M","Indisponibilidade","","08:00","16:00","08:00","1","TOTAL","LINHA MORTA","São Joao dos Patos","> 6h"
"GEOM","13/2/2026","MA-SJP-O004M","Indisponibilidade","","08:00","13:00","05:00","0,625","PARCIAL","LINHA MORTA","São Joao dos Patos","4 a 6h"
"GEOM","4/2/2026","MA-SJP-O002M","Indisponibilidade","","08:00","18:00","10:00","1","TOTAL","LINHA MORTA","São Joao dos Patos","> 6h"
"GEOM","8/4/2026","MA-SJP-O003M","Indisponibilidade","Interjornada","08:57","14:17","05:20","0,666666625","PARCIAL","LINHA MORTA","São Joao dos Patos","4 a 6h"
"GEOM","12/2/2026","MA-SJP-O004M","Indisponibilidade","","08:00","16:00","08:00","1","TOTAL","LINHA MORTA","São Joao dos Patos","> 6h"
"GEOM","2/7/2026","MA-SJP-O002M","Indisponibilidade","Problemas mecânicos","08:50","18:06","09:16","1","TOTAL","LINHA MORTA","São Joao dos Patos","> 6h"
"GEOM","2/7/2026","MA-SJP-O004M","Indisponibilidade","Problemas mecânicos","08:49","18:06","09:17","1","TOTAL","LINHA MORTA","São Joao dos Patos","> 6h"
"GEOM","9/7/2026","MA-SJP-O002M","Indisponibilidade","Problemas mecânicos","07:50","17:48","09:58","1","TOTAL","LINHA MORTA","São Joao dos Patos","> 6h"
"GEOM","9/7/2026","MA-SJP-O004M","Indisponibilidade","Problemas mecânicos","08:22","17:44","09:22","1","TOTAL","LINHA MORTA","São Joao dos Patos","> 6h"
"GSTC","19/3/2026","MA-CHA-D002M","Indisponibilidade","Interjornada","08:00","16:00","08:00","1","TOTAL","SEED MONEY","Chapadinha","> 6h"
"GSTC","23/3/2026","MA-CHA-C003M","Indisponibilidade","Problemas mecânicos","08:44","09:24","00:40","0,08333325","PARCIAL","CORTE E RELIGAÇÃO","Chapadinha","< 2h"
"GSTC","4/5/2026","MA-CHA-H001M","Indisponibilidade","Eletricista de atestado","07:42","17:42","10:00","1","TOTAL","CORTE E RELIGAÇÃO","Chapadinha","> 6h"
"GSTC","6/3/2026","MA-UBS-M001M","Indisponibilidade","Interjornada","08:00","10:30","02:30","0,3125","PARCIAL","PLANTÃO","Chapadinha","2 a 4h"
"GSTC","28/5/2026","MA-CHA-C003M","Indisponibilidade","Eletricista em treinamento","08:00","08:14","00:14","0,029166625","PARCIAL","CORTE E RELIGAÇÃO","Chapadinha","< 2h"
"GSTC","28/5/2026","MA-CHA-L001M","Indisponibilidade","Problemas mecânicos","08:00","08:34","00:34","0,07083325","PARCIAL","LIGAÇÃO NOVA","Chapadinha","< 2h"
"GSTC","10/3/2026","MA-ANA-M001M","Indisponibilidade","Interjornada","08:59","12:24","03:25","0,42708325","PARCIAL","LIGAÇÃO NOVA","Chapadinha","2 a 4h"
"GSTC","13/3/2026","MA-CHA-D001M","Indisponibilidade","Outros","08:00","16:00","08:00","1","TOTAL","SEED MONEY","Chapadinha","> 6h"
"GSTC","14/4/2026","MA-CHA-M002M","Indisponibilidade","Interjornada","08:00","11:39","03:39","0,45625","PARCIAL","PLANTÃO","Chapadinha","2 a 4h"
"GSTC","20/4/2026","MA-COE-E003M","Indisponibilidade","Problemas mecânicos","09:02","09:03","00:01","0,00208325","PARCIAL","PLANTÃO","Chapadinha","< 2h"
"GSTC","27/4/2026","MA-CHA-E001M","Indisponibilidade","Problemas mecânicos","13:05","16:16","03:11","0,397916625","PARCIAL","PLANTÃO","Chapadinha","2 a 4h"
"GSTC","13/3/2026","MA-CHA-D002M","Indisponibilidade","Problemas mecânicos","07:59","15:59","08:00","1","TOTAL","SEED MONEY","Chapadinha","> 6h"
"GSTC","23/3/2026","MA-CHA-C001M","Indisponibilidade","Problemas mecânicos","08:43","11:03","02:20","0,291666625","PARCIAL","CORTE E RELIGAÇÃO","Chapadinha","2 a 4h"
"GSTC","24/3/2026","MA-SQA-M001M","Indisponibilidade","Interjornada","08:06","10:37","02:31","0,31458325","PARCIAL","LIGAÇÃO NOVA","Chapadinha","2 a 4h"
"GSTC","7/5/2026","MA-CHA-D001M","Indisponibilidade","Problemas mecânicos","08:00","18:00","10:00","1","TOTAL","SEED MONEY","Chapadinha","> 6h"
"GSTC","12/5/2026","MA-COE-E003M","Indisponibilidade","Problemas mecânicos","08:32","18:16","09:44","1","TOTAL","PLANTÃO","Chapadinha","> 6h"
"GSTC","26/3/2026","MA-CHA-D002M","Indisponibilidade","Problemas mecânicos","08:00","18:00","10:00","1","PARCIAL","SEED MONEY","Chapadinha","> 6h"
"GSTC","26/3/2026","MA-CHA-D002M","Indisponibilidade","Problemas mecânicos","18:00","02:00","08:00","1","PARCIAL","SEED MONEY","Chapadinha","> 6h"
"GSTC","14/1/2026","MA-PTB-E001M","Indisponibilidade","Problemas mecânicos","08:15","14:09","05:54","0,7375","PARCIAL","PLANTÃO","São Joao dos Patos","4 a 6h"
"GSTC","24/1/2026","MA-PSF-E001M","Indisponibilidade","Interjornada","08:00","10:38","02:38","0,329166625","PARCIAL","PLANTÃO","São Joao dos Patos","2 a 4h"
"GSTC","18/7/2026","MA-SDA-E001M","Indisponibilidade","Interjornada","12:17","12:17","00:00","0","PARCIAL","PLANTÃO","São Joao dos Patos","< 2h"
"GSTC","29/6/2026","MA-SJP-E001T","Indisponibilidade","Problemas mecânicos","17:29","17:29","00:00","0","PARCIAL","PLANTÃO","São Joao dos Patos","< 2h"
"GSTC","22/4/2026","MA-BRG-E001M","Indisponibilidade","Interjornada","08:00","11:58","03:58","0,49583325","PARCIAL","PLANTÃO","São Joao dos Patos","2 a 4h"
"GSTC","8/4/2026","MA-SJP-E001M","Indisponibilidade","CHECKLIST","08:04","08:36","00:32","0,066666625","PARCIAL","PLANTÃO","São Joao dos Patos","< 2h"
"GSTC","13/7/2026","MA-BRG-E001M","Indisponibilidade","Interjornada","08:00","11:05","03:05","0,385416625","PARCIAL","PLANTÃO","São Joao dos Patos","2 a 4h"
"GSTC","18/5/2026","MA-SJP-E002M","Indisponibilidade","Problemas mecânicos","08:00","09:58","01:58","0,24583325","PARCIAL","PLANTÃO","São Joao dos Patos","< 2h"
"GSTC","21/7/2026","MA-PTB-E001M","Indisponibilidade","Atrasado","14:54","16:18","01:24","0,175","PARCIAL","PLANTÃO","São Joao dos Patos","< 2h"
"GSTC","29/6/2026","MA-SJP-E001M","Indisponibilidade","Problemas mecânicos","08:00","18:00","10:00","1","TOTAL","PLANTÃO","São Joao dos Patos","> 6h"
"GSTC","11/8/2026","MA-SJP-E001M","Indisponibilidade","Problemas mecânicos","08:31","18:31","10:00","1","TOTAL","PLANTÃO","São Joao dos Patos","> 6h"
"GSTC","16/6/2026","MA-SDA-E001M","Indisponibilidade","CHECKLIST","07:35","08:00","00:25","0,05208325","PARCIAL","PLANTÃO","São Joao dos Patos","< 2h"
"GSTC","17/6/2026","MA-SJP-E002M","Indisponibilidade","Problemas mecânicos","08:00","10:55","02:55","0,36458325","PARCIAL","PLANTÃO","São Joao dos Patos","2 a 4h"
"GSTC","31/1/2026","MA-PTB-E001M","Indisponibilidade","Interjornada","08:00","10:41","02:41","0,335416625","PARCIAL","PLANTÃO","São Joao dos Patos","2 a 4h"
"GSTC","20/2/2026","MA-SJP-C002M","Indisponibilidade","Atrasado","14:53","18:00","03:07","0,38958325","PARCIAL","CORTE E RELIGAÇÃO","São Joao dos Patos","2 a 4h"
"GSTC","2/5/2026","MA-SJP-C001M","Indisponibilidade","Atrasado","11:42","19:42","08:00","1","TOTAL","CORTE E RELIGAÇÃO","São Joao dos Patos","> 6h"
"GSTC","22/9/2026","MA-PTB-E001M","Indisponibilidade","Interjornada","08:00","12:32","04:32","0,566666625","PARCIAL","PLANTÃO","São Joao dos Patos","4 a 6h"
"GSTC","24/9/2026","MA-SDA-E001M","Indisponibilidade","Problemas mecânicos","08:00","18:00","10:00","1","TOTAL","PLANTÃO","São Joao dos Patos","> 6h"
"GSTC","6/10/2026","MA-SJP-E002M","Indisponibilidade","Problemas mecânicos","08:00","13:35","05:35","0,697916625","PARCIAL","PLANTÃO","São Joao dos Patos","4 a 6h"
"GSTC","3/6/2026","MA-PRB-M001M","Indisponibilidade","Problemas mecânicos","08:00","15:34","07:34","0,94583325","PARCIAL","LIGAÇÃO NOVA","São Joao dos Patos","> 6h"
"GSTC","21/4/2026","MA-SDA-E001M","Indisponibilidade","Interjornada","08:00","10:12","02:12","0,275","PARCIAL","PLANTÃO","São Joao dos Patos","2 a 4h"
"GSTC","27/4/2026","MA-SJP-C001M","Indisponibilidade","CHECKLIST","10:29","10:47","00:18","0,0375","PARCIAL","CORTE E RELIGAÇÃO","São Joao dos Patos","< 2h"
"GSTC","30/7/2026","MA-SJP-E002M","Indisponibilidade","Eletricista em treinamento","08:00","11:18","03:18","0,4125","PARCIAL","PLANTÃO","São Joao dos Patos","2 a 4h"
"GSTC","28/8/2026","MA-PTB-E001M","Indisponibilidade","Eletricista em treinamento","08:00","12:31","04:31","0,56458325","PARCIAL","PLANTÃO","São Joao dos Patos","4 a 6h"
"GSTC","1/9/2026","MA-SDA-E001M","Indisponibilidade","Problemas mecânicos","09:40","13:12","03:32","0,441666625","PARCIAL","PLANTÃO","São Joao dos Patos","2 a 4h"
"GSTC","1/9/2026","MA-SDA-E001M","Indisponibilidade","Problemas mecânicos","13:52","18:28","04:36","0,575","PARCIAL","PLANTÃO","São Joao dos Patos","4 a 6h"
"GSTC","1/4/2026","MA-BRG-E001M","Indisponibilidade","Atrasado","08:20","12:30","04:10","0,52083325","PARCIAL","PLANTÃO","São Joao dos Patos","4 a 6h"
"GSTC","8/4/2026","MA-PTB-E001M","Indisponibilidade","Interjornada","08:00","10:00","02:00","0,25","PARCIAL","PLANTÃO","São Joao dos Patos","2 a 4h"
"GSTC","31/8/2026","MA-PRB-M001M","Indisponibilidade","Eletricista de atestado","15:02","15:18","00:16","0,03333325","PARCIAL","LIGAÇÃO NOVA","São Joao dos Patos","< 2h"
"GSTC","31/8/2026","MA-PRB-M001M","Indisponibilidade","Eletricista em treinamento","15:18","16:21","01:03","0,13125","PARCIAL","LIGAÇÃO NOVA","São Joao dos Patos","< 2h"
"GSTC","25/9/2026","MA-SDA-E001M","Indisponibilidade","Problemas mecânicos","08:00","14:40","06:40","0,83333325","PARCIAL","PLANTÃO","São Joao dos Patos","> 6h"
"GSTC","30/9/2026","MA-SJP-X200M","Indisponibilidade","CHECKLIST","09:32","10:32","01:00","0,125","PARCIAL","EQTL","São Joao dos Patos","< 2h"
"GSTC","6/4/2026","MA-SDA-E001M","Indisponibilidade","Problemas mecânicos","09:38","18:48","09:10","1","PARCIAL","PLANTÃO","São Joao dos Patos","> 6h"
"GSTC","6/9/2026","MA-PTB-E001M","Indisponibilidade","Eletricista de atestado","13:13","13:14","00:01","0,00208325","PARCIAL","PLANTÃO","São Joao dos Patos","< 2h"
"GSTC","6/6/2026","MA-PSF-E001M","Indisponibilidade","Problemas mecânicos","08:00","08:39","00:39","0,08125","PARCIAL","PLANTÃO","São Joao dos Patos","< 2h"
"GSTC","17/7/2026","MA-PRB-M001M","Indisponibilidade","Interjornada","08:00","08:01","00:01","0,00208325","PARCIAL","LIGAÇÃO NOVA","São Joao dos Patos","< 2h"
"GSTC","17/7/2026","MA-PRB-M001M","Indisponibilidade","Problemas mecânicos","08:00","10:25","02:25","0,30208325","PARCIAL","LIGAÇÃO NOVA","São Joao dos Patos","2 a 4h"
"GSTC","24/7/2026","MA-SJP-E002M","Indisponibilidade","Eletricista em treinamento","08:00","09:38","01:38","0,204166625","PARCIAL","PLANTÃO","São Joao dos Patos","< 2h"
"GSTC","30/1/2026","MA-SJP-C001M","Indisponibilidade","Interjornada","10:56","11:20","00:24","0,05","PARCIAL","CORTE E RELIGAÇÃO","São Joao dos Patos","< 2h"
"GSTC","6/2/2026","MA-PTB-E001M","Indisponibilidade","Interjornada","08:00","10:30","02:30","0,3125","PARCIAL","PLANTÃO","São Joao dos Patos","2 a 4h"
"GSTC","7/2/2026","MA-PTB-E001M","Indisponibilidade","Interjornada","09:53","10:02","00:09","0,01875","PARCIAL","PLANTÃO","São Joao dos Patos","< 2h"
"GSTC","28/2/2026","MA-SDA-E001M","Indisponibilidade","Atrasado","08:45","11:07","02:22","0,29583325","PARCIAL","PLANTÃO","São Joao dos Patos","2 a 4h"
"GSTC","28/5/2026","MA-SJP-E001T","Indisponibilidade","CHECKLIST","16:55","16:56","00:01","0,00208325","PARCIAL","PLANTÃO","São Joao dos Patos","< 2h"
"GSTC","1/6/2026","MA-PRB-M001M","Indisponibilidade","Problemas mecânicos","08:00","18:00","10:00","1","TOTAL","LIGAÇÃO NOVA","São Joao dos Patos","> 6h"
"GSTC","10/7/2026","MA-SJP-E002T","Indisponibilidade","CHECKLIST","16:48","16:49","00:01","0,00208325","PARCIAL","PLANTÃO","São Joao dos Patos","< 2h"
"GSTC","28/6/2026","MA-PRB-M001M","Indisponibilidade","CHECKLIST","08:14","08:16","00:02","0,004166625","PARCIAL","LIGAÇÃO NOVA","São Joao dos Patos","< 2h"
"GSTC","30/1/2026","MA-PTB-E001M","Indisponibilidade","Interjornada","10:57","11:42","00:45","0,09375","PARCIAL","PLANTÃO","São Joao dos Patos","< 2h"
"GSTC","3/2/2026","MA-SDA-E001M","Indisponibilidade","Problemas mecânicos","08:00","10:15","02:15","0,28125","PARCIAL","PLANTÃO","São Joao dos Patos","2 a 4h"
"GSTC","13/2/2026","MA-PSF-E001M","Indisponibilidade","Interjornada","08:04","10:18","02:14","0,279166625","PARCIAL","PLANTÃO","São Joao dos Patos","2 a 4h"
"GSTC","5/5/2026","MA-BRG-E001M","Indisponibilidade","Atrasado","08:00","09:56","01:56","0,241666625","PARCIAL","PLANTÃO","São Joao dos Patos","< 2h"
"GSTC","25/8/2026","MA-SDA-E001M","Indisponibilidade","Atrasado","10:13","16:08","05:55","0,73958325","PARCIAL","PLANTÃO","São Joao dos Patos","4 a 6h"
"GSTC","2/6/2026","MA-SJP-E002M","Indisponibilidade","Eletricista em treinamento","08:00","08:01","00:01","0,00208325","PARCIAL","PLANTÃO","São Joao dos Patos","< 2h"
"GSTC","28/4/2026","MA-SDA-E001M","Indisponibilidade","Problemas mecânicos","09:38","21:38","12:00","1","PARCIAL","PLANTÃO","São Joao dos Patos","> 6h"
"GSTC","23/7/2026","MA-SJP-E002M","Indisponibilidade","Eletricista em treinamento","08:00","10:00","02:00","0,25","PARCIAL","PLANTÃO","São Joao dos Patos","2 a 4h"
"GSTC","26/7/2026","MA-BRG-E001M","Indisponibilidade","Interjornada","07:51","09:33","01:42","0,2125","PARCIAL","PLANTÃO","São Joao dos Patos","< 2h"
"GSTC","15/1/2026","MA-SJP-C002M","Indisponibilidade","Interjornada","08:00","10:02","02:02","0,254166625","PARCIAL","CORTE E RELIGAÇÃO","São Joao dos Patos","2 a 4h"
"GSTC","20/8/2026","MA-SDA-E001M","Indisponibilidade","Interjornada","08:00","12:35","04:35","0,572916625","PARCIAL","PLANTÃO","São Joao dos Patos","4 a 6h"
"GSTC","23/9/2026","MA-SDA-E001M","Indisponibilidade","Problemas mecânicos","10:21","20:21","10:00","1","TOTAL","PLANTÃO","São Joao dos Patos","> 6h"
"GSTC","22/9/2026","MA-BRG-E001M","Indisponibilidade","Problemas mecânicos","08:00","19:08","11:08","1","TOTAL","PLANTÃO","São Joao dos Patos","> 6h"
"GSTC","26/8/2026","MA-PRB-M001M","Indisponibilidade","Outros","08:00","09:44","01:44","0,216666625","PARCIAL","LIGAÇÃO NOVA","São Joao dos Patos","< 2h"
"GSTC","2/9/2026","MA-SDA-E001M","Indisponibilidade","Problemas mecânicos","08:00","18:00","10:00","1","TOTAL","PLANTÃO","São Joao dos Patos","> 6h"
"GSTC","30/9/2026","MA-PTB-E001M","Indisponibilidade","Interjornada","08:00","09:44","01:44","0,216666625","PARCIAL","PLANTÃO","São Joao dos Patos","< 2h"
"GSTC","2/6/2026","MA-PRB-M001M","Indisponibilidade","Problemas mecânicos","08:00","18:00","10:00","1","TOTAL","LIGAÇÃO NOVA","São Joao dos Patos","> 6h"
"GSTC","4/7/2026","MA-PSF-E001M","Indisponibilidade","CHECKLIST","07:41","08:00","00:19","0,03958325","PARCIAL","PLANTÃO","São Joao dos Patos","< 2h"
"GSTC","25/6/2026","MA-SJP-E001M","Indisponibilidade","Problemas mecânicos","13:04","23:04","10:00","1","TOTAL","PLANTÃO","São Joao dos Patos","> 6h"
"GSTC","8/6/2026","MA-SJP-E001M","Indisponibilidade","Problemas mecânicos","08:02","09:40","01:38","0,204166625","PARCIAL","PLANTÃO","São Joao dos Patos","< 2h"
"GSTC","21/1/2026","MA-SJP-C001M","Indisponibilidade","Problemas mecânicos","09:37","09:43","00:06","0,0125","PARCIAL","CORTE E RELIGAÇÃO","São Joao dos Patos","< 2h"
"GSTC","20/3/2026","MA-SDA-E001M","Indisponibilidade","Interjornada","08:00","08:54","00:54","0,1125","PARCIAL","PLANTÃO","São Joao dos Patos","< 2h"
"GSTC","1/5/2026","MA-SJP-E001M","Indisponibilidade","CHECKLIST","08:29","08:41","00:12","0,025","PARCIAL","PLANTÃO","São Joao dos Patos","< 2h"
"GSTC","29/1/2026","MA-SJP-X200M","Indisponibilidade","CHECKLIST","08:00","16:00","08:00","1","TOTAL","EQTL","São Joao dos Patos","> 6h"
"GSTC","3/8/2026","MA-SJP-X200M","Indisponibilidade","CHECKLIST","11:36","11:43","00:07","0,01458325","PARCIAL","EQTL","São Joao dos Patos","< 2h"
"GSTC","17/6/2026","MA-SJP-E001M","Indisponibilidade","Problemas mecânicos","09:07","10:23","01:16","0,15833325","PARCIAL","PLANTÃO","São Joao dos Patos","< 2h"
"GSTC","29/4/2026","MA-SDA-E001M","Indisponibilidade","Problemas mecânicos","07:09","17:09","10:00","1","PARCIAL","PLANTÃO","São Joao dos Patos","> 6h"
"GSTC","6/1/2026","MA-BRG-E001M","Indisponibilidade","Interjornada","08:33","08:48","00:15","0,03125","PARCIAL","PLANTÃO","São Joao dos Patos","< 2h"
"GSTC","16/7/2026","MA-BRG-E001M","Indisponibilidade","Interjornada","07:52","09:15","01:23","0,172916625","PARCIAL","PLANTÃO","São Joao dos Patos","< 2h"
"GSTC","27/1/2026","MA-BRG-E001M","Indisponibilidade","Interjornada","08:00","14:14","06:14","0,779166625","PARCIAL","PLANTÃO","São Joao dos Patos","> 6h"
"GSTC","27/1/2026","MA-SJP-E001T","Indisponibilidade","CHECKLIST","17:26","17:28","00:02","0,004166625","PARCIAL","PLANTÃO","São Joao dos Patos","< 2h"
"GSTC","29/9/2026","MA-SJP-E001M","Indisponibilidade","Problemas mecânicos","08:00","12:00","04:00","0,5","TOTAL","PLANTÃO","São Joao dos Patos","4 a 6h"
"GSTC","7/4/2026","MA-SJP-E001M","Indisponibilidade","Problemas mecânicos","08:09","09:41","01:32","0,191666625","PARCIAL","PLANTÃO","São Joao dos Patos","< 2h"
"GSTC","27/7/2026","MA-SDA-E001M","Indisponibilidade","Problemas mecânicos","08:00","18:00","10:00","1","TOTAL","PLANTÃO","São Joao dos Patos","> 6h"
"GSTC","21/9/2026","MA-SJP-E001M","Indisponibilidade","Eletricista de atestado","07:27","09:07","01:40","0,20833325","PARCIAL","PLANTÃO","São Joao dos Patos","< 2h"
"GSTC","5/6/2026","MA-PTB-E001M","Indisponibilidade","Interjornada","08:00","09:58","01:58","0,24583325","PARCIAL","PLANTÃO","São Joao dos Patos","< 2h"
"GSTC","16/4/2026","MA-PTB-E001M","Indisponibilidade","Interjornada","08:00","13:08","05:08","0,641666625","PARCIAL","PLANTÃO","São Joao dos Patos","4 a 6h"
"GSTC","11/3/2026","MA-PTB-E001M","Indisponibilidade","Interjornada","10:20","10:21","00:01","0,00208325","PARCIAL","PLANTÃO","São Joao dos Patos","< 2h"
"GSTC","14/5/2026","MA-SJP-E001M","Indisponibilidade","Problemas mecânicos","08:00","20:00","12:00","1","TOTAL","PLANTÃO","São Joao dos Patos","> 6h"
"GSTC","7/8/2026","MA-SJP-E001M","Indisponibilidade","Problemas mecânicos","08:00","16:25","08:25","1","TOTAL","PLANTÃO","São Joao dos Patos","> 6h"
"GSTC","12/3/2026","MA-SDA-E001M","Indisponibilidade","Interjornada","08:00","09:59","01:59","0,247916625","PARCIAL","PLANTÃO","São Joao dos Patos","< 2h"
"GSTC","16/2/2026","MA-SJP-E001M","Indisponibilidade","CHECKLIST","07:56","08:26","00:30","0,0625","PARCIAL","PLANTÃO","São Joao dos Patos","< 2h"
"GSTC","31/3/2026","MA-SJP-E001M","Indisponibilidade","Problemas mecânicos","08:15","18:59","10:44","1","PARCIAL","PLANTÃO","São Joao dos Patos","> 6h"
"GSTC","6/2/2026","MA-SDA-E001M","Indisponibilidade","Interjornada","08:00","10:13","02:13","0,27708325","PARCIAL","PLANTÃO","São Joao dos Patos","2 a 4h"
"GSTC","12/2/2026","MA-SJP-C001M","Indisponibilidade","Interjornada","10:09","10:09","00:00","0","PARCIAL","CORTE E RELIGAÇÃO","São Joao dos Patos","< 2h"
"GSTC","28/7/2026","MA-SDA-E001M","Indisponibilidade","Problemas mecânicos","09:20","15:38","06:18","0,7875","PARCIAL","PLANTÃO","São Joao dos Patos","> 6h"
"GSTC","29/7/2026","MA-SJP-E002M","Indisponibilidade","Eletricista de atestado","08:00","11:00","03:00","0,375","TOTAL","PLANTÃO","São Joao dos Patos","2 a 4h"
"GSTC","29/7/2026","MA-SJP-E002M","Indisponibilidade","Problemas mecânicos","11:00","16:00","05:00","0,625","TOTAL","PLANTÃO","São Joao dos Patos","4 a 6h"
"GSTC","4/8/2026","MA-BRG-E001M","Indisponibilidade","Interjornada","08:59","08:59","00:00","0","PARCIAL","PLANTÃO","São Joao dos Patos","< 2h"
"GSTC","7/3/2026","MA-BRG-E001M","Indisponibilidade","Atrasado","09:06","15:06","06:00","0,75","PARCIAL","PLANTÃO","São Joao dos Patos","> 6h"
"GSTC","25/4/2026","MA-SJP-E001M","Indisponibilidade","CHECKLIST","07:54","08:06","00:12","0,025","PARCIAL","PLANTÃO","São Joao dos Patos","< 2h"
"GSTC","15/6/2026","MA-SJP-E001M","Indisponibilidade","Problemas mecânicos","13:38","13:38","00:00","0","PARCIAL","PLANTÃO","São Joao dos Patos","< 2h"
"GSTC","2/1/2026","MA-SJP-E001M","Indisponibilidade","Problemas mecânicos","09:24","09:25","00:01","0,00208325","PARCIAL","PLANTÃO","São Joao dos Patos","< 2h"
"GSTC","12/5/2026","MA-SJP-E002M","Indisponibilidade","Problemas mecânicos","08:00","18:00","10:00","1","TOTAL","PLANTÃO","São Joao dos Patos","> 6h"
"GSTC","22/3/2026","MA-PTB-E001M","Indisponibilidade","CHECKLIST","07:24","07:46","00:22","0,04583325","PARCIAL","PLANTÃO","São Joao dos Patos","< 2h"
"GSTC","20/4/2026","MA-SJP-E001M","Indisponibilidade","Problemas mecânicos","11:55","21:55","10:00","1","PARCIAL","PLANTÃO","São Joao dos Patos","> 6h"
"GSTC","23/7/2026","MA-PRB-M001M","Indisponibilidade","Eletricista em treinamento","08:00","10:06","02:06","0,2625","PARCIAL","LIGAÇÃO NOVA","São Joao dos Patos","2 a 4h"
"GSTC","23/7/2026","MA-PTB-E001M","Indisponibilidade","Eletricista em treinamento","08:00","10:46","02:46","0,34583325","PARCIAL","PLANTÃO","São Joao dos Patos","2 a 4h"
"GSTC","22/1/2026","MA-PTB-E001M","Indisponibilidade","Interjornada","08:00","13:26","05:26","0,679166625","PARCIAL","PLANTÃO","São Joao dos Patos","4 a 6h"
"GSTC","31/7/2026","MA-SJP-E002M","Indisponibilidade","Eletricista em treinamento","08:00","09:35","01:35","0,197916625","PARCIAL","PLANTÃO","São Joao dos Patos","< 2h"
"GSTC","24/3/2026","MA-PSF-E001M","Indisponibilidade","Interjornada","08:00","11:50","03:50","0,479166625","PARCIAL","PLANTÃO","São Joao dos Patos","2 a 4h"
"GSTC","27/3/2026","MA-CHA-D002M","Indisponibilidade","Interjornada","14:00","16:00","02:00","0,25","TOTAL","SEED MONEY","Chapadinha","2 a 4h"
"GSTC","4/4/2026","MA-CHA-C001M","Indisponibilidade","Eletricista de atestado","10:27","16:59","06:32","0,816666625","TOTAL","CORTE E RELIGAÇÃO","Chapadinha","> 6h"
"GSTC","7/4/2026","MA-CHA-C001M","Indisponibilidade","Problemas mecânicos","15:17","17:41","02:24","0,3","PARCIAL","CORTE E RELIGAÇÃO","Chapadinha","2 a 4h"
"GSTC","20/4/2026","MA-CHA-D001M","Indisponibilidade","Problemas mecânicos","08:00","18:00","10:00","1","TOTAL","SEED MONEY","Chapadinha","> 6h"
"GSTC","20/4/2026","MA-SQA-M001M","Indisponibilidade","Problemas mecânicos","08:00","18:00","10:00","1","TOTAL","LIGAÇÃO NOVA","Chapadinha","> 6h"
"GSTC","21/5/2026","MA-CHA-C004M","Indisponibilidade","Problemas mecânicos","08:00","17:42","09:42","1","PARCIAL","CORTE E RELIGAÇÃO","Chapadinha","> 6h"
"GSTC","22/5/2026","MA-CHA-C004M","Indisponibilidade","Problemas mecânicos","08:00","10:26","02:26","0,304166625","PARCIAL","CORTE E RELIGAÇÃO","Chapadinha","2 a 4h"
"GSTC","23/5/2026","MA-SQA-M001M","Indisponibilidade","Problemas mecânicos","08:00","08:54","00:54","0,1125","PARCIAL","LIGAÇÃO NOVA","Chapadinha","< 2h"
"GSTC","23/5/2026","MA-SQA-M001M","Indisponibilidade","Problemas mecânicos","14:16","19:06","04:50","0,604166625","PARCIAL","LIGAÇÃO NOVA","Chapadinha","4 a 6h"
"GSTC","9/3/2026","MA-CHA-D002M","Indisponibilidade","Eletricista de atestado","08:00","20:00","12:00","1","TOTAL","SEED MONEY","Chapadinha","> 6h"
"GSTC","11/3/2026","MA-ANA-M001M","Indisponibilidade","Interjornada","08:02","10:00","01:58","0,24583325","PARCIAL","LIGAÇÃO NOVA","Chapadinha","< 2h"
"GSTC","29/5/2026","MA-ANA-M001M","Indisponibilidade","Eletricista em treinamento","08:00","09:03","01:03","0,13125","PARCIAL","LIGAÇÃO NOVA","Chapadinha","< 2h"
"GSTC","29/5/2026","MA-CHA-E001M","Indisponibilidade","Outros","08:00","09:52","01:52","0,23333325","PARCIAL","PLANTÃO","Chapadinha","< 2h"
"GSTC","16/3/2026","MA-CHA-E002M","Indisponibilidade","Problemas mecânicos","11:45","16:29","04:44","0,591666625","PARCIAL","PLANTÃO","Chapadinha","4 a 6h"
"GSTC","6/5/2026","MA-CHA-C002M","Indisponibilidade","CHECKLIST","07:58","08:16","00:18","0,0375","PARCIAL","CORTE E RELIGAÇÃO","Chapadinha","< 2h"
"GSTC","27/3/2026","MA-CHA-C001M","Indisponibilidade","Atrasado","10:43","11:44","01:01","0,12708325","PARCIAL","CORTE E RELIGAÇÃO","Chapadinha","< 2h"
"GSTC","1/4/2026","MA-CHA-D002M","Indisponibilidade","Problemas mecânicos","08:00","18:00","10:00","1","TOTAL","SEED MONEY","Chapadinha","> 6h"
"GSTC","10/4/2026","MA-CHA-E001M","Indisponibilidade","Eletricista em treinamento","07:41","09:08","01:27","0,18125","PARCIAL","PLANTÃO","Chapadinha","< 2h"
"GSTC","16/4/2026","MA-COE-E003M","Indisponibilidade","Problemas mecânicos","08:35","20:11","11:36","1","TOTAL","PLANTÃO","Chapadinha","> 6h"
"GSTC","25/4/2026","MA-CHA-E001M","Indisponibilidade","Problemas mecânicos","11:48","12:50","01:02","0,129166625","PARCIAL","PLANTÃO","Chapadinha","< 2h"
"GSTC","18/5/2026","MA-CHA-D001M","Indisponibilidade","Problemas mecânicos","08:00","20:00","12:00","1","TOTAL","SEED MONEY","Chapadinha","> 6h"
"GSTC","20/5/2026","MA-COE-E003M","Indisponibilidade","Problemas mecânicos","08:00","16:13","08:13","1","PARCIAL","PLANTÃO","Chapadinha","> 6h"
"GSTC","25/5/2026","MA-CHA-C002M","Indisponibilidade","Eletricista em treinamento","07:54","09:42","01:48","0,225","PARCIAL","CORTE E RELIGAÇÃO","Chapadinha","< 2h"
"GSTC","25/5/2026","MA-COE-E001M","Indisponibilidade","Problemas mecânicos","09:28","18:03","08:35","1","PARCIAL","PLANTÃO","Chapadinha","> 6h"
"GSTC","20/4/2026","MA-CHA-H001M","Indisponibilidade","Atrasado","08:00","18:00","10:00","1","TOTAL","CORTE E RELIGAÇÃO","Chapadinha","> 6h"
"GSTC","6/3/2026","MA-ANA-M001M","Indisponibilidade","Interjornada","08:00","18:32","10:32","1","PARCIAL","LIGAÇÃO NOVA","Chapadinha","> 6h"
"GSTC","4/5/2026","MA-CHA-M002M","Indisponibilidade","Problemas mecânicos","09:32","09:33","00:01","0,00208325","PARCIAL","PLANTÃO","Chapadinha","< 2h"
"GSTC","2/5/2026","MA-CHA-M002M","Indisponibilidade","Problemas mecânicos","08:00","18:00","10:00","1","TOTAL","PLANTÃO","Chapadinha","> 6h"
"GSTC","6/5/2026","MA-COE-E003M","Indisponibilidade","Problemas mecânicos","07:58","09:55","01:57","0,24375","PARCIAL","PLANTÃO","Chapadinha","< 2h"
"GSTC","8/5/2026","MA-CHA-D001M","Indisponibilidade","Problemas mecânicos","08:00","16:00","08:00","1","TOTAL","SEED MONEY","Chapadinha","> 6h"
"GSTC","15/5/2026","MA-CHA-M002M","Indisponibilidade","Problemas mecânicos","13:33","13:33","00:00","0","PARCIAL","PLANTÃO","Chapadinha","< 2h"
"GSTC","6/4/2026","MA-COE-E003M","Indisponibilidade","Problemas mecânicos","08:00","12:45","04:45","0,59375","PARCIAL","PLANTÃO","Chapadinha","4 a 6h"
"GSTC","27/4/2026","MA-CHA-M002M","Indisponibilidade","Problemas mecânicos","08:16","09:47","01:31","0,18958325","PARCIAL","PLANTÃO","Chapadinha","< 2h"
"GSTC","27/4/2026","MA-CHA-D002M","Indisponibilidade","Eletricista de atestado","08:00","18:00","10:00","1","PARCIAL","SEED MONEY","Chapadinha","> 6h"
"GSTC","29/4/2026","MA-CHA-C002M","Indisponibilidade","Problemas mecânicos","08:30","16:55","08:25","1","PARCIAL","CORTE E RELIGAÇÃO","Chapadinha","> 6h"
"GSTC","20/5/2026","MA-CHA-L001M","Indisponibilidade","Problemas mecânicos","18:00","18:00","00:00","0","TOTAL","LIGAÇÃO NOVA","Chapadinha","< 2h"
"GSTC","5/1/2026","MA-CAX-E001M","Indisponibilidade","Outros","06:57","09:14","02:17","0,285416625","PARCIAL","PLANTÃO","Caxias","2 a 4h"
"GSTC","4/6/2026","MA-ADA-E001M","Indisponibilidade","CHECKLIST","08:03","08:14","00:11","0,022916625","PARCIAL","PLANTÃO","Caxias","< 2h"
"GSTC","8/6/2026","MA-CAX-D002M","Indisponibilidade","Eletricista de atestado","08:00","14:03","06:03","0,75625","PARCIAL","SEED MONEY","Caxias","> 6h"
"GSTC","10/3/2026","MA-COD-M001M","Indisponibilidade","Interjornada","08:15","15:37","07:22","0,92083325","PARCIAL","LIGAÇÃO NOVA","Caxias","> 6h"
"GSTC","18/3/2026","MA-CAX-C001M","Indisponibilidade","Problemas mecânicos","08:25","18:36","10:11","1","TOTAL","CORTE E RELIGAÇÃO","Caxias","> 6h"
"GSTC","21/1/2026","MA-CAX-E001T","Indisponibilidade","CHECKLIST","16:20","16:23","00:03","0,00625","PARCIAL","PLANTÃO","Caxias","< 2h"
"GSTC","22/1/2026","MA-CAX-M001M","Indisponibilidade","Problemas mecânicos","08:00","18:41","10:41","1","TOTAL","LIGAÇÃO NOVA","Caxias","> 6h"
"GSTC","23/1/2026","MA-CAX-M001M","Indisponibilidade","Problemas mecânicos","12:06","19:27","07:21","0,91875","TOTAL","LIGAÇÃO NOVA","Caxias","> 6h"
"GSTC","25/1/2026","MA-CAX-M003M","Indisponibilidade","Outros","11:14","11:15","00:01","0,00208325","PARCIAL","PLANTÃO","Caxias","< 2h"
"GSTC","31/7/2026","MA-CAX-H001M","Indisponibilidade","Eletricista de atestado","08:37","19:46","11:09","1","TOTAL","CORTE E RELIGAÇÃO","Caxias","> 6h"
"GSTC","21/3/2026","MA-CAX-D001M","Indisponibilidade","Outros","08:03","13:47","05:44","0,716666625","PARCIAL","SEED MONEY","Caxias","4 a 6h"
"GSTC","15/6/2026","MA-CAX-D001M","Indisponibilidade","Outros","08:00","18:00","10:00","1","TOTAL","SEED MONEY","Caxias","> 6h"
"GSTC","7/8/2026","MA-CAX-H001M","Indisponibilidade","Outros","16:38","19:16","02:38","0,329166625","PARCIAL","CORTE E RELIGAÇÃO","Caxias","2 a 4h"
"GSTC","28/2/2026","MA-CAX-D001M","Indisponibilidade","Atrasado","08:00","16:00","08:00","1","TOTAL","SEED MONEY","Caxias","> 6h"
"GSTC","4/5/2026","MA-CAX-C001M","Indisponibilidade","CHECKLIST","07:55","08:17","00:22","0,04583325","PARCIAL","CORTE E RELIGAÇÃO","Caxias","< 2h"
"GSTC","6/6/2026","MA-ADA-E001M","Indisponibilidade","Problemas mecânicos","08:00","08:06","23:59","1","TOTAL","PLANTÃO","Caxias","> 6h"
"GSTC","8/6/2026","MA-CAX-D001M","Indisponibilidade","Eletricista de atestado","08:50","11:30","02:40","0,33333325","PARCIAL","SEED MONEY","Caxias","2 a 4h"
"GSTC","26/8/2026","MA-CAX-L001M","Indisponibilidade","Eletricista em treinamento","09:11","09:11","00:00","0","PARCIAL","LIGAÇÃO NOVA","Caxias","< 2h"
"GSTC","13/7/2026","MA-CAX-E001M","Indisponibilidade","Outros","07:00","15:54","08:54","1","PARCIAL","PLANTÃO","Caxias","> 6h"
"GSTC","21/5/2026","MA-CHA-L001M","Indisponibilidade","Problemas mecânicos","08:00","17:15","09:15","1","PARCIAL","LIGAÇÃO NOVA","Chapadinha","> 6h"
"GSTC","25/5/2026","MA-CHA-D001M","Indisponibilidade","Eletricista em treinamento","08:00","13:00","05:00","0,625","TOTAL","SEED MONEY","Chapadinha","4 a 6h"
"GSTC","26/5/2026","MA-CHA-D001M","Indisponibilidade","Eletricista em treinamento","08:11","09:50","01:39","0,20625","PARCIAL","SEED MONEY","Chapadinha","< 2h"
"GSTC","5/5/2026","MA-CHA-C002M","Indisponibilidade","Problemas mecânicos","15:02","18:26","03:24","0,425","PARCIAL","CORTE E RELIGAÇÃO","Chapadinha","2 a 4h"
"GSTC","15/5/2026","MA-CHA-D001M","Indisponibilidade","Problemas mecânicos","08:00","16:00","08:00","1","TOTAL","SEED MONEY","Chapadinha","> 6h"
"GSTC","17/5/2026","MA-COE-E003M","Indisponibilidade","Problemas mecânicos","08:19","16:10","07:51","0,98125","PARCIAL","PLANTÃO","Chapadinha","> 6h"
"GSTC","31/3/2026","MA-COE-E003M","Indisponibilidade","Outros","07:55","09:12","01:17","0,160416625","PARCIAL","PLANTÃO","Chapadinha","< 2h"
"GSTC","7/4/2026","MA-COE-E001M","Indisponibilidade","Problemas mecânicos","15:11","15:11","00:00","0","PARCIAL","PLANTÃO","Chapadinha","< 2h"
"GSTC","9/4/2026","MA-CHA-C004M","Indisponibilidade","CHECKLIST","07:54","07:58","00:04","0,00833325","PARCIAL","CORTE E RELIGAÇÃO","Chapadinha","< 2h"
"GSTC","15/4/2026","MA-CHA-D001M","Indisponibilidade","Problemas mecânicos","08:21","20:21","12:00","1","TOTAL","SEED MONEY","Chapadinha","> 6h"
"GSTC","11/5/2026","MA-CHA-C002M","Indisponibilidade","Problemas mecânicos","14:37","15:29","00:52","0,10833325","PARCIAL","CORTE E RELIGAÇÃO","Chapadinha","< 2h"
"GSTC","3/4/2026","MA-ANA-M001M","Indisponibilidade","Interjornada","08:05","12:02","03:57","0,49375","TOTAL","LIGAÇÃO NOVA","Chapadinha","2 a 4h"
"GSTC","13/4/2026","MA-COE-E002M","Indisponibilidade","Problemas mecânicos","08:00","08:24","00:24","0,05","PARCIAL","PLANTÃO","Chapadinha","< 2h"
"GSTC","28/4/2026","MA-COD-E002T","Indisponibilidade","Problemas mecânicos","18:12","19:25","01:13","0,15208325","PARCIAL","PLANTÃO","Caxias","< 2h"
"GSTC","19/3/2026","MA-CAX-D002M","Indisponibilidade","Problemas mecânicos","07:45","19:05","11:20","1","TOTAL","SEED MONEY","Caxias","> 6h"
"GSTC","17/3/2026","MA-COD-E002M","Indisponibilidade","Problemas mecânicos","08:33","10:23","01:50","0,229166625","PARCIAL","PLANTÃO","Caxias","< 2h"
"GSTC","28/4/2026","MA-COD-E002M","Indisponibilidade","Problemas mecânicos","08:39","10:25","01:46","0,22083325","PARCIAL","PLANTÃO","Caxias","< 2h"
"GSTC","16/3/2026","MA-TMB-E001M","Indisponibilidade","Interjornada","08:33","13:05","04:32","0,566666625","PARCIAL","PLANTÃO","Caxias","4 a 6h"
"GSTC","14/3/2026","MA-COD-E002M","Indisponibilidade","CHECKLIST","07:18","08:09","00:51","0,10625","PARCIAL","PLANTÃO","Caxias","< 2h"
"GSTC","24/3/2026","MA-CAX-D002M","Indisponibilidade","Problemas mecânicos","08:00","20:00","12:00","1","TOTAL","SEED MONEY","Caxias","> 6h"
"GSTC","4/3/2026","MA-CAX-D002M","Indisponibilidade","Outros","08:00","20:00","12:00","1","TOTAL","SEED MONEY","Caxias","> 6h"
"GSTC","29/4/2026","MA-COD-E001M","Indisponibilidade","Problemas mecânicos","08:30","09:12","00:42","0,0875","PARCIAL","PLANTÃO","Caxias","< 2h"
"GSTC","7/4/2026","MA-CAX-D002M","Indisponibilidade","Problemas mecânicos","09:38","09:39","00:01","0,00208325","PARCIAL","SEED MONEY","Caxias","< 2h"
"GSTC","15/4/2026","MA-TMB-E001M","Indisponibilidade","Problemas mecânicos","15:06","15:07","00:01","0,00208325","PARCIAL","PLANTÃO","Caxias","< 2h"
"GSTC","10/3/2026","MA-TMB-E001M","Indisponibilidade","Interjornada","08:15","09:37","01:22","0,17083325","PARCIAL","PLANTÃO","Caxias","< 2h"
"GSTC","28/4/2026","MA-CAX-D002M","Indisponibilidade","Eletricista em treinamento","09:11","10:15","01:04","0,13333325","PARCIAL","SEED MONEY","Caxias","< 2h"
"GSTC","20/3/2026","MA-CAX-D002M","Indisponibilidade","Problemas mecânicos","07:40","18:49","11:09","1","TOTAL","SEED MONEY","Caxias","> 6h"
"GSTC","27/4/2026","MA-CHA-C003M","Indisponibilidade","Problemas mecânicos","09:03","14:29","05:26","0,679166625","PARCIAL","CORTE E RELIGAÇÃO","Chapadinha","4 a 6h"
"GSTC","19/5/2026","MA-CHA-C004M","Indisponibilidade","Problemas mecânicos","08:00","16:00","08:00","1","TOTAL","CORTE E RELIGAÇÃO","Chapadinha","> 6h"
"GSTC","17/4/2026","MA-COE-E003M","Indisponibilidade","Problemas mecânicos","08:00","18:00","10:00","1","TOTAL","PLANTÃO","Chapadinha","> 6h"
"GSTC","23/4/2026","MA-UBS-M001M","Indisponibilidade","Problemas mecânicos","08:27","18:00","09:33","1","PARCIAL","PLANTÃO","Chapadinha","> 6h"
"GSTC","24/4/2026","MA-COE-E001M","Indisponibilidade","Problemas mecânicos","08:38","15:51","07:13","0,90208325","PARCIAL","PLANTÃO","Chapadinha","> 6h"
"GSTC","28/4/2026","MA-CHA-D001M","Indisponibilidade","Problemas mecânicos","08:00","16:00","08:00","1","PARCIAL","SEED MONEY","Chapadinha","> 6h"
"GSTC","23/5/2026","MA-COE-E002M","Indisponibilidade","Problemas mecânicos","08:07","10:39","02:32","0,316666625","PARCIAL","PLANTÃO","Chapadinha","2 a 4h"
"GSTC","20/3/2026","MA-CHA-D002M","Indisponibilidade","Problemas mecânicos","08:35","16:35","08:00","1","TOTAL","SEED MONEY","Chapadinha","> 6h"
"GSTC","23/3/2026","MA-CHA-D001M","Indisponibilidade","Problemas mecânicos","08:02","10:56","02:54","0,3625","PARCIAL","SEED MONEY","Chapadinha","2 a 4h"
"GSTC","1/5/2026","MA-UBS-M001M","Indisponibilidade","Eletricista de atestado","13:27","14:24","00:57","0,11875","PARCIAL","PLANTÃO","Chapadinha","< 2h"
"GSTC","25/3/2026","MA-CHA-D002M","Indisponibilidade","Problemas mecânicos","08:00","18:00","10:00","1","TOTAL","SEED MONEY","Chapadinha","> 6h"
"GSTC","2/2/2026","MA-COE-E003M","Indisponibilidade","CHECKLIST","08:00","08:31","00:31","0,06458325","PARCIAL","PLANTÃO","Chapadinha","< 2h"
"GSTC","4/2/2026","MA-COE-E002M","Indisponibilidade","Problemas mecânicos","15:10","16:28","01:18","0,1625","PARCIAL","PLANTÃO","Chapadinha","< 2h"
"GSTC","21/2/2026","MA-BJO-E001T","Indisponibilidade","CHECKLIST","15:19","15:29","00:10","0,02083325","PARCIAL","PLANTÃO","Chapadinha","< 2h"
"GSTC","25/2/2026","MA-SQA-M001M","Indisponibilidade","Problemas mecânicos","08:33","11:32","02:59","0,372916625","PARCIAL","LIGAÇÃO NOVA","Chapadinha","2 a 4h"
"GSTC","19/8/2026","MA-SQA-M001M","Indisponibilidade","Problemas mecânicos","08:27","19:24","10:57","1","TOTAL","LIGAÇÃO NOVA","Chapadinha","> 6h"
"GSTC","15/7/2026","MA-SQA-M001M","Indisponibilidade","Problemas mecânicos","08:00","08:57","00:57","0,11875","PARCIAL","LIGAÇÃO NOVA","Chapadinha","< 2h"
"GSTC","3/6/2026","MA-COE-E003M","Indisponibilidade","Problemas mecânicos","08:18","12:29","04:11","0,522916625","PARCIAL","PLANTÃO","Chapadinha","4 a 6h"
"GSTC","19/9/2026","MA-COE-E003M","Indisponibilidade","CHECKLIST","07:41","07:43","00:02","0,004166625","PARCIAL","PLANTÃO","Chapadinha","< 2h"
"GSTC","15/7/2026","MA-COE-E001T","Indisponibilidade","Interjornada","17:18","17:18","00:00","0","PARCIAL","PLANTÃO","Chapadinha","< 2h"
"GSTC","3/1/2026","MA-SQA-M001M","Indisponibilidade","Outros","09:01","19:01","10:00","1","TOTAL","LIGAÇÃO NOVA","Chapadinha","> 6h"
"GSTC","5/1/2026","MA-COE-E003M","Indisponibilidade","CHECKLIST","08:16","08:43","00:27","0,05625","PARCIAL","PLANTÃO","Chapadinha","< 2h"
"GSTC","5/1/2026","MA-COE-E003M","Indisponibilidade","CHECKLIST","08:11","08:14","00:03","0,00625","PARCIAL","PLANTÃO","Chapadinha","< 2h"
"GSTC","14/1/2026","MA-BJO-E001M","Indisponibilidade","CHECKLIST","07:12","08:36","01:24","0,175","PARCIAL","PLANTÃO","Chapadinha","< 2h"
"GSTC","10/8/2026","MA-COE-E001M","Indisponibilidade","Problemas mecânicos","08:00","16:00","08:00","1","TOTAL","PLANTÃO","Chapadinha","> 6h"
"GSTC","11/8/2026","MA-COE-E001M","Indisponibilidade","Problemas mecânicos","08:14","20:14","12:00","1","TOTAL","PLANTÃO","Chapadinha","> 6h"
"GSTC","26/3/2026","MA-COE-E001T","Indisponibilidade","Problemas mecânicos","17:42","17:42","00:00","0","PARCIAL","PLANTÃO","Chapadinha","< 2h"
"GSTC","2/9/2026","MA-SQA-M001M","Indisponibilidade","Outros","15:00","20:22","05:22","0,67083325","PARCIAL","LIGAÇÃO NOVA","Chapadinha","4 a 6h"
"GSTC","5/6/2026","MA-COE-E001T","Indisponibilidade","Problemas mecânicos","16:24","18:33","02:09","0,26875","PARCIAL","PLANTÃO","Chapadinha","2 a 4h"
"GSTC","29/6/2026","MA-SQA-M001M","Indisponibilidade","Outros","08:00","18:00","10:00","1","TOTAL","LIGAÇÃO NOVA","Chapadinha","> 6h"
"GSTC","31/3/2026","MA-ANA-M001M","Indisponibilidade","Problemas mecânicos","08:00","14:36","06:36","0,825","PARCIAL","LIGAÇÃO NOVA","Chapadinha","> 6h"
"GSTC","31/3/2026","MA-ANA-M001M","Indisponibilidade","Atrasado","14:37","15:16","00:39","0,08125","PARCIAL","LIGAÇÃO NOVA","Chapadinha","< 2h"
"GSTC","4/4/2026","MA-CHA-D001M","Indisponibilidade","Outros","08:38","20:38","12:00","1","TOTAL","SEED MONEY","Chapadinha","> 6h"
"GSTC","14/4/2026","MA-ANA-M001M","Indisponibilidade","Interjornada","08:00","10:19","02:19","0,28958325","PARCIAL","LIGAÇÃO NOVA","Chapadinha","2 a 4h"
"GSTC","17/4/2026","MA-CHA-E001M","Indisponibilidade","CHECKLIST","06:49","07:21","00:32","0,066666625","PARCIAL","PLANTÃO","Chapadinha","< 2h"
"GSTC","29/4/2026","MA-CHA-D002M","Indisponibilidade","Problemas mecânicos","09:14","10:46","01:32","0,191666625","PARCIAL","SEED MONEY","Chapadinha","< 2h"
"GSTC","25/5/2026","MA-SQA-M001M","Indisponibilidade","Problemas mecânicos","08:03","16:02","07:59","0,997916625","PARCIAL","LIGAÇÃO NOVA","Chapadinha","> 6h"
"GSTC","10/3/2026","MA-CHA-D001M","Indisponibilidade","Outros","08:00","20:00","12:00","1","TOTAL","SEED MONEY","Chapadinha","> 6h"
"GSTC","16/3/2026","MA-CHA-D002M","Indisponibilidade","Problemas mecânicos","08:22","14:22","06:00","0,75","TOTAL","SEED MONEY","Chapadinha","> 6h"
"GSTC","10/3/2026","MA-UBS-M001M","Indisponibilidade","Interjornada","08:00","08:49","00:49","0,10208325","PARCIAL","PLANTÃO","Chapadinha","< 2h"
"GSTC","12/3/2026","MA-CHA-D002M","Indisponibilidade","Outros","08:00","18:00","10:00","1","TOTAL","SEED MONEY","Chapadinha","> 6h"
"GSTC","16/3/2026","MA-COE-E003M","Indisponibilidade","CHECKLIST","10:09","10:14","00:05","0,010416625","PARCIAL","PLANTÃO","Chapadinha","< 2h"
"GSTC","16/3/2026","MA-COE-E003M","Indisponibilidade","Interjornada","08:00","10:14","02:14","0,279166625","PARCIAL","PLANTÃO","Chapadinha","2 a 4h"
"GSTC","12/3/2026","MA-ANA-M001M","Indisponibilidade","Atrasado","08:00","11:20","03:20","0,416666625","PARCIAL","LIGAÇÃO NOVA","Chapadinha","2 a 4h"
"GSTC","12/3/2026","MA-ANA-M001M","Indisponibilidade","Problemas mecânicos","11:20","11:49","00:29","0,060416625","PARCIAL","LIGAÇÃO NOVA","Chapadinha","< 2h"
"GSTC","14/3/2026","MA-UBS-M001M","Indisponibilidade","Outros","08:00","11:39","03:39","0,45625","PARCIAL","PLANTÃO","Chapadinha","2 a 4h"
"GSTC","7/3/2026","MA-UBS-M001M","Indisponibilidade","Eletricista de atestado","08:58","11:55","02:57","0,36875","PARCIAL","PLANTÃO","Chapadinha","2 a 4h"
"GSTC","12/3/2026","MA-CHA-D001M","Indisponibilidade","Outros","08:00","18:00","10:00","1","PARCIAL","SEED MONEY","Chapadinha","> 6h"
"GSTC","18/3/2026","MA-CHA-D002M","Indisponibilidade","Problemas mecânicos","01:10","09:10","08:00","1","PARCIAL","SEED MONEY","Chapadinha","> 6h"
"GEOM","21/6/2026","MA-CHA-V002M","Indisponibilidade","CHECKLIST","12:38","12:40","00:02","0,004166625","PARCIAL","LINHA MORTA","Chapadinha","< 2h"
"GEOM","16/5/2026","MA-CHA-O003M","Indisponibilidade","Interjornada","08:06","12:06","04:00","0,5","PARCIAL","LINHA MORTA","Chapadinha","4 a 6h"
"GEOM","18/5/2026","MA-CHA-V002M","Indisponibilidade","Problemas mecânicos","12:58","17:37","04:39","0,58125","PARCIAL","LINHA MORTA","Chapadinha","4 a 6h"
"GEOM","23/7/2026","MA-CHA-O003M","Indisponibilidade","Eletricista em treinamento","07:55","18:02","10:07","1","TOTAL","LINHA MORTA","Chapadinha","> 6h"
"GEOM","1/6/2026","MA-CHA-V002M","Indisponibilidade","CHECKLIST","07:26","09:46","02:20","0,291666625","PARCIAL","LINHA MORTA","Chapadinha","2 a 4h"
"GEOM","1/6/2026","MA-CHA-V002M","Indisponibilidade","CHECKLIST","09:54","10:08","00:14","0,029166625","PARCIAL","LINHA MORTA","Chapadinha","< 2h"
"GEOM","14/9/2026","MA-CHA-O003M","Indisponibilidade","CHECKLIST","08:00","08:43","00:43","0,08958325","PARCIAL","LINHA MORTA","Chapadinha","< 2h"
"GEOM","3/8/2026","MA-CHA-O001M","Indisponibilidade","Problemas mecânicos","07:21","11:36","04:15","0,53125","PARCIAL","LINHA MORTA","Chapadinha","4 a 6h"
"GEOM","20/2/2026","MA-CHA-V002M","Indisponibilidade","","08:22","13:10","04:48","0,6","TOTAL","LINHA MORTA","Chapadinha","4 a 6h"
"GEOM","26/2/2026","MA-CHA-O003M","Indisponibilidade","CHECKLIST","07:56","07:57","00:01","0,00208325","PARCIAL","LINHA MORTA","Chapadinha","< 2h"
"GEOM","15/1/2026","MA-CHA-O001M","Indisponibilidade","","08:14","18:22","10:08","1","TOTAL","LINHA MORTA","Chapadinha","> 6h"
"GEOM","6/4/2026","MA-CHA-O001M","Indisponibilidade","Problemas mecânicos","08:00","16:00","08:00","1","PARCIAL","LINHA MORTA","Chapadinha","> 6h"
"GEOM","21/5/2026","MA-CHA-O001M","Indisponibilidade","Interjornada","08:00","11:16","03:16","0,40833325","PARCIAL","LINHA MORTA","Chapadinha","2 a 4h"
"GEOM","14/8/2026","MA-CHA-V002M","Indisponibilidade","CHECKLIST","07:34","08:35","01:01","0,12708325","PARCIAL","LINHA MORTA","Chapadinha","< 2h"
"GEOM","25/5/2026","MA-CHA-V002M","Indisponibilidade","CHECKLIST","08:17","08:28","00:11","0,022916625","PARCIAL","LINHA MORTA","Chapadinha","< 2h"
"GEOM","17/9/2026","MA-CHA-V002M","Indisponibilidade","CHECKLIST","07:42","08:15","00:33","0,06875","PARCIAL","LINHA MORTA","Chapadinha","< 2h"
"GEOM","24/6/2026","MA-CHA-V002M","Indisponibilidade","Problemas mecânicos","08:00","18:00","10:00","1","TOTAL","LINHA MORTA","Chapadinha","> 6h"
"GEOM","3/7/2026","MA-CHA-O003M","Indisponibilidade","CHECKLIST","08:00","08:04","00:04","0,00833325","TOTAL","LINHA MORTA","Chapadinha","< 2h"
"GEOM","28/8/2026","MA-CHA-O001M","Indisponibilidade","Interjornada","07:24","11:09","03:45","0,46875","PARCIAL","LINHA MORTA","Chapadinha","2 a 4h"
"GSTC","18/3/2026","MA-CHA-D002M","Indisponibilidade","Outros","08:00","16:00","08:00","1","PARCIAL","SEED MONEY","Chapadinha","> 6h"
"GSTC","20/3/2026","MA-UBS-M001M","Indisponibilidade","Interjornada","08:00","11:46","03:46","0,47083325","PARCIAL","PLANTÃO","Chapadinha","2 a 4h"
"GSTC","16/3/2026","MA-CHA-C002M","Indisponibilidade","Problemas mecânicos","08:36","14:52","06:16","0,78333325","PARCIAL","CORTE E RELIGAÇÃO","Chapadinha","> 6h"
"GSTC","13/3/2026","MA-CHA-C004M","Indisponibilidade","Outros","13:10","19:10","06:00","0,75","PARCIAL","CORTE E RELIGAÇÃO","Chapadinha","> 6h"
"GSTC","14/3/2026","MA-CHA-D002M","Indisponibilidade","Outros","10:00","10:57","00:57","0,11875","PARCIAL","SEED MONEY","Chapadinha","< 2h"
"GSTC","24/3/2026","MA-CHA-D001M","Indisponibilidade","CHECKLIST","08:17","15:05","06:48","0,85","PARCIAL","SEED MONEY","Chapadinha","> 6h"
"GSTC","14/3/2026","MA-CHA-C004M","Indisponibilidade","Outros","08:17","10:51","02:34","0,32083325","PARCIAL","CORTE E RELIGAÇÃO","Chapadinha","2 a 4h"
"GSTC","16/3/2026","MA-UBS-M001M","Indisponibilidade","Interjornada","07:56","16:09","08:13","1","PARCIAL","PLANTÃO","Chapadinha","> 6h"
"GSTC","21/3/2026","MA-CHA-D001M","Indisponibilidade","Outros","08:00","18:00","10:00","1","TOTAL","SEED MONEY","Chapadinha","> 6h"
"GSTC","14/3/2026","MA-SQA-M001M","Indisponibilidade","Outros","08:00","13:48","05:48","0,725","PARCIAL","LIGAÇÃO NOVA","Chapadinha","4 a 6h"
"GSTC","17/3/2026","MA-ANA-M001M","Indisponibilidade","Interjornada","08:22","08:58","00:36","0,075","PARCIAL","LIGAÇÃO NOVA","Chapadinha","< 2h"
"GSTC","17/3/2026","MA-ANA-M001M","Indisponibilidade","Problemas mecânicos","08:59","10:43","01:44","0,216666625","PARCIAL","LIGAÇÃO NOVA","Chapadinha","< 2h"
"GSTC","17/3/2026","MA-ANA-M001M","Indisponibilidade","Problemas mecânicos","10:43","13:05","02:22","0,29583325","PARCIAL","LIGAÇÃO NOVA","Chapadinha","2 a 4h"
"GSTC","21/3/2026","MA-CHA-M002M","Indisponibilidade","Problemas mecânicos","08:00","10:51","02:51","0,35625","PARCIAL","PLANTÃO","Chapadinha","2 a 4h"
"GSTC","23/3/2026","MA-CHA-D002M","Indisponibilidade","Problemas mecânicos","08:02","20:02","12:00","1","TOTAL","SEED MONEY","Chapadinha","> 6h"
"GSTC","22/4/2026","MA-CHA-D001M","Indisponibilidade","Outros","08:00","18:00","10:00","1","TOTAL","SEED MONEY","Chapadinha","> 6h"
"GSTC","23/4/2026","MA-SQA-M001M","Indisponibilidade","Problemas mecânicos","08:39","18:07","09:28","1","PARCIAL","LIGAÇÃO NOVA","Chapadinha","> 6h"
"GSTC","13/3/2026","MA-ANA-M001M","Indisponibilidade","Problemas mecânicos","13:36","17:26","03:50","0,479166625","PARCIAL","LIGAÇÃO NOVA","Chapadinha","2 a 4h"
"GSTC","13/3/2026","MA-ANA-M001M","Indisponibilidade","Interjornada","07:37","13:36","05:59","0,747916625","PARCIAL","LIGAÇÃO NOVA","Chapadinha","4 a 6h"
"GSTC","22/1/2026","MA-BRG-E001M","Indisponibilidade","Interjornada","08:00","12:29","04:29","0,560416625","PARCIAL","PLANTÃO","São Joao dos Patos","4 a 6h"
"GSTC","29/7/2026","MA-PRB-M001M","Indisponibilidade","Eletricista em treinamento","08:00","11:03","03:03","0,38125","PARCIAL","LIGAÇÃO NOVA","São Joao dos Patos","2 a 4h"
"GSTC","7/1/2026","MA-SJP-E001M","Indisponibilidade","Problemas mecânicos","08:00","14:42","06:42","0,8375","PARCIAL","PLANTÃO","São Joao dos Patos","> 6h"
"GSTC","27/8/2026","MA-SDA-E001M","Indisponibilidade","Problemas mecânicos","08:00","14:50","06:50","0,854166625","PARCIAL","PLANTÃO","São Joao dos Patos","> 6h"
"GSTC","31/8/2026","MA-SJP-C001M","Indisponibilidade","Eletricista em treinamento","15:01","16:26","01:25","0,17708325","PARCIAL","CORTE E RELIGAÇÃO","São Joao dos Patos","< 2h"
"GSTC","1/9/2026","MA-PTB-E001M","Indisponibilidade","Eletricista em treinamento","09:51","14:06","04:15","0,53125","PARCIAL","PLANTÃO","São Joao dos Patos","4 a 6h"
"GSTC","1/9/2026","MA-PTB-E001M","Indisponibilidade","Eletricista em treinamento","08:16","08:20","00:04","0,00833325","PARCIAL","PLANTÃO","São Joao dos Patos","< 2h"
"GSTC","30/9/2026","MA-SDA-E001M","Indisponibilidade","Interjornada","08:00","11:57","03:57","0,49375","PARCIAL","PLANTÃO","São Joao dos Patos","2 a 4h"
"GSTC","1/10/2026","MA-PTB-E001M","Indisponibilidade","Interjornada","08:00","10:17","02:17","0,285416625","PARCIAL","PLANTÃO","São Joao dos Patos","2 a 4h"
"GSTC","6/10/2026","MA-SJP-C001M","Indisponibilidade","Eletricista de atestado","14:00","16:46","02:46","0,34583325","PARCIAL","CORTE E RELIGAÇÃO","São Joao dos Patos","2 a 4h"
"GSTC","10/1/2026","MA-PTB-E001M","Indisponibilidade","Atrasado","08:45","10:15","01:30","0,1875","PARCIAL","PLANTÃO","São Joao dos Patos","< 2h"
"GSTC","16/1/2026","MA-SDA-E001M","Indisponibilidade","Atrasado","07:28","09:57","02:29","0,310416625","PARCIAL","PLANTÃO","São Joao dos Patos","2 a 4h"
"GSTC","29/7/2026","MA-PTB-E001M","Indisponibilidade","Eletricista em treinamento","08:00","10:27","02:27","0,30625","PARCIAL","PLANTÃO","São Joao dos Patos","2 a 4h"
"GSTC","30/6/2026","MA-SJP-E001M","Indisponibilidade","Problemas mecânicos","08:00","15:00","07:00","0,875","TOTAL","PLANTÃO","São Joao dos Patos","> 6h"
"GSTC","20/3/2026","MA-SJP-E001M","Indisponibilidade","CHECKLIST","07:13","08:03","00:50","0,104166625","PARCIAL","PLANTÃO","São Joao dos Patos","< 2h"
"GSTC","10/8/2026","MA-SJP-E001M","Indisponibilidade","Problemas mecânicos","08:00","17:00","09:00","1","TOTAL","PLANTÃO","São Joao dos Patos","> 6h"
"GSTC","24/1/2026","MA-PTB-E001M","Indisponibilidade","Interjornada","09:28","11:03","01:35","0,197916625","PARCIAL","PLANTÃO","São Joao dos Patos","< 2h"
"GSTC","5/2/2026","MA-TMO-F005M","Indisponibilidade","Problemas mecânicos","15:03","18:12","03:09","0,39375","PARCIAL","INSPEÇÃO","Timon","2 a 4h"
"GSTC","5/1/2026","MA-TMO-F009M","Indisponibilidade","Problemas mecânicos","08:00","18:00","10:00","1","TOTAL","INSPEÇÃO","Timon","> 6h"
"GSTC","5/1/2026","MA-TMO-F006M","Indisponibilidade","Problemas mecânicos","08:00","13:24","05:24","0,675","PARCIAL","INSPEÇÃO","Timon","4 a 6h"
"GSTC","14/8/2026","MA-COD-E002M","Indisponibilidade","Problemas mecânicos","09:04","09:11","00:07","0,01458325","PARCIAL","PLANTÃO","Caxias","< 2h"
"GSTC","9/5/2026","MA-TMB-E001M","Indisponibilidade","Problemas mecânicos","08:46","11:39","02:53","0,360416625","PARCIAL","PLANTÃO","Caxias","2 a 4h"
"GSTC","6/8/2026","MA-COD-M001M","Indisponibilidade","Interjornada","08:00","12:24","04:24","0,55","PARCIAL","LIGAÇÃO NOVA","Caxias","4 a 6h"
"GSTC","28/5/2026","MA-COD-E002M","Indisponibilidade","Atrasado","08:49","08:49","00:00","0","PARCIAL","PLANTÃO","Caxias","< 2h"
"GSTC","28/5/2026","MA-COD-E002M","Indisponibilidade","Problemas mecânicos","13:31","18:47","05:16","0,65833325","PARCIAL","PLANTÃO","Caxias","4 a 6h"
"GSTC","30/1/2026","MA-TMB-E001M","Indisponibilidade","Interjornada","13:50","13:50","00:00","0","PARCIAL","PLANTÃO","Caxias","< 2h"
"GSTC","7/2/2026","MA-COD-C001M","Indisponibilidade","Interjornada","09:10","09:25","00:15","0,03125","PARCIAL","CORTE E RELIGAÇÃO","Caxias","< 2h"
"GSTC","16/2/2026","MA-COD-C001M","Indisponibilidade","Outros","08:00","14:42","06:42","0,8375","PARCIAL","CORTE E RELIGAÇÃO","Caxias","> 6h"
"GSTC","7/5/2026","MA-COD-E002M","Indisponibilidade","Problemas mecânicos","08:00","09:20","01:20","0,166666625","PARCIAL","PLANTÃO","Caxias","< 2h"
"GSTC","11/9/2026","MA-COD-M001M","Indisponibilidade","Eletricista de atestado","15:35","18:46","03:11","0,397916625","PARCIAL","LIGAÇÃO NOVA","Caxias","2 a 4h"
"GSTC","16/6/2026","MA-COD-C001M","Indisponibilidade","CHECKLIST","07:22","07:53","00:31","0,06458325","PARCIAL","CORTE E RELIGAÇÃO","Caxias","< 2h"
"GSTC","6/8/2026","MA-COD-C001M","Indisponibilidade","Outros","14:33","15:17","00:44","0,091666625","PARCIAL","CORTE E RELIGAÇÃO","Caxias","< 2h"
"GSTC","20/8/2026","MA-COD-E002M","Indisponibilidade","Problemas mecânicos","08:02","13:12","05:10","0,64583325","PARCIAL","PLANTÃO","Caxias","4 a 6h"
"GSTC","13/9/2026","MA-COD-E001M","Indisponibilidade","CHECKLIST","07:00","07:23","00:23","0,047916625","PARCIAL","PLANTÃO","Caxias","< 2h"
"GSTC","14/9/2026","MA-TMB-E001M","Indisponibilidade","Problemas mecânicos","08:49","16:47","07:58","0,99583325","PARCIAL","PLANTÃO","Caxias","> 6h"
"GSTC","18/9/2026","MA-COD-C001M","Indisponibilidade","Eletricista em treinamento","08:00","15:30","07:30","0,9375","PARCIAL","CORTE E RELIGAÇÃO","Caxias","> 6h"
"GSTC","20/5/2026","MA-CAX-H001M","Indisponibilidade","Eletricista em treinamento","08:05","08:42","00:37","0,07708325","TOTAL","CORTE E RELIGAÇÃO","Caxias","< 2h"
"GSTC","20/5/2026","MA-CAX-H001M","Indisponibilidade","Eletricista em treinamento","09:02","22:11","13:09","1","TOTAL","CORTE E RELIGAÇÃO","Caxias","> 6h"
"GSTC","24/7/2026","MA-CAX-E002M","Indisponibilidade","Problemas mecânicos","08:44","09:28","00:44","0,091666625","PARCIAL","PLANTÃO","Caxias","< 2h"
"GSTC","2/1/2026","MA-CAX-D001M","Indisponibilidade","Outros","08:08","19:08","11:00","1","TOTAL","SEED MONEY","Caxias","> 6h"
"GSTC","4/1/2026","MA-CAX-M003M","Indisponibilidade","Eletricista de atestado","08:56","10:56","02:00","0,25","TOTAL","PLANTÃO","Caxias","2 a 4h"
"GSTC","29/1/2026","MA-CAX-M001M","Indisponibilidade","Outros","17:12","18:15","01:03","0,13125","PARCIAL","LIGAÇÃO NOVA","Caxias","< 2h"
"GSTC","7/3/2026","MA-CAX-D001M","Indisponibilidade","Outros","08:00","18:00","10:00","1","TOTAL","SEED MONEY","Caxias","> 6h"
"GSTC","24/3/2026","MA-CAX-C001M","Indisponibilidade","Outros","08:34","09:49","01:15","0,15625","PARCIAL","CORTE E RELIGAÇÃO","Caxias","< 2h"
"GSTC","7/4/2026","MA-CAX-C001M","Indisponibilidade","Interjornada","07:25","10:13","02:48","0,35","PARCIAL","CORTE E RELIGAÇÃO","Caxias","2 a 4h"
"GSTC","26/8/2026","MA-CAX-M001M","Indisponibilidade","Eletricista em treinamento","08:55","09:07","00:12","0,025","PARCIAL","LIGAÇÃO NOVA","Caxias","< 2h"
"GSTC","9/6/2026","MA-CAX-H001M","Indisponibilidade","Eletricista de atestado","08:46","18:16","09:30","1","TOTAL","CORTE E RELIGAÇÃO","Caxias","> 6h"
"GSTC","10/6/2026","MA-CAX-M003M","Indisponibilidade","CHECKLIST","08:14","08:19","00:05","0,010416625","PARCIAL","PLANTÃO","Caxias","< 2h"
"GSTC","14/1/2026","MA-CAX-E001T","Indisponibilidade","CHECKLIST","00:48","00:59","00:11","0,022916625","PARCIAL","PLANTÃO","Caxias","< 2h"
"GSTC","13/3/2026","MA-CAX-C001M","Indisponibilidade","Interjornada","08:18","14:12","05:54","0,7375","PARCIAL","CORTE E RELIGAÇÃO","Caxias","4 a 6h"
"GSTC","17/3/2026","MA-CAX-E001M","Indisponibilidade","Problemas mecânicos","07:00","13:10","06:10","0,77083325","PARCIAL","PLANTÃO","Caxias","> 6h"
"GSTC","23/3/2026","MA-CAX-E001T","Indisponibilidade","CHECKLIST","15:52","16:24","00:32","0,066666625","PARCIAL","PLANTÃO","Caxias","< 2h"
"GSTC","13/8/2026","MA-CAX-M002M","Indisponibilidade","Outros","08:03","08:07","00:04","0,00833325","PARCIAL","PLANTÃO","Caxias","< 2h"
"GSTC","19/2/2026","MA-SJS-E001M","Indisponibilidade","Interjornada","07:50","10:16","02:26","0,304166625","PARCIAL","LIGAÇÃO NOVA","Caxias","2 a 4h"
"GSTC","4/3/2026","MA-CAX-D001M","Indisponibilidade","Outros","08:00","14:08","06:08","0,766666625","PARCIAL","SEED MONEY","Caxias","> 6h"
"GSTC","7/3/2026","MA-SDA-E001M","Indisponibilidade","Outros","09:08","09:30","00:22","0,04583325","PARCIAL","PLANTÃO","São Joao dos Patos","< 2h"
"GSTC","2/3/2026","MA-SJP-E001M","Indisponibilidade","Problemas mecânicos","09:06","10:55","01:49","0,22708325","PARCIAL","PLANTÃO","São Joao dos Patos","< 2h"
"GSTC","24/9/2026","MA-PTB-E001M","Indisponibilidade","Interjornada","08:00","09:04","01:04","0,13333325","PARCIAL","PLANTÃO","São Joao dos Patos","< 2h"
"GEOM","13/8/2026","MA-CAX-V002M","Indisponibilidade","Interjornada","08:17","17:34","09:17","1","TOTAL","LINHA MORTA","Caxias","> 6h"
"GEOM","18/9/2026","MA-CAX-O002M","Indisponibilidade","Problemas mecânicos","11:44","18:16","06:32","0,816666625","TOTAL","LINHA MORTA","Caxias","> 6h"
"GEOM","9/3/2026","MA-CAX-O002M","Indisponibilidade","CHECKLIST","09:02","09:10","00:08","0,016666625","PARCIAL","LINHA MORTA","Caxias","< 2h"
"GEOM","9/3/2026","MA-CAX-V002M","Indisponibilidade","Problemas mecânicos","15:04","17:45","02:41","0,335416625","TOTAL","LINHA MORTA","Caxias","2 a 4h"
"GEOM","21/9/2026","MA-CAX-V002M","Indisponibilidade","Problemas mecânicos","08:15","07:33","23:18","1","TOTAL","LINHA MORTA","Caxias","> 6h"
"GEOM","31/3/2026","MA-CAX-O002M","Indisponibilidade","Problemas mecânicos","08:00","18:00","10:00","1","PARCIAL","LINHA MORTA","Caxias","> 6h"
"GEOM","15/7/2026","MA-CAX-O002M","Indisponibilidade","Problemas mecânicos","15:12","15:13","00:01","0,00208325","TOTAL","LINHA MORTA","Caxias","< 2h"
"GEOM","23/7/2026","MA-CAX-V002M","Indisponibilidade","Problemas mecânicos","08:34","18:34","10:00","1","TOTAL","LINHA MORTA","Caxias","> 6h"
"GEOM","21/9/2026","MA-CAX-O002M","Indisponibilidade","Problemas mecânicos","08:12","07:32","23:20","1","TOTAL","LINHA MORTA","Caxias","> 6h"
"GEOM","19/3/2026","MA-CAX-O002M","Indisponibilidade","Problemas mecânicos","08:38","18:43","10:05","1","TOTAL","LINHA MORTA","Caxias","> 6h"
"GEOM","26/6/2026","MA-CAX-V002M","Indisponibilidade","Interjornada","08:22","11:22","03:00","0,375","PARCIAL","LINHA MORTA","Caxias","2 a 4h"
"GEOM","28/9/2026","MA-CAX-O002M","Indisponibilidade","Problemas mecânicos","10:08","19:08","09:00","1","TOTAL","LINHA MORTA","Caxias","> 6h"
"GEOM","23/4/2026","MA-CAX-V002M","Indisponibilidade","Interjornada","08:47","18:47","10:00","1","TOTAL","LINHA MORTA","Caxias","> 6h"
"GEOM","3/9/2026","MA-CAX-O002M","Indisponibilidade","Interjornada","08:08","18:08","10:00","1","TOTAL","LINHA MORTA","Caxias","> 6h"
"GEOM","22/7/2026","MA-CAX-V002M","Indisponibilidade","Problemas mecânicos","10:28","20:28","10:00","1","TOTAL","LINHA MORTA","Caxias","> 6h"
"GEOM","3/8/2026","MA-CAX-O002M","Indisponibilidade","Problemas mecânicos","11:24","21:24","10:00","1","TOTAL","LINHA MORTA","Caxias","> 6h"
"GEOM","5/5/2026","MA-SJP-O004M","Indisponibilidade","CHECKLIST","07:19","08:19","01:00","0,125","PARCIAL","LINHA MORTA","São Joao dos Patos","< 2h"
"GEOM","13/3/2026","MA-SJP-O004M","Indisponibilidade","Problemas mecânicos","10:00","20:00","10:00","1","TOTAL","LINHA MORTA","São Joao dos Patos","> 6h"
"GEOM","25/2/2026","MA-SJP-O002M","Indisponibilidade","","08:00","21:20","13:20","1","TOTAL","LINHA MORTA","São Joao dos Patos","> 6h"
"GEOM","6/4/2026","MA-SJP-O003M","Indisponibilidade","Outros","09:19","17:39","08:20","1","TOTAL","LINHA MORTA","São Joao dos Patos","> 6h"
"GEOM","28/9/2026","MA-SJP-O003M","Indisponibilidade","Problemas mecânicos","08:56","18:06","09:10","1","PARCIAL","LINHA MORTA","São Joao dos Patos","> 6h"
"GEOM","31/1/2026","MA-SJP-O002M","Indisponibilidade","","08:17","16:17","08:00","1","TOTAL","LINHA MORTA","São Joao dos Patos","> 6h"
"GEOM","10/3/2026","MA-SJP-O004M","Indisponibilidade","Eletricista em treinamento","12:00","17:36","05:36","0,7","TOTAL","LINHA MORTA","São Joao dos Patos","4 a 6h"
"GEOM","10/3/2026","MA-SJP-O004M","Indisponibilidade","CHECKLIST","08:00","12:00","04:00","0,5","TOTAL","LINHA MORTA","São Joao dos Patos","4 a 6h"
"GEOM","6/10/2026","MA-SJP-O003M","Indisponibilidade","Interjornada","07:47","15:55","08:08","1","TOTAL","LINHA MORTA","São Joao dos Patos","> 6h"
"GEOM","16/3/2026","MA-SJP-O004M","Indisponibilidade","Problemas mecânicos","10:00","17:46","07:46","0,97083325","TOTAL","LINHA MORTA","São Joao dos Patos","> 6h"
"GEOM","3/3/2026","MA-SJP-O004M","Indisponibilidade","","10:00","20:00","10:00","1","TOTAL","LINHA MORTA","São Joao dos Patos","> 6h"
"GEOM","5/3/2026","MA-SJP-O003M","Indisponibilidade","","08:00","23:47","15:47","1","TOTAL","LINHA MORTA","São Joao dos Patos","> 6h"
"GEOM","18/3/2026","MA-SJP-O002M","Indisponibilidade","Problemas mecânicos","08:43","17:20","08:37","1","PARCIAL","LINHA MORTA","São Joao dos Patos","> 6h"
"GEOM","4/9/2026","MA-SJP-O003M","Indisponibilidade","CHECKLIST","08:16","13:59","05:43","0,71458325","PARCIAL","LINHA MORTA","São Joao dos Patos","4 a 6h"
"GEOM","10/4/2026","MA-SJP-O004M","Indisponibilidade","Interjornada","08:19","14:34","06:15","0,78125","PARCIAL","LINHA MORTA","São Joao dos Patos","> 6h"
"GEOM","12/2/2026","MA-SJP-O002M","Indisponibilidade","","08:52","16:52","08:00","1","TOTAL","LINHA MORTA","São Joao dos Patos","> 6h"
"GEOM","11/3/2026","MA-SJP-O003M","Indisponibilidade","Problemas mecânicos","10:00","11:57","01:57","0,24375","PARCIAL","LINHA MORTA","São Joao dos Patos","< 2h"
"GEOM","4/8/2026","MA-SJP-O002M","Indisponibilidade","Problemas mecânicos","08:10","08:16","00:06","0,0125","TOTAL","LINHA MORTA","São Joao dos Patos","< 2h"
"GSTC","16/2/2026","MA-TMO-C001M","Indisponibilidade","Eletricista de atestado","08:00","18:00","10:00","1","TOTAL","CORTE E RELIGAÇÃO","Timon","> 6h"
"GSTC","9/2/2026","MA-TMO-C001M","Indisponibilidade","Eletricista de atestado","09:33","10:22","00:49","0,10208325","PARCIAL","CORTE E RELIGAÇÃO","Timon","< 2h"
"GSTC","26/2/2026","MA-TMO-C004M","Indisponibilidade","Eletricista de atestado","08:43","18:43","10:00","1","TOTAL","CORTE E RELIGAÇÃO","Timon","> 6h"
"GSTC","5/1/2026","MA-TMO-E002M","Indisponibilidade","Problemas mecânicos","09:32","09:49","00:17","0,035416625","PARCIAL","PLANTÃO","Timon","< 2h"
"GSTC","7/1/2026","MA-TMO-C004M","Indisponibilidade","Problemas mecânicos","08:51","14:46","05:55","0,73958325","PARCIAL","CORTE E RELIGAÇÃO","Timon","4 a 6h"
"GSTC","27/2/2026","MA-TMO-C004M","Indisponibilidade","Eletricista de atestado","09:26","19:26","10:00","1","TOTAL","CORTE E RELIGAÇÃO","Timon","> 6h"
"GSTC","9/9/2026","MA-CHA-D002M","Indisponibilidade","Eletricista em treinamento","08:00","18:00","10:00","1","TOTAL","SEED MONEY","Chapadinha","> 6h"
"GSTC","14/9/2026","MA-CHA-C004M","Indisponibilidade","CHECKLIST","08:09","08:14","00:05","0,010416625","PARCIAL","CORTE E RELIGAÇÃO","Chapadinha","< 2h"
"GSTC","18/9/2026","MA-CHA-D001M","Indisponibilidade","Problemas mecânicos","08:10","16:00","07:50","0,979166625","PARCIAL","SEED MONEY","Chapadinha","> 6h"
"GSTC","26/8/2026","MA-CHA-C003M","Indisponibilidade","Problemas mecânicos","09:57","14:16","04:19","0,53958325","PARCIAL","CORTE E RELIGAÇÃO","Chapadinha","4 a 6h"
"GSTC","10/9/2026","MA-CHA-E001M","Indisponibilidade","Problemas mecânicos","09:13","16:20","07:07","0,88958325","PARCIAL","PLANTÃO","Chapadinha","> 6h"
"GSTC","11/9/2026","MA-CHA-L001M","Indisponibilidade","Problemas mecânicos","21:00","21:00","00:00","0","PARCIAL","LIGAÇÃO NOVA","Chapadinha","< 2h"
"GSTC","14/6/2026","MA-ANA-M001M","Indisponibilidade","Eletricista de atestado","13:18","18:03","04:45","0,59375","PARCIAL","LIGAÇÃO NOVA","Chapadinha","4 a 6h"
"GSTC","15/6/2026","MA-UBS-M001M","Indisponibilidade","Problemas mecânicos","08:00","15:43","07:43","0,96458325","PARCIAL","PLANTÃO","Chapadinha","> 6h"
"GSTC","18/9/2026","MA-CHA-H001M","Indisponibilidade","Atrasado","08:41","14:41","06:00","0,75","TOTAL","CORTE E RELIGAÇÃO","Chapadinha","> 6h"
"GSTC","26/6/2026","MA-CHA-D002M","Indisponibilidade","Problemas mecânicos","14:19","00:19","10:00","1","PARCIAL","SEED MONEY","Chapadinha","> 6h"
"GSTC","22/6/2026","MA-CHA-M002M","Indisponibilidade","CHECKLIST","07:55","08:23","00:28","0,05833325","PARCIAL","PLANTÃO","Chapadinha","< 2h"
"GSTC","30/6/2026","MA-CHA-H001M","Indisponibilidade","Atrasado","08:37","08:38","00:01","0,00208325","TOTAL","CORTE E RELIGAÇÃO","Chapadinha","< 2h"
"GEOM","7/5/2026","MA-CHA-V002M","Indisponibilidade","Interjornada","07:30","11:36","04:06","0,5125","PARCIAL","LINHA MORTA","Chapadinha","4 a 6h"
"GEOM","17/7/2026","MA-CHA-O003M","Indisponibilidade","CHECKLIST","07:41","07:42","00:01","0,00208325","PARCIAL","LINHA MORTA","Chapadinha","< 2h"
"GEOM","17/7/2026","MA-CHA-O003M","Indisponibilidade","CHECKLIST","07:46","07:47","00:01","0,00208325","PARCIAL","LINHA MORTA","Chapadinha","< 2h"
"GEOM","11/8/2026","MA-CHA-O001M","Indisponibilidade","Problemas mecânicos","07:47","12:22","04:35","0,572916625","TOTAL","LINHA MORTA","Chapadinha","4 a 6h"
"GEOM","11/8/2026","MA-CHA-O001M","Indisponibilidade","Problemas mecânicos","13:20","17:35","04:15","0,53125","TOTAL","LINHA MORTA","Chapadinha","4 a 6h"
"GEOM","14/9/2026","MA-CHA-O001M","Indisponibilidade","Problemas mecânicos","07:41","18:00","10:19","1","TOTAL","LINHA MORTA","Chapadinha","> 6h"
"GEOM","6/1/2026","MA-CHA-V002M","Indisponibilidade","CHECKLIST","07:59","15:59","08:00","1","TOTAL","LINHA MORTA","Chapadinha","> 6h"
"GEOM","3/7/2026","MA-CHA-O002M","Indisponibilidade","CHECKLIST","08:05","18:00","09:55","1","TOTAL","LINHA MORTA","Chapadinha","> 6h"
"GEOM","3/7/2026","MA-CHA-O002M","Indisponibilidade","CHECKLIST","08:00","08:05","00:05","0,010416625","TOTAL","LINHA MORTA","Chapadinha","< 2h"
"GEOM","16/9/2026","MA-CHA-V002M","Indisponibilidade","CHECKLIST","07:30","07:30","00:00","0","PARCIAL","LINHA MORTA","Chapadinha","< 2h"
"GEOM","16/9/2026","MA-CHA-V002M","Indisponibilidade","CHECKLIST","08:56","08:57","00:01","0,00208325","PARCIAL","LINHA MORTA","Chapadinha","< 2h"
"GEOM","16/9/2026","MA-CHA-V002M","Indisponibilidade","CHECKLIST","09:21","09:25","00:04","0,00833325","PARCIAL","LINHA MORTA","Chapadinha","< 2h"
"GEOM","16/9/2026","MA-CHA-V002M","Indisponibilidade","CHECKLIST","09:54","10:07","00:13","0,02708325","PARCIAL","LINHA MORTA","Chapadinha","< 2h"
"GEOM","16/9/2026","MA-CHA-V002M","Indisponibilidade","CHECKLIST","13:08","13:42","00:34","0,07083325","PARCIAL","LINHA MORTA","Chapadinha","< 2h"
"GEOM","3/8/2026","MA-CHA-O003M","Indisponibilidade","Problemas mecânicos","09:09","13:52","04:43","0,58958325","PARCIAL","LINHA MORTA","Chapadinha","4 a 6h"
"GEOM","1/4/2026","MA-CHA-O001M","Indisponibilidade","Problemas mecânicos","08:00","12:01","04:01","0,50208325","TOTAL","LINHA MORTA","Chapadinha","4 a 6h"
"GEOM","1/4/2026","MA-CHA-O001M","Indisponibilidade","Problemas mecânicos","14:00","18:00","04:00","0,5","TOTAL","LINHA MORTA","Chapadinha","4 a 6h"
"GEOM","28/8/2026","MA-CHA-O003M","Indisponibilidade","Problemas mecânicos","07:30","08:32","01:02","0,129166625","TOTAL","LINHA MORTA","Chapadinha","< 2h"
"GEOM","28/8/2026","MA-CHA-O003M","Indisponibilidade","Problemas mecânicos","08:32","18:40","10:08","1","TOTAL","LINHA MORTA","Chapadinha","> 6h"
"GSTC","30/6/2026","MA-COE-E002M","Indisponibilidade","Problemas mecânicos","08:13","10:33","02:20","0,291666625","PARCIAL","PLANTÃO","Chapadinha","2 a 4h"
"GSTC","29/6/2026","MA-COE-E001M","Indisponibilidade","Problemas mecânicos","08:30","10:03","01:33","0,19375","PARCIAL","PLANTÃO","Chapadinha","< 2h"
"GSTC","30/7/2026","MA-COE-E003M","Indisponibilidade","Problemas mecânicos","09:24","11:46","02:22","0,29583325","PARCIAL","PLANTÃO","Chapadinha","2 a 4h"
"GSTC","1/7/2026","MA-COE-E003M","Indisponibilidade","Problemas mecânicos","08:00","16:07","08:07","1","PARCIAL","PLANTÃO","Chapadinha","> 6h"
"GSTC","15/1/2026","MA-COE-E003M","Indisponibilidade","Problemas mecânicos","08:00","16:51","08:51","1","PARCIAL","PLANTÃO","Chapadinha","> 6h"
"GSTC","6/1/2026","MA-COE-E003M","Indisponibilidade","Problemas mecânicos","08:21","10:11","01:50","0,229166625","PARCIAL","PLANTÃO","Chapadinha","< 2h"
"GSTC","13/3/2026","MA-BJO-E001T","Indisponibilidade","Problemas mecânicos","15:00","20:32","05:32","0,691666625","PARCIAL","PLANTÃO","Chapadinha","4 a 6h"
"GSTC","12/1/2026","MA-SQA-M001M","Indisponibilidade","Problemas mecânicos","08:00","18:00","10:00","1","TOTAL","LIGAÇÃO NOVA","Chapadinha","> 6h"
"GSTC","13/1/2026","MA-SQA-M001M","Indisponibilidade","Problemas mecânicos","08:00","10:13","02:13","0,27708325","PARCIAL","LIGAÇÃO NOVA","Chapadinha","2 a 4h"
"GSTC","31/7/2026","MA-SQA-M001M","Indisponibilidade","Problemas mecânicos","08:00","13:58","05:58","0,74583325","PARCIAL","LIGAÇÃO NOVA","Chapadinha","4 a 6h"
"GSTC","25/6/2026","MA-COE-E003M","Indisponibilidade","Problemas mecânicos","08:00","11:17","03:17","0,410416625","PARCIAL","PLANTÃO","Chapadinha","2 a 4h"
"GSTC","8/6/2026","MA-BJO-E001T","Indisponibilidade","Eletricista de atestado","17:10","18:43","01:33","0,19375","PARCIAL","PLANTÃO","Chapadinha","< 2h"
"GSTC","24/2/2026","MA-BJO-E001M","Indisponibilidade","Problemas mecânicos","07:39","15:06","07:27","0,93125","TOTAL","PLANTÃO","Chapadinha","> 6h"
"GSTC","3/4/2026","MA-BJO-E001T","Indisponibilidade","CHECKLIST","15:15","15:17","00:02","0,004166625","PARCIAL","PLANTÃO","Chapadinha","< 2h"
"GSTC","5/9/2026","MA-COE-E001T","Indisponibilidade","Problemas mecânicos","19:14","23:26","04:12","0,525","PARCIAL","PLANTÃO","Chapadinha","4 a 6h"
"GSTC","1/10/2026","MA-SQA-M001M","Indisponibilidade","Interjornada","08:18","11:11","02:53","0,360416625","PARCIAL","LIGAÇÃO NOVA","Chapadinha","2 a 4h"
"GSTC","9/1/2026","MA-COE-E001M","Indisponibilidade","Problemas mecânicos","09:36","16:21","06:45","0,84375","PARCIAL","PLANTÃO","Chapadinha","> 6h"
"GSTC","2/7/2026","MA-COE-E003M","Indisponibilidade","Problemas mecânicos","08:00","17:30","09:30","1","PARCIAL","PLANTÃO","Chapadinha","> 6h"
"GSTC","4/7/2026","MA-COE-E003M","Indisponibilidade","Problemas mecânicos","08:00","17:30","09:30","1","PARCIAL","PLANTÃO","Chapadinha","> 6h"
"GEOM","4/8/2026","MA-SJP-O002M","Indisponibilidade","Problemas mecânicos","14:53","17:32","02:39","0,33125","TOTAL","LINHA MORTA","São Joao dos Patos","2 a 4h"
"GEOM","19/2/2026","MA-SJP-O002M","Indisponibilidade","","15:34","16:46","01:12","0,15","PARCIAL","LINHA MORTA","São Joao dos Patos","< 2h"
"GEOM","19/2/2026","MA-SJP-O004M","Indisponibilidade","","08:00","18:00","10:00","1","TOTAL","LINHA MORTA","São Joao dos Patos","> 6h"
"GEOM","2/3/2026","MA-SJP-O003M","Indisponibilidade","","08:00","15:53","07:53","0,985416625","PARCIAL","LINHA MORTA","São Joao dos Patos","> 6h"
"GEOM","30/4/2026","MA-SJP-O003M","Indisponibilidade","Problemas mecânicos","08:20","17:17","08:57","1","TOTAL","LINHA MORTA","São Joao dos Patos","> 6h"
"GEOM","3/9/2026","MA-TMO-O003M","Indisponibilidade","Outros","08:00","18:00","10:00","1","TOTAL","LINHA MORTA","Timon","> 6h"
"GEOM","9/1/2026","MA-TMO-V003M","Indisponibilidade","","08:00","14:00","06:00","0,75","PARCIAL","LINHA MORTA","Timon","> 6h"
"GEOM","22/7/2026","MA-TMO-O001M","Indisponibilidade","Interjornada","08:09","13:48","05:39","0,70625","PARCIAL","LINHA MORTA","Timon","4 a 6h"
"GEOM","25/8/2026","MA-TMO-O001M","Indisponibilidade","Problemas mecânicos","08:00","17:37","09:37","1","TOTAL","LINHA MORTA","Timon","> 6h"
"GEOM","11/9/2026","MA-TMO-O001M","Indisponibilidade","Problemas mecânicos","08:00","18:00","10:00","1","TOTAL","LINHA MORTA","Timon","> 6h"
"GEOM","27/5/2026","MA-TMO-O001M","Indisponibilidade","CHECKLIST","07:20","12:01","04:41","0,585416625","PARCIAL","LINHA MORTA","Timon","4 a 6h"
"GEOM","12/1/2026","MA-TMO-V003M","Indisponibilidade","","08:00","07:28","01:30","0,1875","PARCIAL","LINHA MORTA","Timon","< 2h"
"GEOM","13/7/2026","MA-TMO-O003M","Indisponibilidade","Problemas mecânicos","08:23","15:23","07:00","0,875","TOTAL","LINHA MORTA","Timon","> 6h"
"GEOM","1/9/2026","MA-TMO-V003M","Indisponibilidade","Problemas mecânicos","08:00","18:00","10:00","1","TOTAL","LINHA MORTA","Timon","> 6h"
"GEOM","4/9/2026","MA-TMO-O003M","Indisponibilidade","Blitz de segurança","08:00","18:00","10:00","1","TOTAL","LINHA MORTA","Timon","> 6h"
"GEOM","13/7/2026","MA-TMO-V003M","Indisponibilidade","Diálogo de segurança","18:36","18:36","00:00","0","PARCIAL","LINHA MORTA","Timon","< 2h"
"GEOM","16/7/2026","MA-TMO-O003M","Indisponibilidade","Problemas mecânicos","08:22","18:22","10:00","1","TOTAL","LINHA MORTA","Timon","> 6h"
"GEOM","9/9/2026","MA-TMO-O001M","Indisponibilidade","Outros","08:00","11:03","03:03","0,38125","PARCIAL","LINHA MORTA","Timon","2 a 4h"
"GEOM","9/9/2026","MA-TMO-O003M","Indisponibilidade","Problemas mecânicos","08:00","11:00","03:00","0,375","PARCIAL","LINHA MORTA","Timon","2 a 4h"
"GSTC","14/3/2026","MA-ANA-M001M","Indisponibilidade","Interjornada","08:00","14:12","06:12","0,775","PARCIAL","LIGAÇÃO NOVA","Chapadinha","> 6h"
"GSTC","19/5/2026","MA-CHA-H001M","Indisponibilidade","Problemas mecânicos","08:00","15:58","07:58","0,99583325","PARCIAL","CORTE E RELIGAÇÃO","Chapadinha","> 6h"
"GSTC","14/4/2026","MA-CHA-D001M","Indisponibilidade","Problemas mecânicos","08:01","20:01","12:00","1","TOTAL","SEED MONEY","Chapadinha","> 6h"
"GSTC","25/4/2026","MA-ANA-M001M","Indisponibilidade","Atrasado","08:00","09:15","01:15","0,15625","PARCIAL","LIGAÇÃO NOVA","Chapadinha","< 2h"
"GSTC","29/4/2026","MA-CHA-D001M","Indisponibilidade","Problemas mecânicos","08:25","20:25","12:00","1","TOTAL","SEED MONEY","Chapadinha","> 6h"
"GSTC","21/3/2026","MA-UBS-M001M","Indisponibilidade","Interjornada","08:00","13:44","05:44","0,716666625","PARCIAL","PLANTÃO","Chapadinha","4 a 6h"
"GSTC","24/3/2026","MA-CHA-D002M","Indisponibilidade","Problemas mecânicos","08:00","18:00","10:00","1","PARCIAL","SEED MONEY","Chapadinha","> 6h"
"GSTC","3/3/2026","MA-CHA-C004M","Indisponibilidade","Problemas mecânicos","13:42","20:42","07:00","0,875","PARCIAL","CORTE E RELIGAÇÃO","Chapadinha","> 6h"
"GSTC","3/3/2026","MA-CHA-C004M","Indisponibilidade","Problemas mecânicos","08:46","11:10","02:24","0,3","PARCIAL","CORTE E RELIGAÇÃO","Chapadinha","2 a 4h"
"GSTC","27/5/2026","MA-CHA-E002M","Indisponibilidade","Problemas mecânicos","08:00","08:41","00:41","0,085416625","PARCIAL","PLANTÃO","Chapadinha","< 2h"
"GSTC","30/4/2026","MA-UBS-M001M","Indisponibilidade","Problemas mecânicos","10:14","15:07","04:53","0,610416625","PARCIAL","PLANTÃO","Chapadinha","4 a 6h"
"GSTC","14/5/2026","MA-ANA-M001M","Indisponibilidade","Interjornada","08:00","10:14","02:14","0,279166625","PARCIAL","LIGAÇÃO NOVA","Chapadinha","2 a 4h"
"GSTC","15/5/2026","MA-CHA-C003M","Indisponibilidade","Problemas mecânicos","08:00","14:54","06:54","0,8625","PARCIAL","CORTE E RELIGAÇÃO","Chapadinha","> 6h"
"GSTC","25/3/2026","MA-UBS-M001M","Indisponibilidade","Interjornada","12:56","14:41","01:45","0,21875","PARCIAL","PLANTÃO","Chapadinha","< 2h"
"GSTC","26/3/2026","MA-CHA-E001M","Indisponibilidade","Problemas mecânicos","08:08","14:58","06:50","0,854166625","TOTAL","PLANTÃO","Chapadinha","> 6h"
"GSTC","30/3/2026","MA-CHA-C004M","Indisponibilidade","Problemas mecânicos","10:24","14:36","04:12","0,525","PARCIAL","CORTE E RELIGAÇÃO","Chapadinha","4 a 6h"
"GSTC","3/4/2026","MA-UBS-M001M","Indisponibilidade","Interjornada","08:00","10:01","02:01","0,25208325","PARCIAL","PLANTÃO","Chapadinha","2 a 4h"
"GSTC","8/4/2026","MA-CHA-C004M","Indisponibilidade","Interjornada","08:36","10:38","02:02","0,254166625","PARCIAL","CORTE E RELIGAÇÃO","Chapadinha","2 a 4h"
"GSTC","30/6/2026","MA-CHA-H001M","Indisponibilidade","Eletricista de atestado","08:39","18:39","10:00","1","TOTAL","CORTE E RELIGAÇÃO","Chapadinha","> 6h"
"GSTC","2/9/2026","MA-CHA-H001M","Indisponibilidade","Eletricista em treinamento","08:00","10:54","02:54","0,3625","PARCIAL","CORTE E RELIGAÇÃO","Chapadinha","2 a 4h"
"GSTC","27/8/2026","MA-CHA-E002M","Indisponibilidade","Reposição de material","08:45","08:45","00:00","0","PARCIAL","PLANTÃO","Chapadinha","< 2h"
"GSTC","15/7/2026","MA-CHA-E002M","Indisponibilidade","Eletricista de atestado","14:01","17:47","03:46","0,47083325","PARCIAL","PLANTÃO","Chapadinha","2 a 4h"
"GSTC","11/9/2026","MA-CHA-L001M","Indisponibilidade","Problemas mecânicos","06:00","12:00","06:00","0,75","PARCIAL","LIGAÇÃO NOVA","Chapadinha","> 6h"
"GSTC","11/9/2026","MA-CHA-L001M","Indisponibilidade","Interjornada","08:00","09:05","01:05","0,135416625","PARCIAL","LIGAÇÃO NOVA","Chapadinha","< 2h"
"GSTC","23/9/2026","MA-ANA-M001M","Indisponibilidade","Problemas mecânicos","08:00","10:34","02:34","0,32083325","PARCIAL","LIGAÇÃO NOVA","Chapadinha","2 a 4h"
"GSTC","16/7/2026","MA-CHA-M002M","Indisponibilidade","CHECKLIST","09:02","09:18","00:16","0,03333325","PARCIAL","PLANTÃO","Chapadinha","< 2h"
"GSTC","31/8/2026","MA-CHA-C003M","Indisponibilidade","Eletricista em treinamento","09:27","09:27","00:00","0","PARCIAL","CORTE E RELIGAÇÃO","Chapadinha","< 2h"
"GSTC","15/7/2026","MA-CHA-M002M","Indisponibilidade","Problemas mecânicos","08:00","18:00","10:00","1","TOTAL","PLANTÃO","Chapadinha","> 6h"
"GSTC","21/7/2026","MA-CHA-E001M","Indisponibilidade","Problemas mecânicos","08:27","11:32","03:05","0,385416625","PARCIAL","PLANTÃO","Chapadinha","2 a 4h"
"GSTC","31/8/2026","MA-CHA-C004M","Indisponibilidade","Eletricista em treinamento","08:13","09:01","00:48","0,1","PARCIAL","CORTE E RELIGAÇÃO","Chapadinha","< 2h"
"GSTC","1/9/2026","MA-CHA-C004M","Indisponibilidade","Atrasado","08:59","10:00","01:01","0,12708325","PARCIAL","CORTE E RELIGAÇÃO","Chapadinha","< 2h"
"GSTC","2/9/2026","MA-CHA-C001M","Indisponibilidade","CHECKLIST","07:58","09:30","01:32","0,191666625","PARCIAL","CORTE E RELIGAÇÃO","Chapadinha","< 2h"
"GSTC","4/9/2026","MA-CHA-D001M","Indisponibilidade","Problemas com EPI/EPC","14:54","14:54","00:00","0","PARCIAL","SEED MONEY","Chapadinha","< 2h"
"GSTC","29/9/2026","MA-ANA-M001M","Indisponibilidade","Atrasado","08:33","09:24","00:51","0,10625","PARCIAL","LIGAÇÃO NOVA","Chapadinha","< 2h"
"GSTC","30/9/2026","MA-ANA-M001M","Indisponibilidade","CHECKLIST","08:04","08:07","00:03","0,00625","PARCIAL","LIGAÇÃO NOVA","Chapadinha","< 2h"
"GSTC","13/7/2026","MA-CHA-C004M","Indisponibilidade","Problemas mecânicos","08:56","09:15","00:19","0,03958325","PARCIAL","CORTE E RELIGAÇÃO","Chapadinha","< 2h"
"GEOM","10/9/2026","MA-CHA-V002M","Indisponibilidade","Problemas mecânicos","12:48","17:02","04:14","0,529166625","PARCIAL","LINHA MORTA","Chapadinha","4 a 6h"
"GEOM","11/9/2026","MA-CHA-V002M","Indisponibilidade","CHECKLIST","07:07","07:42","00:35","0,072916625","PARCIAL","LINHA MORTA","Chapadinha","< 2h"
"GEOM","11/9/2026","MA-CHA-V002M","Indisponibilidade","CHECKLIST","07:52","07:54","00:02","0,004166625","PARCIAL","LINHA MORTA","Chapadinha","< 2h"
"GEOM","11/9/2026","MA-CHA-V002M","Indisponibilidade","CHECKLIST","08:01","08:03","00:02","0,004166625","PARCIAL","LINHA MORTA","Chapadinha","< 2h"
"GEOM","11/9/2026","MA-CHA-V002M","Indisponibilidade","CHECKLIST","08:14","08:14","00:00","0","PARCIAL","LINHA MORTA","Chapadinha","< 2h"
"GEOM","11/9/2026","MA-CHA-V002M","Indisponibilidade","CHECKLIST","12:11","12:13","00:02","0,004166625","PARCIAL","LINHA MORTA","Chapadinha","< 2h"
"GEOM","13/1/2026","MA-CHA-O001M","Indisponibilidade","","08:00","10:24","02:24","0,3","TOTAL","LINHA MORTA","Chapadinha","2 a 4h"
"GEOM","18/5/2026","MA-CHA-O002M","Indisponibilidade","Problemas mecânicos","07:45","18:00","10:15","1","TOTAL","LINHA MORTA","Chapadinha","> 6h"
"GEOM","17/1/2026","MA-CHA-V002M","Indisponibilidade","CHECKLIST","08:57","11:18","02:21","0,29375","TOTAL","LINHA MORTA","Chapadinha","2 a 4h"
"GEOM","31/3/2026","MA-CHA-O003M","Indisponibilidade","Interjornada","08:00","12:14","04:14","0,529166625","PARCIAL","LINHA MORTA","Chapadinha","4 a 6h"
"GEOM","1/4/2026","MA-CHA-O003M","Indisponibilidade","Problemas mecânicos","08:00","12:00","04:00","0,5","TOTAL","LINHA MORTA","Chapadinha","4 a 6h"
"GEOM","10/2/2026","MA-CHA-O003M","Indisponibilidade","","12:20","16:20","04:00","0,5","PARCIAL","LINHA MORTA","Chapadinha","4 a 6h"
"GEOM","31/7/2026","MA-CHA-O003M","Indisponibilidade","CHECKLIST","07:59","08:00","00:01","0,00208325","PARCIAL","LINHA MORTA","Chapadinha","< 2h"
"GEOM","31/7/2026","MA-CHA-O003M","Indisponibilidade","CHECKLIST","11:37","11:52","00:15","0,03125","PARCIAL","LINHA MORTA","Chapadinha","< 2h"
"GEOM","31/7/2026","MA-CHA-O003M","Indisponibilidade","CHECKLIST","13:31","14:04","00:33","0,06875","PARCIAL","LINHA MORTA","Chapadinha","< 2h"
"GEOM","5/8/2026","MA-CHA-O002M","Indisponibilidade","Problemas mecânicos","07:48","19:09","11:21","1","TOTAL","LINHA MORTA","Chapadinha","> 6h"
"GEOM","27/1/2026","MA-CHA-O001M","Indisponibilidade","","10:53","14:56","04:03","0,50625","TOTAL","LINHA MORTA","Chapadinha","4 a 6h"
"GEOM","15/4/2026","MA-CHA-O003M","Indisponibilidade","Problemas mecânicos","14:21","16:51","02:30","0,3125","PARCIAL","LINHA MORTA","Chapadinha","2 a 4h"
"GEOM","27/4/2026","MA-CHA-O002M","Indisponibilidade","CHECKLIST","07:40","11:48","04:08","0,516666625","PARCIAL","LINHA MORTA","Chapadinha","4 a 6h"
"GSTC","6/3/2026","MA-CAX-E001M","Indisponibilidade","Problemas mecânicos","08:12","11:56","03:44","0,466666625","PARCIAL","PLANTÃO","Caxias","2 a 4h"
"GSTC","27/5/2026","MA-CAX-E001M","Indisponibilidade","CHECKLIST","07:00","07:02","00:02","0,004166625","PARCIAL","PLANTÃO","Caxias","< 2h"
"GSTC","13/2/2026","MA-CAX-L001M","Indisponibilidade","Interjornada","08:00","10:01","02:01","0,25208325","PARCIAL","LIGAÇÃO NOVA","Caxias","2 a 4h"
"GSTC","19/8/2026","MA-CAX-D002M","Indisponibilidade","Outros","08:33","08:53","00:20","0,041666625","PARCIAL","SEED MONEY","Caxias","< 2h"
"GSTC","30/4/2026","MA-CAX-C001M","Indisponibilidade","CHECKLIST","08:29","08:31","00:02","0,004166625","PARCIAL","CORTE E RELIGAÇÃO","Caxias","< 2h"
"GSTC","30/4/2026","MA-CAX-C001M","Indisponibilidade","CHECKLIST","08:39","08:57","00:18","0,0375","PARCIAL","CORTE E RELIGAÇÃO","Caxias","< 2h"
"GSTC","30/6/2026","MA-ADA-E001M","Indisponibilidade","Eletricista de atestado","13:15","06:12","16:57","1","PARCIAL","PLANTÃO","Caxias","> 6h"
"GSTC","30/1/2026","MA-CAX-M003M","Indisponibilidade","Interjornada","08:00","10:19","02:19","0,28958325","PARCIAL","PLANTÃO","Caxias","2 a 4h"
"GSTC","11/2/2026","MA-CAX-D001M","Indisponibilidade","Problemas mecânicos","08:00","18:00","10:00","1","TOTAL","SEED MONEY","Caxias","> 6h"
"GSTC","18/2/2026","MA-CAX-D001M","Indisponibilidade","Outros","14:29","20:29","06:00","0,75","TOTAL","SEED MONEY","Caxias","> 6h"
"GSTC","5/3/2026","MA-SJS-E001M","Indisponibilidade","Interjornada","08:01","11:33","03:32","0,441666625","PARCIAL","LIGAÇÃO NOVA","Caxias","2 a 4h"
"GSTC","5/1/2026","MA-CAX-L001M","Indisponibilidade","Outros","15:14","18:39","03:25","0,42708325","PARCIAL","LIGAÇÃO NOVA","Caxias","2 a 4h"
"GSTC","30/1/2026","MA-CAX-L001M","Indisponibilidade","Interjornada","08:00","11:10","03:10","0,39583325","PARCIAL","LIGAÇÃO NOVA","Caxias","2 a 4h"
"GSTC","17/8/2026","MA-CAX-E002M","Indisponibilidade","Problemas mecânicos","10:35","10:52","00:17","0,035416625","PARCIAL","PLANTÃO","Caxias","< 2h"
"GSTC","15/5/2026","MA-CAX-D001M","Indisponibilidade","CHECKLIST","08:21","08:29","00:08","0,016666625","PARCIAL","SEED MONEY","Caxias","< 2h"
"GSTC","30/4/2026","MA-CAX-C001M","Indisponibilidade","CHECKLIST","09:01","09:11","00:10","0,02083325","PARCIAL","CORTE E RELIGAÇÃO","Caxias","< 2h"
"GSTC","11/5/2026","MA-CAX-D001M","Indisponibilidade","Eletricista de atestado","08:00","09:24","01:24","0,175","PARCIAL","SEED MONEY","Caxias","< 2h"
"GSTC","12/5/2026","MA-SJS-E001M","Indisponibilidade","Outros","08:07","20:07","12:00","1","TOTAL","LIGAÇÃO NOVA","Caxias","> 6h"
"GSTC","14/5/2026","MA-CAX-C001M","Indisponibilidade","CHECKLIST","08:12","09:15","01:03","0,13125","PARCIAL","CORTE E RELIGAÇÃO","Caxias","< 2h"
"GSTC","17/1/2026","MA-SQA-M001M","Indisponibilidade","Atrasado","08:03","06:37","22:34","1","TOTAL","LIGAÇÃO NOVA","Chapadinha","> 6h"
"GSTC","8/4/2026","MA-CHA-C004M","Indisponibilidade","Interjornada","15:24","15:28","00:04","0,00833325","PARCIAL","CORTE E RELIGAÇÃO","Chapadinha","< 2h"
"GSTC","9/4/2026","MA-CHA-C003M","Indisponibilidade","CHECKLIST","08:12","08:21","00:09","0,01875","PARCIAL","CORTE E RELIGAÇÃO","Chapadinha","< 2h"
"GSTC","10/4/2026","MA-CHA-D001M","Indisponibilidade","Problemas mecânicos","08:12","18:12","10:00","1","TOTAL","SEED MONEY","Chapadinha","> 6h"
"GSTC","21/5/2026","MA-ANA-M001M","Indisponibilidade","Problemas mecânicos","09:59","17:57","07:58","0,99583325","PARCIAL","LIGAÇÃO NOVA","Chapadinha","> 6h"
"GSTC","16/3/2026","MA-ANA-M001M","Indisponibilidade","Problemas mecânicos","09:40","13:41","04:01","0,50208325","PARCIAL","LIGAÇÃO NOVA","Chapadinha","4 a 6h"
"GSTC","18/3/2026","MA-ANA-M001M","Indisponibilidade","CHECKLIST","07:45","07:56","00:11","0,022916625","PARCIAL","LIGAÇÃO NOVA","Chapadinha","< 2h"
"GSTC","23/3/2026","MA-CHA-D001M","Indisponibilidade","CHECKLIST","10:58","11:40","00:42","0,0875","PARCIAL","SEED MONEY","Chapadinha","< 2h"
"GSTC","23/3/2026","MA-BJO-E001M","Indisponibilidade","CHECKLIST","07:01","07:29","00:28","0,05833325","PARCIAL","PLANTÃO","Chapadinha","< 2h"
"GSTC","2/6/2026","MA-COL-E002M","Indisponibilidade","Eletricista em treinamento","08:24","16:52","08:28","1","PARCIAL","PLANTÃO","São Joao dos Patos","> 6h"
"GSTC","10/2/2026","MA-LDM-M001M","Indisponibilidade","Atrasado","09:22","10:08","00:46","0,09583325","PARCIAL","LIGAÇÃO NOVA","São Joao dos Patos","< 2h"
"GSTC","8/4/2026","MA-LDM-M001M","Indisponibilidade","Interjornada","11:01","11:01","00:00","0","PARCIAL","LIGAÇÃO NOVA","São Joao dos Patos","< 2h"
"GSTC","12/5/2026","MA-LDM-M001M","Indisponibilidade","Problemas mecânicos","08:00","13:55","05:55","0,73958325","PARCIAL","LIGAÇÃO NOVA","São Joao dos Patos","4 a 6h"
"GSTC","17/7/2026","MA-LDM-M001M","Indisponibilidade","Interjornada","08:00","09:55","01:55","0,23958325","PARCIAL","LIGAÇÃO NOVA","São Joao dos Patos","< 2h"
"GSTC","25/7/2026","MA-COL-E001M","Indisponibilidade","Outros","08:05","11:03","02:58","0,37083325","PARCIAL","PLANTÃO","São Joao dos Patos","2 a 4h"
"GSTC","2/3/2026","MA-LDM-M001M","Indisponibilidade","Problemas mecânicos","08:46","18:46","10:00","1","PARCIAL","LIGAÇÃO NOVA","São Joao dos Patos","> 6h"
"GSTC","1/9/2026","MA-LDM-M001M","Indisponibilidade","Eletricista em treinamento","08:19","14:03","05:44","0,716666625","PARCIAL","LIGAÇÃO NOVA","São Joao dos Patos","4 a 6h"
"GSTC","18/9/2026","MA-LDM-M001M","Indisponibilidade","Problemas mecânicos","09:23","10:05","00:42","0,0875","PARCIAL","LIGAÇÃO NOVA","São Joao dos Patos","< 2h"
"GSTC","1/9/2026","MA-BBV-E001M","Indisponibilidade","CHECKLIST","08:22","08:22","00:00","0","PARCIAL","PLANTÃO","São Joao dos Patos","< 2h"
"GEOM","20/7/2026","MA-TMO-O001M","Indisponibilidade","Problemas mecânicos","08:53","18:27","09:34","1","TOTAL","LINHA MORTA","Timon","> 6h"
"GEOM","20/8/2026","MA-TMO-V003M","Indisponibilidade","Problemas mecânicos","08:27","17:57","09:30","1","PARCIAL","LINHA MORTA","Timon","> 6h"
"GEOM","19/6/2026","MA-TMO-O003M","Indisponibilidade","Problemas mecânicos","10:40","18:40","08:00","1","TOTAL","LINHA MORTA","Timon","> 6h"
"GEOM","24/8/2026","MA-TMO-O001M","Indisponibilidade","Problemas mecânicos","08:00","17:21","09:21","1","TOTAL","LINHA MORTA","Timon","> 6h"
"GEOM","22/9/2026","MA-TMO-O003M","Indisponibilidade","Interjornada","08:00","18:00","10:00","1","TOTAL","LINHA MORTA","Timon","> 6h"
"GEOM","10/8/2026","MA-TMO-O003M","Indisponibilidade","Blitz de segurança","09:13","13:15","04:02","0,504166625","TOTAL","LINHA MORTA","Timon","4 a 6h"
"GEOM","10/7/2026","MA-TMO-O003M","Indisponibilidade","Problemas mecânicos","10:12","17:12","07:00","0,875","TOTAL","LINHA MORTA","Timon","> 6h"
"GEOM","17/7/2026","MA-TMO-O003M","Indisponibilidade","Problemas mecânicos","08:23","16:23","08:00","1","TOTAL","LINHA MORTA","Timon","> 6h"
"GEOM","5/6/2026","MA-TMO-O003M","Indisponibilidade","Folga não registrada no calendário","12:08","16:08","04:00","0,5","TOTAL","LINHA MORTA","Timon","4 a 6h"
"GEOM","13/1/2026","MA-TMO-O001M","Indisponibilidade","","08:00","18:00","10:00","1","TOTAL","LINHA MORTA","Timon","> 6h"
"GEOM","10/9/2026","MA-TMO-V003M","Indisponibilidade","Interjornada","08:00","18:00","10:00","1","TOTAL","LINHA MORTA","Timon","> 6h"
"GEOM","12/8/2026","MA-TMO-O003M","Indisponibilidade","Problemas mecânicos","09:28","13:37","04:09","0,51875","PARCIAL","LINHA MORTA","Timon","4 a 6h"
"GEOM","26/5/2026","MA-TMO-V003M","Indisponibilidade","Interjornada","13:54","13:55","00:01","0,00208325","TOTAL","LINHA MORTA","Timon","< 2h"
"GEOM","7/7/2026","MA-TMO-O001M","Indisponibilidade","Problemas mecânicos","08:27","20:06","11:39","1","TOTAL","LINHA MORTA","Timon","> 6h"
"GEOM","1/7/2026","MA-TMO-O003M","Indisponibilidade","Interjornada","08:24","12:05","03:41","0,460416625","PARCIAL","LINHA MORTA","Timon","2 a 4h"
"GEOM","31/7/2026","MA-TMO-O001M","Indisponibilidade","Interjornada","08:12","17:36","09:24","1","TOTAL","LINHA MORTA","Timon","> 6h"
"GEOM","2/10/2026","MA-TMO-O003M","Indisponibilidade","Problemas mecânicos","08:00","18:00","10:00","1","TOTAL","LINHA MORTA","Timon","> 6h"
"GEOM","10/7/2026","MA-TMO-O001M","Indisponibilidade","Problemas mecânicos","10:10","16:10","06:00","0,75","TOTAL","LINHA MORTA","Timon","> 6h"
"GEOM","25/2/2026","MA-TMO-V003M","Indisponibilidade","","08:00","20:21","12:21","1","TOTAL","LINHA MORTA","Timon","> 6h"
"GEOM","23/2/2026","MA-CAX-V002M","Indisponibilidade","","08:00","16:00","08:00","1","TOTAL","LINHA MORTA","Caxias","> 6h"
"GEOM","6/10/2026","MA-CAX-O002M","Indisponibilidade","CHECKLIST","07:30","08:20","00:50","0,104166625","PARCIAL","LINHA MORTA","Caxias","< 2h"
"GEOM","5/2/2026","MA-CAX-V002M","Indisponibilidade","","09:00","17:00","08:00","1","TOTAL","LINHA MORTA","Caxias","> 6h"
"GEOM","6/7/2026","MA-CAX-O002M","Indisponibilidade","Problemas mecânicos","08:35","19:02","10:27","1","TOTAL","LINHA MORTA","Caxias","> 6h"
"GEOM","30/3/2026","MA-CAX-O002M","Indisponibilidade","Problemas mecânicos","08:00","18:00","10:00","1","TOTAL","LINHA MORTA","Caxias","> 6h"
"GEOM","22/4/2026","MA-CAX-V002M","Indisponibilidade","Problemas mecânicos","08:00","15:55","07:55","0,98958325","TOTAL","LINHA MORTA","Caxias","> 6h"
"GEOM","24/4/2026","MA-CAX-V002M","Indisponibilidade","Problemas mecânicos","08:44","18:44","10:00","1","TOTAL","LINHA MORTA","Caxias","> 6h"
"GEOM","11/8/2026","MA-CAX-V002M","Indisponibilidade","Interjornada","","","10:00","1","TOTAL","LINHA MORTA","Caxias","> 6h"
"GEOM","11/8/2026","MA-CAX-V002M","Indisponibilidade","Interjornada","08:22","18:22","10:00","1","TOTAL","LINHA MORTA","Caxias","> 6h"
"GEOM","3/7/2026","MA-CAX-O002M","Indisponibilidade","Problemas mecânicos","16:06","16:06","00:00","0","TOTAL","LINHA MORTA","Caxias","< 2h"
"GEOM","1/4/2026","MA-CAX-O002M","Indisponibilidade","Problemas mecânicos","08:00","18:00","10:00","1","TOTAL","LINHA MORTA","Caxias","> 6h"
"GEOM","23/1/2026","MA-CAX-V002M","Indisponibilidade","","08:00","11:13","03:13","0,40208325","TOTAL","LINHA MORTA","Caxias","2 a 4h"
"GEOM","3/2/2026","MA-CAX-O002M","Indisponibilidade","","08:00","18:00","10:00","1","TOTAL","LINHA MORTA","Caxias","> 6h"
"GEOM","24/9/2026","MA-CAX-O002M","Indisponibilidade","Interjornada","08:10","17:54","09:44","1","TOTAL","LINHA MORTA","Caxias","> 6h"
"GEOM","24/3/2026","MA-CAX-V002M","Indisponibilidade","Problemas mecânicos","08:00","18:00","10:00","1","TOTAL","LINHA MORTA","Caxias","> 6h"
"GEOM","27/4/2026","MA-CAX-V002M","Indisponibilidade","Problemas mecânicos","08:26","18:26","10:00","1","TOTAL","LINHA MORTA","Caxias","> 6h"
"GEOM","9/9/2026","MA-CAX-O002M","Indisponibilidade","CHECKLIST","07:24","07:58","00:34","0,07083325","PARCIAL","LINHA MORTA","Caxias","< 2h"
"GEOM","9/9/2026","MA-CAX-O002M","Indisponibilidade","CHECKLIST","09:55","12:24","02:29","0,310416625","PARCIAL","LINHA MORTA","Caxias","2 a 4h"
"GEOM","21/7/2026","MA-CAX-O002M","Indisponibilidade","Interjornada","11:16","21:16","10:00","1","TOTAL","LINHA MORTA","Caxias","> 6h"
"GEOM","9/1/2026","MA-CAX-O002M","Indisponibilidade","CHECKLIST","18:03","18:05","00:02","0,004166625","PARCIAL","LINHA MORTA","Caxias","< 2h"
"GEOM","3/7/2026","MA-CAX-V002M","Indisponibilidade","Problemas mecânicos","","","10:00","1","TOTAL","LINHA MORTA","Caxias","> 6h"
"GEOM","3/7/2026","MA-CAX-V002M","Indisponibilidade","Problemas mecânicos","08:34","18:34","10:00","1","TOTAL","LINHA MORTA","Caxias","> 6h"
"GEOM","28/7/2026","MA-CAX-O002M","Indisponibilidade","CHECKLIST","11:56","19:56","08:00","1","TOTAL","LINHA MORTA","Caxias","> 6h"
"GEOM","1/4/2026","MA-CAX-V002M","Indisponibilidade","Problemas mecânicos","08:00","18:00","10:00","1","TOTAL","LINHA MORTA","Caxias","> 6h"
"GEOM","10/2/2026","MA-CAX-V002M","Indisponibilidade","","15:02","23:02","08:00","1","TOTAL","LINHA MORTA","Caxias","> 6h"
"GEOM","20/8/2026","MA-CAX-V002M","Indisponibilidade","Interjornada","08:56","17:53","08:57","1","TOTAL","LINHA MORTA","Caxias","> 6h"
"GEOM","24/8/2026","MA-CAX-O002M","Indisponibilidade","CHECKLIST","06:54","08:20","01:26","0,179166625","PARCIAL","LINHA MORTA","Caxias","< 2h"
"GEOM","28/4/2026","MA-CAX-O002M","Indisponibilidade","Problemas mecânicos","09:32","19:32","10:00","1","TOTAL","LINHA MORTA","Caxias","> 6h"
"GEOM","28/4/2026","MA-CAX-V002M","Indisponibilidade","Problemas mecânicos","09:33","19:33","10:00","1","TOTAL","LINHA MORTA","Caxias","> 6h"
"GEOM","2/10/2026","MA-CAX-O002M","Indisponibilidade","Interjornada","08:23","09:41","01:18","0,1625","PARCIAL","LINHA MORTA","Caxias","< 2h"
"GEOM","2/10/2026","MA-CAX-V002M","Indisponibilidade","Interjornada","09:56","10:01","00:05","0,010416625","TOTAL","LINHA MORTA","Caxias","< 2h"
"GEOM","18/5/2026","MA-CAX-V002M","Indisponibilidade","Interjornada","08:00","14:00","06:00","0,75","TOTAL","LINHA MORTA","Caxias","> 6h"
"GEOM","21/7/2026","MA-CAX-V002M","Indisponibilidade","Problemas mecânicos","08:29","18:29","10:00","1","TOTAL","LINHA MORTA","Caxias","> 6h"
"GEOM","1/6/2026","MA-CAX-V002M","Indisponibilidade","Outros","16:53","18:45","01:52","0,23333325","TOTAL","LINHA MORTA","Caxias","< 2h"
"GEOM","6/7/2026","MA-CAX-V002M","Indisponibilidade","Problemas mecânicos","08:36","18:36","10:00","1","TOTAL","LINHA MORTA","Caxias","> 6h"
"GEOM","7/7/2026","MA-CAX-V002M","Indisponibilidade","Problemas mecânicos","08:37","18:37","10:00","1","TOTAL","LINHA MORTA","Caxias","> 6h"
"GEOM","4/3/2026","MA-CAX-O002M","Indisponibilidade","","09:15","19:15","10:00","1","TOTAL","LINHA MORTA","Caxias","> 6h"
"GEOM","6/3/2026","MA-CAX-V002M","Indisponibilidade","Problemas mecânicos","07:52","17:52","10:00","1","TOTAL","LINHA MORTA","Caxias","> 6h"
"GEOM","19/6/2026","MA-CAX-O002M","Indisponibilidade","CHECKLIST","07:10","08:37","01:27","0,18125","PARCIAL","LINHA MORTA","Caxias","< 2h"
"GEOM","3/9/2026","MA-CAX-V002M","Indisponibilidade","Interjornada","08:09","18:09","10:00","1","TOTAL","LINHA MORTA","Caxias","> 6h"
"GEOM","17/8/2026","MA-CAX-V002M","Indisponibilidade","Outros","08:35","17:48","09:13","1","TOTAL","LINHA MORTA","Caxias","> 6h"
"GEOM","29/1/2026","MA-CAX-V002M","Indisponibilidade","","08:00","11:47","03:47","0,472916625","TOTAL","LINHA MORTA","Caxias","2 a 4h"
"GEOM","11/5/2026","MA-CAX-O002M","Indisponibilidade","CHECKLIST","10:35","10:35","00:00","0","TOTAL","LINHA MORTA","Caxias","< 2h"
"GEOM","24/7/2026","MA-CAX-V002M","Indisponibilidade","Problemas mecânicos","10:14","20:27","10:13","1","TOTAL","LINHA MORTA","Caxias","> 6h"
"GEOM","20/1/2026","MA-CAX-V002M","Indisponibilidade","","08:00","14:00","06:00","0,75","PARCIAL","LINHA MORTA","Caxias","> 6h"
"GEOM","27/7/2026","MA-CAX-O002M","Indisponibilidade","Problemas mecânicos","12:01","16:21","04:20","0,541666625","TOTAL","LINHA MORTA","Caxias","4 a 6h"
"GEOM","27/4/2026","MA-CAX-O002M","Indisponibilidade","Problemas mecânicos","08:25","18:25","10:00","1","TOTAL","LINHA MORTA","Caxias","> 6h"
"GEOM","8/9/2026","MA-CAX-V002M","Indisponibilidade","Problemas mecânicos","09:05","17:42","08:37","1","TOTAL","LINHA MORTA","Caxias","> 6h"
"GEOM","17/9/2026","MA-CAX-O002M","Indisponibilidade","Interjornada","08:38","17:53","09:15","1","TOTAL","LINHA MORTA","Caxias","> 6h"
"GEOM","25/2/2026","MA-CAX-V002M","Indisponibilidade","","08:00","21:23","13:23","1","TOTAL","LINHA MORTA","Caxias","> 6h"
"GEOM","4/2/2026","MA-CAX-O002M","Indisponibilidade","","08:00","18:00","10:00","1","PARCIAL","LINHA MORTA","Caxias","> 6h"
"GEOM","10/3/2026","MA-CAX-O002M","Indisponibilidade","Problemas mecânicos","08:00","18:05","10:05","1","TOTAL","LINHA MORTA","Caxias","> 6h"
"GSTC","30/3/2026","MA-TMO-F008M","Indisponibilidade","Eletricista com problema particular","10:01","17:56","07:55","0,98958325","PARCIAL","INSPEÇÃO","Timon","> 6h"
"GSTC","16/6/2026","MA-TMO-F014M","Indisponibilidade","Eletricista com problema particular","08:00","18:00","10:00","1","TOTAL","INSPEÇÃO","Timon","> 6h"
"GSTC","30/7/2026","MA-TMO-F012M","Indisponibilidade","Eletricista com problema particular","08:00","18:00","10:00","1","TOTAL","INSPEÇÃO","Timon","> 6h"
"GSTC","1/10/2026","MA-TMO-F014M","Indisponibilidade","Eletricista com problema particular","08:00","18:00","10:00","1","TOTAL","INSPEÇÃO","Timon","> 6h"
"GSTC","5/8/2026","MA-TMO-F014M","Indisponibilidade","Eletricista com problema particular","08:00","18:00","10:00","1","TOTAL","INSPEÇÃO","Timon","> 6h"
"GSTC","25/6/2026","MA-TMO-F007M","Indisponibilidade","Eletricista com problema particular","08:00","12:00","04:00","0,5","TOTAL","INSPEÇÃO","Timon","4 a 6h"
"GSTC","22/4/2026","MA-TMO-F001M","Indisponibilidade","Problemas mecânicos","08:00","18:00","10:00","1","TOTAL","INSPEÇÃO","Timon","> 6h"
"GSTC","14/7/2026","MA-TMO-F012M","Indisponibilidade","Eletricista com problema particular","08:00","18:00","10:00","1","TOTAL","INSPEÇÃO","Timon","> 6h"
"GSTC","20/3/2026","MA-TMO-F006M","Indisponibilidade","Eletricista de atestado","08:00","18:00","10:00","1","TOTAL","INSPEÇÃO","Timon","> 6h"
"GSTC","6/7/2026","MA-TMO-F013M","Indisponibilidade","Eletricista com problema particular","08:00","18:00","10:00","1","TOTAL","INSPEÇÃO","Timon","> 6h"
"GSTC","14/5/2026","MA-TMO-F012M","Indisponibilidade","Eletricista com problema particular","08:00","14:00","06:00","0,75","TOTAL","INSPEÇÃO","Timon","> 6h"
"GSTC","16/6/2026","MA-TMO-F007M","Indisponibilidade","Problemas mecânicos","08:00","18:00","10:00","1","TOTAL","INSPEÇÃO","Timon","> 6h"
"GSTC","23/6/2026","MA-TMO-F007M","Indisponibilidade","Eletricista com problema particular","08:00","18:00","10:00","1","TOTAL","INSPEÇÃO","Timon","> 6h"
"GSTC","4/8/2026","MA-TMO-F012M","Indisponibilidade","Eletricista com problema particular","08:00","16:00","08:00","1","TOTAL","INSPEÇÃO","Timon","> 6h"
"GSTC","17/7/2026","MA-TMO-F011M","Indisponibilidade","Eletricista com problema particular","08:00","16:00","08:00","1","TOTAL","INSPEÇÃO","Timon","> 6h"
"GSTC","13/3/2026","MA-TMO-F008M","Indisponibilidade","Eletricista em treinamento","08:00","18:23","10:23","1","TOTAL","INSPEÇÃO","Timon","> 6h"
"GSTC","23/7/2026","MA-TMO-F007M","Indisponibilidade","Eletricista com problema particular","15:33","23:33","08:00","1","TOTAL","INSPEÇÃO","Timon","> 6h"
"GSTC","23/7/2026","MA-TMO-F012M","Indisponibilidade","Eletricista com problema particular","15:34","23:34","08:00","1","TOTAL","INSPEÇÃO","Timon","> 6h"
"GSTC","27/7/2026","MA-TMO-F003M","Indisponibilidade","Problemas mecânicos","11:33","19:33","08:00","1","PARCIAL","INSPEÇÃO","Timon","> 6h"
"GSTC","4/8/2026","MA-TMO-F007M","Indisponibilidade","Eletricista com problema particular","08:00","16:00","08:00","1","TOTAL","INSPEÇÃO","Timon","> 6h"
"GSTC","12/3/2026","MA-TMO-F008M","Indisponibilidade","Eletricista em treinamento","08:00","16:00","08:00","1","TOTAL","INSPEÇÃO","Timon","> 6h"
"GSTC","23/3/2026","MA-TMO-F012M","Indisponibilidade","Problemas mecânicos","08:00","18:00","10:00","1","TOTAL","INSPEÇÃO","Timon","> 6h"
"GSTC","27/4/2026","MA-TMO-F009M","Indisponibilidade","Problemas mecânicos","11:29","18:00","06:31","0,81458325","PARCIAL","INSPEÇÃO","Timon","> 6h"
"GSTC","8/7/2026","MA-TMO-F007M","Indisponibilidade","Eletricista com problema particular","08:00","18:00","10:00","1","TOTAL","INSPEÇÃO","Timon","> 6h"
"GSTC","14/7/2026","MA-TMO-F008M","Indisponibilidade","CHECKLIST","07:59","08:00","00:01","0,00208325","PARCIAL","INSPEÇÃO","Timon","< 2h"
"GSTC","2/6/2026","MA-TMO-F005M","Indisponibilidade","CHECKLIST","13:30","13:32","00:02","0,004166625","PARCIAL","INSPEÇÃO","Timon","< 2h"
"GSTC","1/9/2026","MA-TMO-F004M","Indisponibilidade","Eletricista com problema particular","08:00","18:00","10:00","1","TOTAL","INSPEÇÃO","Timon","> 6h"
"GSTC","4/3/2026","MA-TMO-F014M","Indisponibilidade","Eletricista com problema particular","08:00","18:00","10:00","1","TOTAL","INSPEÇÃO","Timon","> 6h"
"GSTC","22/9/2026","MA-TMO-F002M","Indisponibilidade","CHECKLIST","09:59","10:00","00:01","0,00208325","PARCIAL","INSPEÇÃO","Timon","< 2h"
"GSTC","24/6/2026","MA-TMO-F003M","Indisponibilidade","CHECKLIST","07:53","08:15","00:22","0,04583325","PARCIAL","INSPEÇÃO","Timon","< 2h"
"GSTC","6/8/2026","MA-TMO-F012M","Indisponibilidade","Eletricista com problema particular","08:00","18:00","10:00","1","TOTAL","INSPEÇÃO","Timon","> 6h"
"GSTC","7/8/2026","MA-TMO-F007M","Indisponibilidade","Eletricista com problema particular","08:00","18:00","10:00","1","TOTAL","INSPEÇÃO","Timon","> 6h"
"GSTC","15/7/2026","MA-TMO-F012M","Indisponibilidade","Eletricista com problema particular","08:00","16:00","08:00","1","TOTAL","INSPEÇÃO","Timon","> 6h"
"GSTC","13/5/2026","MA-TMO-F011M","Indisponibilidade","CHECKLIST","07:16","07:22","00:06","0,0125","PARCIAL","INSPEÇÃO","Timon","< 2h"
"GSTC","6/8/2026","MA-TMO-F014M","Indisponibilidade","Eletricista com problema particular","08:00","18:00","10:00","1","TOTAL","INSPEÇÃO","Timon","> 6h"
"GSTC","1/10/2026","MA-TMO-F007M","Indisponibilidade","Eletricista com problema particular","11:15","18:00","06:45","0,84375","TOTAL","INSPEÇÃO","Timon","> 6h"
"GSTC","9/6/2026","MA-TMO-F004M","Indisponibilidade","Eletricista com problema particular","08:00","16:00","08:00","1","TOTAL","INSPEÇÃO","Timon","> 6h"
"GSTC","16/5/2026","MA-TMO-F014M","Indisponibilidade","CHECKLIST","08:20","08:21","00:01","0,00208325","PARCIAL","INSPEÇÃO","Timon","< 2h"
"GSTC","16/5/2026","MA-TMO-F014M","Indisponibilidade","CHECKLIST","08:23","08:47","00:24","0,05","PARCIAL","INSPEÇÃO","Timon","< 2h"
"GSTC","31/7/2026","MA-TMO-F012M","Indisponibilidade","Outros","08:00","16:00","08:00","1","TOTAL","INSPEÇÃO","Timon","> 6h"
"GSTC","24/3/2026","MA-TMO-F012M","Indisponibilidade","Problemas mecânicos","08:00","14:04","06:04","0,75833325","PARCIAL","INSPEÇÃO","Timon","> 6h"
"GSTC","30/7/2026","MA-TMO-F007M","Indisponibilidade","Eletricista com problema particular","08:00","09:09","01:09","0,14375","PARCIAL","INSPEÇÃO","Timon","< 2h"
"GSTC","2/10/2026","MA-TMO-F007M","Indisponibilidade","Eletricista com problema particular","07:43","13:58","06:15","0,78125","TOTAL","INSPEÇÃO","Timon","> 6h"
"GEOM","29/4/2026","MA-CHA-O003M","Indisponibilidade","Interjornada","07:00","10:33","03:33","0,44375","PARCIAL","LINHA MORTA","Chapadinha","2 a 4h"
"GEOM","28/7/2026","MA-CHA-O003M","Indisponibilidade","CHECKLIST","07:23","07:24","00:01","0,00208325","PARCIAL","LINHA MORTA","Chapadinha","< 2h"
"GEOM","28/7/2026","MA-CHA-O003M","Indisponibilidade","CHECKLIST","07:29","18:30","11:01","1","PARCIAL","LINHA MORTA","Chapadinha","> 6h"
"GEOM","20/1/2026","MA-CHA-O002M","Indisponibilidade","","08:00","11:23","03:23","0,422916625","PARCIAL","LINHA MORTA","Chapadinha","2 a 4h"
"GEOM","28/9/2026","MA-CHA-O002M","Indisponibilidade","Problemas mecânicos","07:47","11:47","04:00","0,5","PARCIAL","LINHA MORTA","Chapadinha","4 a 6h"
"GEOM","15/1/2026","MA-CHA-O002M","Indisponibilidade","","08:00","11:56","03:56","0,491666625","TOTAL","LINHA MORTA","Chapadinha","2 a 4h"
"GEOM","31/3/2026","MA-CHA-O002M","Indisponibilidade","Problemas mecânicos","08:00","11:30","03:30","0,4375","PARCIAL","LINHA MORTA","Chapadinha","2 a 4h"
"GEOM","13/3/2026","MA-CHA-O001M","Indisponibilidade","Interjornada","08:00","12:33","04:33","0,56875","PARCIAL","LINHA MORTA","Chapadinha","4 a 6h"
"GEOM","11/3/2026","MA-CHA-V002M","Indisponibilidade","Interjornada","09:25","18:53","09:28","1","PARCIAL","LINHA MORTA","Chapadinha","> 6h"
"GEOM","15/4/2026","MA-CHA-O002M","Indisponibilidade","Problemas mecânicos","12:00","16:00","04:00","0,5","PARCIAL","LINHA MORTA","Chapadinha","4 a 6h"
"GEOM","2/2/2026","MA-CHA-V002M","Indisponibilidade","","08:00","17:54","09:54","1","TOTAL","LINHA MORTA","Chapadinha","> 6h"
"GEOM","3/7/2026","MA-CHA-O003M","Indisponibilidade","CHECKLIST","08:04","18:00","09:56","1","TOTAL","LINHA MORTA","Chapadinha","> 6h"
"GEOM","16/3/2026","MA-CHA-V002M","Indisponibilidade","Problemas mecânicos","09:20","12:56","03:36","0,45","PARCIAL","LINHA MORTA","Chapadinha","2 a 4h"
"GEOM","26/3/2026","MA-CHA-O002M","Indisponibilidade","Problemas mecânicos","14:23","18:23","04:00","0,5","PARCIAL","LINHA MORTA","Chapadinha","4 a 6h"
"GEOM","14/1/2026","MA-CHA-V002M","Indisponibilidade","","08:00","11:31","03:31","0,43958325","TOTAL","LINHA MORTA","Chapadinha","2 a 4h"
"GEOM","14/2/2026","MA-CHA-O001M","Indisponibilidade","CHECKLIST","08:05","08:25","00:20","0,041666625","PARCIAL","LINHA MORTA","Chapadinha","< 2h"
"GEOM","14/2/2026","MA-CHA-O001M","Indisponibilidade","CHECKLIST","08:33","09:16","00:43","0,08958325","PARCIAL","LINHA MORTA","Chapadinha","< 2h"
"GEOM","12/3/2026","MA-CHA-V002M","Indisponibilidade","Interjornada","08:00","18:06","10:06","1","TOTAL","LINHA MORTA","Chapadinha","> 6h"
"GEOM","29/7/2026","MA-CHA-O003M","Indisponibilidade","CHECKLIST","11:53","11:58","00:05","0,010416625","PARCIAL","LINHA MORTA","Chapadinha","< 2h"
"GSTC","2/10/2026","MA-TMO-F007M","Indisponibilidade","Eletricista com problema particular","13:59","18:00","04:01","0,50208325","TOTAL","INSPEÇÃO","Timon","4 a 6h"
"GSTC","27/7/2026","MA-TMO-F012M","Indisponibilidade","Eletricista com problema particular","18:00","18:00","00:00","0","TOTAL","INSPEÇÃO","Timon","< 2h"
"GSTC","20/7/2026","MA-TMO-F012M","Indisponibilidade","Eletricista com problema particular","08:00","18:00","10:00","1","TOTAL","INSPEÇÃO","Timon","> 6h"
"GSTC","10/8/2026","MA-TMO-F010M","Indisponibilidade","Eletricista com problema particular","08:00","18:00","10:00","1","TOTAL","INSPEÇÃO","Timon","> 6h"
"GSTC","22/6/2026","MA-TMO-F007M","Indisponibilidade","Eletricista com problema particular","08:00","18:00","10:00","1","TOTAL","INSPEÇÃO","Timon","> 6h"
"GSTC","18/5/2026","MA-TMO-F010M","Indisponibilidade","Eletricista com problema particular","08:00","18:00","10:00","1","TOTAL","INSPEÇÃO","Timon","> 6h"
"GSTC","29/6/2026","MA-TMO-F007M","Indisponibilidade","Eletricista com problema particular","08:00","18:00","10:00","1","TOTAL","INSPEÇÃO","Timon","> 6h"
"GSTC","30/6/2026","MA-TMO-F007M","Indisponibilidade","Eletricista com problema particular","08:00","16:00","08:00","1","TOTAL","INSPEÇÃO","Timon","> 6h"
"GSTC","15/7/2026","MA-TMO-F003M","Indisponibilidade","CHECKLIST","07:31","07:33","00:02","0,004166625","PARCIAL","INSPEÇÃO","Timon","< 2h"
"GSTC","16/7/2026","MA-TMO-F012M","Indisponibilidade","Eletricista com problema particular","08:00","18:00","10:00","1","TOTAL","INSPEÇÃO","Timon","> 6h"
"GSTC","20/7/2026","MA-TMO-F007M","Indisponibilidade","Eletricista com problema particular","08:00","18:00","10:00","1","TOTAL","INSPEÇÃO","Timon","> 6h"
"GSTC","20/7/2026","MA-TMO-F011M","Indisponibilidade","Problemas mecânicos","08:00","18:00","10:00","1","TOTAL","INSPEÇÃO","Timon","> 6h"
"GSTC","21/7/2026","MA-TMO-F012M","Indisponibilidade","Eletricista com problema particular","08:00","18:00","10:00","1","TOTAL","INSPEÇÃO","Timon","> 6h"
"GSTC","2/10/2026","MA-TMO-F014M","Indisponibilidade","Eletricista com problema particular","08:00","18:00","10:00","1","TOTAL","INSPEÇÃO","Timon","> 6h"
"GSTC","24/8/2026","MA-TMO-F012M","Indisponibilidade","Eletricista com problema particular","08:00","16:00","08:00","1","TOTAL","INSPEÇÃO","Timon","> 6h"
"GSTC","4/9/2026","MA-TMO-F006M","Indisponibilidade","CHECKLIST","07:35","07:35","00:00","0","PARCIAL","INSPEÇÃO","Timon","< 2h"
"GSTC","14/5/2026","MA-TMO-F014M","Indisponibilidade","CHECKLIST","08:01","08:23","00:22","0,04583325","PARCIAL","INSPEÇÃO","Timon","< 2h"
"GSTC","30/9/2026","MA-TMO-F004M","Indisponibilidade","CHECKLIST","06:52","06:53","00:01","0,00208325","PARCIAL","INSPEÇÃO","Timon","< 2h"
"GSTC","1/10/2026","MA-TMO-F005M","Indisponibilidade","Eletricista com problema particular","08:00","18:00","10:00","1","TOTAL","INSPEÇÃO","Timon","> 6h"
"GSTC","18/9/2026","MA-CAX-H001M","Indisponibilidade","Eletricista em treinamento","08:00","15:50","07:50","0,979166625","TOTAL","CORTE E RELIGAÇÃO","Caxias","> 6h"
"GSTC","24/9/2026","MA-SJS-E001M","Indisponibilidade","Problemas mecânicos","08:45","09:40","00:55","0,11458325","PARCIAL","LIGAÇÃO NOVA","Caxias","< 2h"
"GSTC","1/4/2026","MA-CAX-E002T","Indisponibilidade","Interjornada","17:32","18:12","00:40","0,08333325","PARCIAL","PLANTÃO","Caxias","< 2h"
"GSTC","7/4/2026","MA-CAX-E002M","Indisponibilidade","Problemas mecânicos","07:54","12:55","05:01","0,62708325","PARCIAL","PLANTÃO","Caxias","4 a 6h"
"GSTC","1/9/2026","MA-CAX-M003M","Indisponibilidade","Problemas mecânicos","10:13","11:51","01:38","0,204166625","PARCIAL","PLANTÃO","Caxias","< 2h"
"GSTC","1/6/2026","MA-CAX-D001M","Indisponibilidade","Problemas mecânicos","18:12","18:13","00:01","0,00208325","PARCIAL","SEED MONEY","Caxias","< 2h"
"GSTC","10/2/2026","MA-CAX-D001M","Indisponibilidade","Problemas mecânicos","09:09","21:09","12:00","1","TOTAL","SEED MONEY","Caxias","> 6h"
"GSTC","20/2/2026","MA-CAX-E002M","Indisponibilidade","Problemas mecânicos","08:35","12:08","03:33","0,44375","PARCIAL","PLANTÃO","Caxias","2 a 4h"
"GSTC","25/3/2026","MA-CAX-D001M","Indisponibilidade","Outros","08:00","20:00","12:00","1","TOTAL","SEED MONEY","Caxias","> 6h"
"GSTC","9/4/2026","MA-CAX-C001M","Indisponibilidade","CHECKLIST","08:19","08:48","00:29","0,060416625","PARCIAL","CORTE E RELIGAÇÃO","Caxias","< 2h"
"GSTC","26/8/2026","MA-CAX-M002M","Indisponibilidade","Eletricista em treinamento","08:24","09:06","00:42","0,0875","PARCIAL","PLANTÃO","Caxias","< 2h"
"GSTC","26/8/2026","MA-SJS-E001M","Indisponibilidade","Eletricista em treinamento","08:10","09:42","01:32","0,191666625","PARCIAL","LIGAÇÃO NOVA","Caxias","< 2h"
"GSTC","5/10/2026","MA-CAX-E001M","Indisponibilidade","CHECKLIST","07:29","07:32","00:03","0,00625","PARCIAL","PLANTÃO","Caxias","< 2h"
"GSTC","16/6/2026","MA-CAX-E001T","Indisponibilidade","CHECKLIST","15:58","16:06","00:08","0,016666625","PARCIAL","PLANTÃO","Caxias","< 2h"
"GSTC","5/8/2026","MA-CAX-E001T","Indisponibilidade","CHECKLIST","16:14","16:22","00:08","0,016666625","PARCIAL","PLANTÃO","Caxias","< 2h"
"GSTC","30/1/2026","MA-CAX-M002M","Indisponibilidade","Interjornada","08:00","09:00","01:00","0,125","PARCIAL","PLANTÃO","Caxias","< 2h"
"GSTC","7/1/2026","MA-CAX-L001M","Indisponibilidade","Problemas mecânicos","07:58","11:02","03:04","0,38333325","PARCIAL","LIGAÇÃO NOVA","Caxias","2 a 4h"
"GSTC","18/6/2026","MA-CAX-D001M","Indisponibilidade","Problemas mecânicos","09:02","14:07","05:05","0,635416625","PARCIAL","SEED MONEY","Caxias","4 a 6h"
"GSTC","31/3/2026","MA-ADA-E001M","Indisponibilidade","Outros","08:58","12:05","03:07","0,38958325","PARCIAL","PLANTÃO","Caxias","2 a 4h"
"GSTC","23/9/2026","MA-TMO-F004M","Indisponibilidade","Eletricista com problema particular","08:00","16:00","08:00","1","TOTAL","INSPEÇÃO","Timon","> 6h"
"GSTC","1/9/2026","MA-TMO-F006M","Indisponibilidade","Eletricista com problema particular","08:00","18:00","10:00","1","TOTAL","INSPEÇÃO","Timon","> 6h"
"GSTC","22/7/2026","MA-TMO-F012M","Indisponibilidade","Eletricista com problema particular","08:00","18:00","10:00","1","TOTAL","INSPEÇÃO","Timon","> 6h"
"GSTC","15/6/2026","MA-TMO-F010M","Indisponibilidade","Problemas mecânicos","08:00","18:00","10:00","1","TOTAL","INSPEÇÃO","Timon","> 6h"
"GSTC","5/10/2026","MA-TMO-F002M","Indisponibilidade","Eletricista com problema particular","08:50","10:53","02:03","0,25625","PARCIAL","INSPEÇÃO","Timon","2 a 4h"
"GSTC","13/7/2026","MA-TMO-F003M","Indisponibilidade","Eletricista com problema particular","16:21","18:00","01:39","0,20625","PARCIAL","INSPEÇÃO","Timon","< 2h"
"GSTC","17/9/2026","MA-TMO-F002M","Indisponibilidade","Eletricista com problema particular","15:25","18:00","02:35","0,322916625","PARCIAL","INSPEÇÃO","Timon","2 a 4h"
"GSTC","12/8/2026","MA-TMO-F008M","Indisponibilidade","Eletricista em treinamento","08:00","18:00","10:00","1","TOTAL","INSPEÇÃO","Timon","> 6h"
"GSTC","24/6/2026","MA-TMO-F007M","Indisponibilidade","Eletricista com problema particular","08:00","18:00","10:00","1","TOTAL","INSPEÇÃO","Timon","> 6h"
"GSTC","15/6/2026","MA-TMO-F014M","Indisponibilidade","Problemas mecânicos","07:55","10:30","02:35","0,322916625","TOTAL","INSPEÇÃO","Timon","2 a 4h"
"GSTC","15/6/2026","MA-TMO-F014M","Indisponibilidade","Eletricista com problema particular","10:35","18:00","07:25","0,92708325","TOTAL","INSPEÇÃO","Timon","> 6h"
"GSTC","17/6/2026","MA-TMO-F007M","Indisponibilidade","Eletricista com problema particular","08:00","14:00","06:00","0,75","TOTAL","INSPEÇÃO","Timon","> 6h"
"GSTC","6/8/2026","MA-TMO-F007M","Indisponibilidade","Eletricista com problema particular","08:00","18:00","10:00","1","TOTAL","INSPEÇÃO","Timon","> 6h"
"GSTC","7/8/2026","MA-TMO-F012M","Indisponibilidade","Eletricista com problema particular","08:00","18:00","10:00","1","TOTAL","INSPEÇÃO","Timon","> 6h"
"GSTC","15/5/2026","MA-TMO-F014M","Indisponibilidade","CHECKLIST","08:13","08:16","00:03","0,00625","PARCIAL","INSPEÇÃO","Timon","< 2h"
"GSTC","13/7/2026","MA-TMO-F013M","Indisponibilidade","CHECKLIST","08:57","08:59","00:02","0,004166625","PARCIAL","INSPEÇÃO","Timon","< 2h"
"GSTC","26/9/2026","MA-TMO-F006M","Indisponibilidade","CHECKLIST","07:38","07:44","00:06","0,0125","PARCIAL","INSPEÇÃO","Timon","< 2h"
"GSTC","28/9/2026","MA-TMO-F007M","Indisponibilidade","Eletricista com problema particular","08:00","16:00","08:00","1","TOTAL","INSPEÇÃO","Timon","> 6h"
"GSTC","15/5/2026","MA-TMO-F005M","Indisponibilidade","Exame periódico","08:00","13:33","05:33","0,69375","PARCIAL","INSPEÇÃO","Timon","4 a 6h"
"GSTC","9/7/2026","MA-UBS-M002M","Indisponibilidade","Interjornada","08:23","09:47","01:24","0,175","PARCIAL","LIGAÇÃO NOVA","Chapadinha","< 2h"
"GSTC","7/7/2026","MA-CHA-D002M","Indisponibilidade","Problemas mecânicos","08:00","18:00","10:00","1","TOTAL","SEED MONEY","Chapadinha","> 6h"
"GSTC","30/7/2026","MA-UBS-M001M","Indisponibilidade","Problemas mecânicos","08:00","16:59","08:59","1","PARCIAL","PLANTÃO","Chapadinha","> 6h"
"GSTC","6/6/2026","MA-CHA-D002M","Indisponibilidade","Outros","08:00","08:13","00:13","0,02708325","PARCIAL","SEED MONEY","Chapadinha","< 2h"
"GSTC","8/6/2026","MA-CHA-E001M","Indisponibilidade","Problemas mecânicos","09:31","15:20","05:49","0,72708325","PARCIAL","PLANTÃO","Chapadinha","4 a 6h"
"GSTC","13/6/2026","MA-CHA-E001M","Indisponibilidade","Problemas mecânicos","12:57","14:07","01:10","0,14583325","PARCIAL","PLANTÃO","Chapadinha","< 2h"
"GSTC","9/6/2026","MA-CHA-H001M","Indisponibilidade","Problemas mecânicos","15:30","17:28","01:58","0,24583325","PARCIAL","CORTE E RELIGAÇÃO","Chapadinha","< 2h"
"GSTC","23/6/2026","MA-CHA-M002M","Indisponibilidade","Interjornada","14:49","14:49","00:00","0","PARCIAL","PLANTÃO","Chapadinha","< 2h"
"GSTC","25/6/2026","MA-CHA-D002M","Indisponibilidade","Problemas mecânicos","08:00","18:00","10:00","1","TOTAL","SEED MONEY","Chapadinha","> 6h"
"GSTC","27/7/2026","MA-CHA-D001M","Indisponibilidade","Problemas mecânicos","08:00","18:00","10:00","1","TOTAL","SEED MONEY","Chapadinha","> 6h"
"GSTC","31/7/2026","MA-CHA-D002M","Indisponibilidade","Problemas mecânicos","08:00","16:00","08:00","1","TOTAL","SEED MONEY","Chapadinha","> 6h"
"GSTC","3/8/2026","MA-CHA-D001M","Indisponibilidade","Atrasado","08:00","15:40","07:40","0,95833325","PARCIAL","SEED MONEY","Chapadinha","> 6h"
"GSTC","5/6/2026","MA-CHA-C002M","Indisponibilidade","Eletricista em treinamento","09:50","09:52","00:02","0,004166625","PARCIAL","CORTE E RELIGAÇÃO","Chapadinha","< 2h"
"GSTC","3/8/2026","MA-UBS-M002M","Indisponibilidade","Problemas mecânicos","07:58","08:31","00:33","0,06875","PARCIAL","LIGAÇÃO NOVA","Chapadinha","< 2h"
"GSTC","1/6/2026","MA-CHA-E002M","Indisponibilidade","CHECKLIST","07:20","08:00","00:40","0,08333325","PARCIAL","PLANTÃO","Chapadinha","< 2h"
"GSTC","3/9/2026","MA-CHA-D001M","Indisponibilidade","Problemas com EPI/EPC","08:00","16:00","08:00","1","TOTAL","SEED MONEY","Chapadinha","> 6h"
"GSTC","1/10/2026","MA-ANA-M001M","Indisponibilidade","Problemas mecânicos","08:58","11:07","02:09","0,26875","PARCIAL","LIGAÇÃO NOVA","Chapadinha","2 a 4h"
"GSTC","18/8/2026","MA-CHA-C001M","Indisponibilidade","Eletricista em treinamento","08:00","09:39","01:39","0,20625","PARCIAL","CORTE E RELIGAÇÃO","Chapadinha","< 2h"
"GSTC","21/1/2026","MA-LDM-M001M","Indisponibilidade","Atrasado","10:29","11:25","00:56","0,116666625","PARCIAL","LIGAÇÃO NOVA","São Joao dos Patos","< 2h"
"GSTC","21/1/2026","MA-LDM-M001M","Indisponibilidade","Interjornada","08:00","10:28","02:28","0,30833325","PARCIAL","LIGAÇÃO NOVA","São Joao dos Patos","2 a 4h"
"GSTC","3/5/2026","MA-LDM-M001M","Indisponibilidade","Outros","12:22","20:22","08:00","1","PARCIAL","LIGAÇÃO NOVA","São Joao dos Patos","> 6h"
"GSTC","22/4/2026","MA-BBV-E001M","Indisponibilidade","Atrasado","10:11","11:51","01:40","0,20833325","PARCIAL","PLANTÃO","São Joao dos Patos","< 2h"
"GSTC","11/8/2026","MA-COL-E002M","Indisponibilidade","Eletricista em treinamento","08:05","10:28","02:23","0,297916625","PARCIAL","PLANTÃO","São Joao dos Patos","2 a 4h"
"GSTC","12/8/2026","MA-BBV-E001M","Indisponibilidade","Eletricista em treinamento","09:34","13:35","04:01","0,50208325","PARCIAL","PLANTÃO","São Joao dos Patos","4 a 6h"
"GSTC","6/2/2026","MA-COL-C001M","Indisponibilidade","Interjornada","08:00","10:37","02:37","0,32708325","PARCIAL","CORTE E RELIGAÇÃO","São Joao dos Patos","2 a 4h"
"GSTC","25/2/2026","MA-MRD-E001M","Indisponibilidade","Interjornada","11:53","11:53","00:00","0","PARCIAL","PLANTÃO","São Joao dos Patos","< 2h"
"GSTC","21/8/2026","MA-BBV-E001M","Indisponibilidade","Problemas mecânicos","13:58","16:49","02:51","0,35625","PARCIAL","PLANTÃO","São Joao dos Patos","2 a 4h"
"GSTC","3/3/2026","MA-LDM-M001M","Indisponibilidade","Problemas mecânicos","08:00","16:00","08:00","1","PARCIAL","LIGAÇÃO NOVA","São Joao dos Patos","> 6h"
"GSTC","15/7/2026","MA-LDM-M001M","Indisponibilidade","Atrasado","08:00","13:11","05:11","0,647916625","PARCIAL","LIGAÇÃO NOVA","São Joao dos Patos","4 a 6h"
"GSTC","25/4/2026","MA-BBV-E001M","Indisponibilidade","Atrasado","07:45","08:55","01:10","0,14583325","PARCIAL","PLANTÃO","São Joao dos Patos","< 2h"
"GSTC","30/6/2026","MA-COL-E002M","Indisponibilidade","Problemas mecânicos","07:28","18:50","11:22","1","TOTAL","PLANTÃO","São Joao dos Patos","> 6h"
"GSTC","1/7/2026","MA-BBV-E001M","Indisponibilidade","Problemas mecânicos","08:01","10:20","02:19","0,28958325","PARCIAL","PLANTÃO","São Joao dos Patos","2 a 4h"
"GSTC","12/8/2026","MA-COL-E001M","Indisponibilidade","Eletricista em treinamento","09:31","10:55","01:24","0,175","PARCIAL","PLANTÃO","São Joao dos Patos","< 2h"
"GSTC","21/6/2026","MA-BBV-E001T","Indisponibilidade","Problemas mecânicos","19:29","22:49","03:20","0,416666625","PARCIAL","PLANTÃO","São Joao dos Patos","2 a 4h"
"GSTC","15/5/2026","MA-COL-E002M","Indisponibilidade","Interjornada","08:00","11:36","03:36","0,45","PARCIAL","PLANTÃO","São Joao dos Patos","2 a 4h"
"GSTC","24/9/2026","MA-COL-E002M","Indisponibilidade","Problemas mecânicos","11:04","18:00","06:56","0,866666625","PARCIAL","PLANTÃO","São Joao dos Patos","> 6h"
"GEOM","30/6/2026","MA-TMO-V003M","Indisponibilidade","Interjornada","08:17","13:31","05:14","0,654166625","PARCIAL","LINHA MORTA","Timon","4 a 6h"
"GEOM","3/8/2026","MA-TMO-V003M","Indisponibilidade","Interjornada","08:41","16:41","08:00","1","TOTAL","LINHA MORTA","Timon","> 6h"
"GEOM","8/9/2026","MA-TMO-O003M","Indisponibilidade","Problemas mecânicos","08:00","18:00","10:00","1","TOTAL","LINHA MORTA","Timon","> 6h"
"GEOM","10/9/2026","MA-TMO-O003M","Indisponibilidade","Outros","08:00","09:52","01:52","0,23333325","TOTAL","LINHA MORTA","Timon","< 2h"
"GEOM","13/5/2026","MA-TMO-V003M","Indisponibilidade","Interjornada","08:09","12:09","04:00","0,5","PARCIAL","LINHA MORTA","Timon","4 a 6h"
"GEOM","6/7/2026","MA-TMO-V003M","Indisponibilidade","Problemas mecânicos","08:12","12:12","04:00","0,5","TOTAL","LINHA MORTA","Timon","4 a 6h"
"GEOM","9/7/2026","MA-TMO-O001M","Indisponibilidade","Problemas mecânicos","09:26","13:26","04:00","0,5","PARCIAL","LINHA MORTA","Timon","4 a 6h"
"GEOM","9/7/2026","MA-TMO-O003M","Indisponibilidade","Problemas mecânicos","09:26","13:26","04:00","0,5","PARCIAL","LINHA MORTA","Timon","4 a 6h"
"GEOM","23/2/2026","MA-TMO-O003M","Indisponibilidade","","08:27","18:44","10:17","1","TOTAL","LINHA MORTA","Timon","> 6h"
"GEOM","29/9/2026","MA-TMO-O003M","Indisponibilidade","Problemas mecânicos","08:00","18:00","10:00","1","TOTAL","LINHA MORTA","Timon","> 6h"
"GEOM","31/8/2026","MA-TMO-O001M","Indisponibilidade","Blitz de segurança","10:07","10:07","00:00","0","TOTAL","LINHA MORTA","Timon","< 2h"
"GEOM","31/8/2026","MA-TMO-O001M","Indisponibilidade","Blitz de segurança","10:15","19:15","09:00","1","TOTAL","LINHA MORTA","Timon","> 6h"
"GEOM","31/8/2026","MA-TMO-O003M","Indisponibilidade","Folga não registrada no calendário","08:00","18:00","10:00","1","TOTAL","LINHA MORTA","Timon","> 6h"
"GEOM","1/9/2026","MA-TMO-O001M","Indisponibilidade","Problemas mecânicos","08:00","14:00","06:00","0,75","PARCIAL","LINHA MORTA","Timon","> 6h"
"GEOM","15/6/2026","MA-TMO-O001M","Indisponibilidade","Problemas mecânicos","08:31","18:00","09:29","1","TOTAL","LINHA MORTA","Timon","> 6h"
"GEOM","22/6/2026","MA-TMO-V003M","Indisponibilidade","Problemas mecânicos","08:31","16:31","08:00","1","TOTAL","LINHA MORTA","Timon","> 6h"
"GEOM","18/9/2026","MA-TMO-O003M","Indisponibilidade","Problemas mecânicos","08:00","18:00","10:00","1","TOTAL","LINHA MORTA","Timon","> 6h"
"GEOM","19/8/2026","MA-TMO-V003M","Indisponibilidade","Problemas mecânicos","08:33","08:52","00:19","0,03958325","PARCIAL","LINHA MORTA","Timon","< 2h"
"GEOM","19/8/2026","MA-TMO-V003M","Indisponibilidade","Problemas mecânicos","08:52","18:02","09:10","1","PARCIAL","LINHA MORTA","Timon","> 6h"
"GSTC","22/6/2026","MA-TMO-F001M","Indisponibilidade","Eletricista com problema particular","08:00","14:01","06:01","0,75208325","PARCIAL","INSPEÇÃO","Timon","> 6h"
"GSTC","17/6/2026","MA-TMO-F014M","Indisponibilidade","Problemas mecânicos","08:00","10:00","02:00","0,25","TOTAL","INSPEÇÃO","Timon","2 a 4h"
"GSTC","7/8/2026","MA-TMO-F014M","Indisponibilidade","Eletricista com problema particular","08:00","18:00","10:00","1","TOTAL","INSPEÇÃO","Timon","> 6h"
"GSTC","12/5/2026","MA-TMO-F006M","Indisponibilidade","Eletricista com problema particular","08:00","18:00","10:00","1","TOTAL","INSPEÇÃO","Timon","> 6h"
"GSTC","3/3/2026","MA-TMO-F014M","Indisponibilidade","Problemas mecânicos","08:00","18:00","10:00","1","TOTAL","INSPEÇÃO","Timon","> 6h"
"GSTC","2/10/2026","MA-TMO-F005M","Indisponibilidade","Eletricista com problema particular","08:00","18:00","10:00","1","TOTAL","INSPEÇÃO","Timon","> 6h"
"GSTC","18/9/2026","MA-TMO-F002M","Indisponibilidade","Eletricista com problema particular","08:00","15:01","07:01","0,87708325","PARCIAL","INSPEÇÃO","Timon","> 6h"
"GSTC","25/3/2026","MA-TMO-F012M","Indisponibilidade","Problemas mecânicos","08:00","18:00","10:00","1","TOTAL","INSPEÇÃO","Timon","> 6h"
"GSTC","2/4/2026","MA-TMO-F013M","Indisponibilidade","Folga não registrada no calendário","08:00","18:00","10:00","1","TOTAL","INSPEÇÃO","Timon","> 6h"
"GSTC","1/9/2026","MA-TMO-F012M","Indisponibilidade","Eletricista com problema particular","08:00","18:00","10:00","1","TOTAL","INSPEÇÃO","Timon","> 6h"
"GSTC","15/5/2026","MA-TMO-F003M","Indisponibilidade","Eletricista de atestado","08:00","18:00","10:00","1","TOTAL","INSPEÇÃO","Timon","> 6h"
"GSTC","29/5/2026","MA-TMO-F013M","Indisponibilidade","Eletricista com problema particular","08:00","14:55","06:55","0,86458325","PARCIAL","INSPEÇÃO","Timon","> 6h"
"GSTC","23/6/2026","MA-TMO-F010M","Indisponibilidade","Eletricista com problema particular","08:00","15:41","07:41","0,960416625","PARCIAL","INSPEÇÃO","Timon","> 6h"
"GSTC","10/8/2026","MA-TMO-F007M","Indisponibilidade","Eletricista com problema particular","08:00","18:00","10:00","1","TOTAL","INSPEÇÃO","Timon","> 6h"
"GSTC","10/8/2026","MA-TMO-F012M","Indisponibilidade","Eletricista com problema particular","08:00","18:00","10:00","1","TOTAL","INSPEÇÃO","Timon","> 6h"
"GSTC","22/6/2026","MA-TMO-F010M","Indisponibilidade","Eletricista com problema particular","08:00","18:00","10:00","1","TOTAL","INSPEÇÃO","Timon","> 6h"
"GSTC","26/6/2026","MA-TMO-F007M","Indisponibilidade","Eletricista com problema particular","08:00","18:00","10:00","1","TOTAL","INSPEÇÃO","Timon","> 6h"
"GSTC","11/5/2026","MA-TMO-F006M","Indisponibilidade","Eletricista com problema particular","08:00","16:38","08:38","1","TOTAL","INSPEÇÃO","Timon","> 6h"
"GEOM","21/8/2026","MA-TMO-V003M","Indisponibilidade","Problemas mecânicos","08:47","18:02","09:15","1","TOTAL","LINHA MORTA","Timon","> 6h"
"GEOM","24/9/2026","MA-TMO-V003M","Indisponibilidade","Problemas mecânicos","08:00","09:23","01:23","0,172916625","PARCIAL","LINHA MORTA","Timon","< 2h"
"GEOM","29/6/2026","MA-TMO-V003M","Indisponibilidade","Interjornada","08:25","08:10","23:45","1","TOTAL","LINHA MORTA","Timon","> 6h"
"GEOM","21/9/2026","MA-TMO-V003M","Indisponibilidade","Problemas mecânicos","08:00","18:00","10:00","1","TOTAL","LINHA MORTA","Timon","> 6h"
"GEOM","5/9/2026","MA-TMO-O003M","Indisponibilidade","Problemas mecânicos","08:00","18:00","10:00","1","TOTAL","LINHA MORTA","Timon","> 6h"
"GEOM","21/7/2026","MA-TMO-V003M","Indisponibilidade","Interjornada","11:06","19:06","08:00","1","TOTAL","LINHA MORTA","Timon","> 6h"
"GEOM","26/5/2026","MA-TMO-O001M","Indisponibilidade","Interjornada","14:24","14:24","00:00","0","TOTAL","LINHA MORTA","Timon","< 2h"
"GEOM","30/9/2026","MA-TMO-O003M","Indisponibilidade","Problemas mecânicos","08:00","18:00","10:00","1","TOTAL","LINHA MORTA","Timon","> 6h"
"GEOM","6/10/2026","MA-TMO-V003M","Indisponibilidade","Problemas mecânicos","08:00","18:00","10:00","1","TOTAL","LINHA MORTA","Timon","> 6h"
"GEOM","14/7/2026","MA-TMO-O003M","Indisponibilidade","Problemas mecânicos","08:27","16:27","08:00","1","TOTAL","LINHA MORTA","Timon","> 6h"
"GEOM","17/9/2026","MA-TMO-O003M","Indisponibilidade","Problemas mecânicos","08:00","17:00","09:00","1","TOTAL","LINHA MORTA","Timon","> 6h"
"GEOM","28/4/2026","MA-TMO-O003M","Indisponibilidade","Interjornada","09:34","14:16","04:42","0,5875","TOTAL","LINHA MORTA","Timon","4 a 6h"
"GEOM","28/4/2026","MA-TMO-O003M","Indisponibilidade","Problemas mecânicos","14:16","17:16","03:00","0,375","TOTAL","LINHA MORTA","Timon","2 a 4h"
"GEOM","2/2/2026","MA-TMO-O003M","Indisponibilidade","","08:00","14:00","06:00","0,75","TOTAL","LINHA MORTA","Timon","> 6h"
"GEOM","20/1/2026","MA-TMO-O001M","Indisponibilidade","","08:00","14:00","06:00","0,75","PARCIAL","LINHA MORTA","Timon","> 6h"
"GEOM","1/10/2026","MA-TMO-O003M","Indisponibilidade","Problemas mecânicos","08:00","18:00","10:00","1","TOTAL","LINHA MORTA","Timon","> 6h"
"GEOM","6/10/2026","MA-TMO-O001M","Indisponibilidade","Problemas mecânicos","08:00","08:00","00:00","0","PARCIAL","LINHA MORTA","Timon","< 2h"
"GEOM","10/2/2026","MA-TMO-V003M","Indisponibilidade","","08:21","19:21","11:00","1","TOTAL","LINHA MORTA","Timon","> 6h"
"GEOM","18/3/2026","MA-TMO-O001M","Indisponibilidade","Interjornada","10:55","13:55","03:00","0,375","TOTAL","LINHA MORTA","Timon","2 a 4h"
"GSTC","25/6/2026","MA-BBV-E001M","Indisponibilidade","Atrasado","08:55","08:56","00:01","0,00208325","PARCIAL","PLANTÃO","São Joao dos Patos","< 2h"
"GSTC","13/2/2026","MA-BBV-E001M","Indisponibilidade","Problemas mecânicos","08:00","10:08","02:08","0,266666625","PARCIAL","PLANTÃO","São Joao dos Patos","2 a 4h"
"GSTC","10/3/2026","MA-LDM-M001M","Indisponibilidade","Atrasado","08:51","11:32","02:41","0,335416625","PARCIAL","LIGAÇÃO NOVA","São Joao dos Patos","2 a 4h"
"GSTC","28/4/2026","MA-LDM-M001M","Indisponibilidade","Atrasado","11:08","11:23","00:15","0,03125","PARCIAL","LIGAÇÃO NOVA","São Joao dos Patos","< 2h"
"GSTC","3/6/2026","MA-LDM-M001M","Indisponibilidade","Atrasado","16:00","17:28","01:28","0,18333325","TOTAL","LIGAÇÃO NOVA","São Joao dos Patos","< 2h"
"GSTC","3/6/2026","MA-LDM-M001M","Indisponibilidade","Atrasado","17:29","18:00","00:31","0,06458325","TOTAL","LIGAÇÃO NOVA","São Joao dos Patos","< 2h"
"GSTC","3/6/2026","MA-LDM-M001M","Indisponibilidade","Eletricista em treinamento","08:07","16:00","07:53","0,985416625","TOTAL","LIGAÇÃO NOVA","São Joao dos Patos","> 6h"
"GSTC","7/8/2026","MA-LDM-M001M","Indisponibilidade","Interjornada","10:34","20:34","10:00","1","PARCIAL","LIGAÇÃO NOVA","São Joao dos Patos","> 6h"
"GSTC","11/9/2026","MA-LDM-M001M","Indisponibilidade","Outros","17:37","17:38","00:01","0,00208325","PARCIAL","LIGAÇÃO NOVA","São Joao dos Patos","< 2h"
"GSTC","25/9/2026","MA-LDM-M001M","Indisponibilidade","Interjornada","08:00","13:47","05:47","0,722916625","PARCIAL","LIGAÇÃO NOVA","São Joao dos Patos","4 a 6h"
"GSTC","12/1/2026","MA-COL-E001M","Indisponibilidade","Problemas mecânicos","08:00","12:17","04:17","0,535416625","PARCIAL","PLANTÃO","São Joao dos Patos","4 a 6h"
"GSTC","29/1/2026","MA-MRD-E001M","Indisponibilidade","Problemas mecânicos","16:27","17:14","00:47","0,097916625","PARCIAL","PLANTÃO","São Joao dos Patos","< 2h"
"GSTC","12/8/2026","MA-COL-E002M","Indisponibilidade","Problemas mecânicos","08:00","08:01","00:01","0,00208325","PARCIAL","PLANTÃO","São Joao dos Patos","< 2h"
"GSTC","11/3/2026","MA-MRD-E001M","Indisponibilidade","Interjornada","08:00","08:58","00:58","0,12083325","PARCIAL","PLANTÃO","São Joao dos Patos","< 2h"
"GSTC","20/5/2026","MA-COL-E002M","Indisponibilidade","Interjornada","08:00","10:11","02:11","0,272916625","PARCIAL","PLANTÃO","São Joao dos Patos","2 a 4h"
"GSTC","22/1/2026","MA-BBV-E001M","Indisponibilidade","CHECKLIST","07:49","08:03","00:14","0,029166625","PARCIAL","PLANTÃO","São Joao dos Patos","< 2h"
"GSTC","29/1/2026","MA-COL-E001M","Indisponibilidade","Problemas mecânicos","08:00","17:24","09:24","1","TOTAL","PLANTÃO","São Joao dos Patos","> 6h"
"GSTC","12/8/2026","MA-COL-C001M","Indisponibilidade","Eletricista em treinamento","08:00","08:01","00:01","0,00208325","PARCIAL","CORTE E RELIGAÇÃO","São Joao dos Patos","< 2h"
"GSTC","29/6/2026","MA-CAX-H001M","Indisponibilidade","Outros","09:01","10:50","01:49","0,22708325","PARCIAL","CORTE E RELIGAÇÃO","Caxias","< 2h"
"GSTC","30/6/2026","MA-CAX-H001M","Indisponibilidade","Eletricista de atestado","08:47","20:49","12:02","1","TOTAL","CORTE E RELIGAÇÃO","Caxias","> 6h"
"GSTC","16/2/2026","MA-CAX-D001M","Indisponibilidade","Problemas mecânicos","08:00","20:00","12:00","1","TOTAL","SEED MONEY","Caxias","> 6h"
"GSTC","17/2/2026","MA-CAX-D001M","Indisponibilidade","Outros","08:00","20:00","12:00","1","TOTAL","SEED MONEY","Caxias","> 6h"
"GSTC","17/2/2026","MA-CAX-E001M","Indisponibilidade","CHECKLIST","07:03","07:08","00:05","0,010416625","PARCIAL","PLANTÃO","Caxias","< 2h"
"GSTC","20/2/2026","MA-CAX-D002M","Indisponibilidade","Problemas mecânicos","10:28","22:28","12:00","1","TOTAL","SEED MONEY","Caxias","> 6h"
"GSTC","3/3/2026","MA-CAX-D001M","Indisponibilidade","Outros","09:04","21:04","12:00","1","TOTAL","SEED MONEY","Caxias","> 6h"
"GSTC","11/2/2026","MA-CAX-L001M","Indisponibilidade","Interjornada","08:00","10:29","02:29","0,310416625","PARCIAL","LIGAÇÃO NOVA","Caxias","2 a 4h"
"GSTC","12/2/2026","MA-CAX-L001M","Indisponibilidade","Problemas mecânicos","08:00","14:45","06:45","0,84375","PARCIAL","LIGAÇÃO NOVA","Caxias","> 6h"
"GSTC","14/5/2026","MA-SJS-E001M","Indisponibilidade","Problemas mecânicos","10:56","11:10","00:14","0,029166625","PARCIAL","LIGAÇÃO NOVA","Caxias","< 2h"
"GSTC","16/6/2026","MA-CAX-D001M","Indisponibilidade","Eletricista em treinamento","08:00","20:00","12:00","1","TOTAL","SEED MONEY","Caxias","> 6h"
"GSTC","13/8/2026","MA-CAX-H001M","Indisponibilidade","Problemas mecânicos","16:10","17:09","00:59","0,122916625","PARCIAL","CORTE E RELIGAÇÃO","Caxias","< 2h"
"GSTC","1/2/2026","MA-CAX-M002M","Indisponibilidade","Eletricista de atestado","09:31","19:31","10:00","1","TOTAL","PLANTÃO","Caxias","> 6h"
"GSTC","4/2/2026","MA-CAX-D001M","Indisponibilidade","Problemas mecânicos","08:00","16:00","08:00","1","TOTAL","SEED MONEY","Caxias","> 6h"
"GSTC","6/2/2026","MA-CAX-M003M","Indisponibilidade","Interjornada","08:06","10:40","02:34","0,32083325","PARCIAL","PLANTÃO","Caxias","2 a 4h"
"GSTC","24/2/2026","MA-CAX-M003M","Indisponibilidade","CHECKLIST","07:39","07:40","00:01","0,00208325","PARCIAL","PLANTÃO","Caxias","< 2h"
"GSTC","29/5/2026","MA-CAX-D001M","Indisponibilidade","Eletricista de atestado","07:49","19:49","12:00","1","PARCIAL","SEED MONEY","Caxias","> 6h"
"GSTC","22/9/2026","MA-CAX-E001T","Indisponibilidade","Problemas mecânicos","17:30","17:48","00:18","0,0375","PARCIAL","PLANTÃO","Caxias","< 2h"
"GSTC","24/3/2026","MA-CAX-E001T","Indisponibilidade","CHECKLIST","16:05","16:06","00:01","0,00208325","PARCIAL","PLANTÃO","Caxias","< 2h"
"GEOM","16/3/2026","MA-CHA-O001M","Indisponibilidade","Problemas mecânicos","08:00","12:24","04:24","0,55","PARCIAL","LINHA MORTA","Chapadinha","4 a 6h"
"GEOM","11/3/2026","MA-CHA-O002M","Indisponibilidade","Interjornada","08:04","16:28","08:24","1","TOTAL","LINHA MORTA","Chapadinha","> 6h"
"GEOM","12/3/2026","MA-CHA-O002M","Indisponibilidade","Interjornada","08:00","18:06","10:06","1","TOTAL","LINHA MORTA","Chapadinha","> 6h"
"GEOM","24/4/2026","MA-CHA-O003M","Indisponibilidade","Problemas mecânicos","08:00","11:08","03:08","0,391666625","PARCIAL","LINHA MORTA","Chapadinha","2 a 4h"
"GEOM","16/1/2026","MA-CHA-O003M","Indisponibilidade","","09:36","12:04","02:28","0,30833325","TOTAL","LINHA MORTA","Chapadinha","2 a 4h"
"GEOM","16/1/2026","MA-CHA-O003M","Indisponibilidade","","13:48","17:56","04:08","0,516666625","TOTAL","LINHA MORTA","Chapadinha","4 a 6h"
"GEOM","28/1/2026","MA-CHA-V002M","Indisponibilidade","","08:00","18:00","10:00","1","PARCIAL","LINHA MORTA","Chapadinha","> 6h"
"GEOM","8/3/2026","MA-CHA-V002M","Indisponibilidade","CHECKLIST","15:59","23:59","08:00","1","PARCIAL","LINHA MORTA","Chapadinha","> 6h"
"GEOM","9/3/2026","MA-CHA-V002M","Indisponibilidade","Interjornada","08:26","12:26","04:00","0,5","PARCIAL","LINHA MORTA","Chapadinha","4 a 6h"
"GEOM","17/3/2026","MA-CHA-O003M","Indisponibilidade","Interjornada","08:00","12:01","04:01","0,50208325","PARCIAL","LINHA MORTA","Chapadinha","4 a 6h"
"GEOM","16/7/2026","MA-CHA-O003M","Indisponibilidade","CHECKLIST","07:45","08:17","00:32","0,066666625","PARCIAL","LINHA MORTA","Chapadinha","< 2h"
"GEOM","16/7/2026","MA-CHA-O003M","Indisponibilidade","CHECKLIST","09:04","09:04","00:00","0","PARCIAL","LINHA MORTA","Chapadinha","< 2h"
"GEOM","16/7/2026","MA-CHA-O003M","Indisponibilidade","CHECKLIST","09:09","09:10","00:01","0,00208325","PARCIAL","LINHA MORTA","Chapadinha","< 2h"
"GEOM","16/7/2026","MA-CHA-O003M","Indisponibilidade","CHECKLIST","09:19","09:26","00:07","0,01458325","PARCIAL","LINHA MORTA","Chapadinha","< 2h"
"GEOM","16/7/2026","MA-CHA-O003M","Indisponibilidade","CHECKLIST","15:34","15:37","00:03","0,00625","PARCIAL","LINHA MORTA","Chapadinha","< 2h"
"GEOM","16/7/2026","MA-CHA-O003M","Indisponibilidade","CHECKLIST","15:38","15:45","00:07","0,01458325","PARCIAL","LINHA MORTA","Chapadinha","< 2h"
"GEOM","20/8/2026","MA-CHA-O002M","Indisponibilidade","Interjornada","07:30","13:34","06:04","0,75833325","PARCIAL","LINHA MORTA","Chapadinha","> 6h"
"GEOM","23/9/2026","MA-CHA-O002M","Indisponibilidade","Interjornada","07:35","07:35","00:00","0","PARCIAL","LINHA MORTA","Chapadinha","< 2h"
"GEOM","23/9/2026","MA-CHA-O002M","Indisponibilidade","Interjornada","07:35","11:27","03:52","0,48333325","PARCIAL","LINHA MORTA","Chapadinha","2 a 4h"
"GSTC","23/7/2026","MA-CHA-C003M","Indisponibilidade","Eletricista em treinamento","10:49","15:11","04:22","0,54583325","PARCIAL","CORTE E RELIGAÇÃO","Chapadinha","4 a 6h"
"GSTC","18/9/2026","MA-CHA-D002M","Indisponibilidade","Problemas mecânicos","08:43","08:57","00:14","0,029166625","PARCIAL","SEED MONEY","Chapadinha","< 2h"
"GSTC","23/9/2026","MA-UBS-M002M","Indisponibilidade","Problemas mecânicos","07:40","17:40","10:00","1","TOTAL","LIGAÇÃO NOVA","Chapadinha","> 6h"
"GSTC","26/8/2026","MA-CHA-D001M","Indisponibilidade","Eletricista de atestado","19:15","19:15","00:00","0","PARCIAL","SEED MONEY","Chapadinha","< 2h"
"GSTC","1/9/2026","MA-CHA-M002M","Indisponibilidade","Atrasado","14:30","15:50","01:20","0,166666625","PARCIAL","PLANTÃO","Chapadinha","< 2h"
"GSTC","2/9/2026","MA-CHA-C002M","Indisponibilidade","Eletricista em treinamento","08:00","12:11","04:11","0,522916625","PARCIAL","CORTE E RELIGAÇÃO","Chapadinha","4 a 6h"
"GSTC","2/9/2026","MA-CHA-C002M","Indisponibilidade","Atrasado","14:00","15:13","01:13","0,15208325","PARCIAL","CORTE E RELIGAÇÃO","Chapadinha","< 2h"
"GSTC","4/9/2026","MA-ANA-M001M","Indisponibilidade","CHECKLIST","08:30","08:41","00:11","0,022916625","PARCIAL","LIGAÇÃO NOVA","Chapadinha","< 2h"
"GSTC","5/9/2026","MA-CHA-L001M","Indisponibilidade","Eletricista de atestado","15:39","18:00","02:21","0,29375","PARCIAL","LIGAÇÃO NOVA","Chapadinha","2 a 4h"
"GSTC","6/9/2026","MA-CHA-E001M","Indisponibilidade","Eletricista de atestado","08:11","16:11","08:00","1","TOTAL","PLANTÃO","Chapadinha","> 6h"
"GSTC","10/7/2026","MA-CHA-D002M","Indisponibilidade","Problemas mecânicos","08:39","18:39","10:00","1","TOTAL","SEED MONEY","Chapadinha","> 6h"
"GSTC","17/6/2026","MA-CHA-L001M","Indisponibilidade","Outros","08:26","09:01","00:35","0,072916625","PARCIAL","LIGAÇÃO NOVA","Chapadinha","< 2h"
"GSTC","16/9/2026","MA-CHA-H001M","Indisponibilidade","Outros","08:47","16:47","08:00","1","TOTAL","CORTE E RELIGAÇÃO","Chapadinha","> 6h"
"GSTC","10/6/2026","MA-CHA-H001M","Indisponibilidade","Outros","09:27","19:27","10:00","1","PARCIAL","CORTE E RELIGAÇÃO","Chapadinha","> 6h"
"GSTC","5/7/2026","MA-UBS-M002M","Indisponibilidade","Eletricista com problema particular","09:21","19:21","10:00","1","TOTAL","LIGAÇÃO NOVA","Chapadinha","> 6h"
"GSTC","21/8/2026","MA-UBS-M002M","Indisponibilidade","Interjornada","07:57","17:57","10:00","1","PARCIAL","LIGAÇÃO NOVA","Chapadinha","> 6h"
"GSTC","12/6/2026","MA-UBS-M002M","Indisponibilidade","Interjornada","07:51","10:52","03:01","0,37708325","PARCIAL","LIGAÇÃO NOVA","Chapadinha","2 a 4h"
"GSTC","29/6/2026","MA-CHA-H001M","Indisponibilidade","Eletricista de atestado","07:55","17:55","10:00","1","TOTAL","CORTE E RELIGAÇÃO","Chapadinha","> 6h"
"GEOM","18/3/2026","MA-TMO-O003M","Indisponibilidade","Interjornada","17:00","19:00","02:00","0,25","TOTAL","LINHA MORTA","Timon","2 a 4h"
"GEOM","18/3/2026","MA-TMO-O003M","Indisponibilidade","Interjornada","14:00","17:00","03:00","0,375","TOTAL","LINHA MORTA","Timon","2 a 4h"
"GEOM","24/6/2026","MA-TMO-V003M","Indisponibilidade","Problemas mecânicos","08:21","08:23","00:02","0,004166625","PARCIAL","LINHA MORTA","Timon","< 2h"
"GEOM","24/6/2026","MA-TMO-V003M","Indisponibilidade","Interjornada","08:24","16:24","08:00","1","PARCIAL","LINHA MORTA","Timon","> 6h"
"GEOM","10/9/2026","MA-TMO-O001M","Indisponibilidade","Problemas mecânicos","14:00","18:00","04:00","0,5","PARCIAL","LINHA MORTA","Timon","4 a 6h"
"GEOM","11/9/2026","MA-TMO-V003M","Indisponibilidade","Problemas mecânicos","08:00","18:00","10:00","1","TOTAL","LINHA MORTA","Timon","> 6h"
"GEOM","15/6/2026","MA-TMO-O003M","Indisponibilidade","Problemas mecânicos","08:38","18:00","09:22","1","TOTAL","LINHA MORTA","Timon","> 6h"
"GEOM","15/7/2026","MA-TMO-O003M","Indisponibilidade","Problemas mecânicos","13:41","20:41","07:00","0,875","TOTAL","LINHA MORTA","Timon","> 6h"
"GEOM","11/8/2026","MA-TMO-O003M","Indisponibilidade","Problemas mecânicos","08:22","15:22","07:00","0,875","TOTAL","LINHA MORTA","Timon","> 6h"
"GEOM","20/8/2026","MA-TMO-O003M","Indisponibilidade","Problemas mecânicos","08:29","11:29","03:00","0,375","TOTAL","LINHA MORTA","Timon","2 a 4h"
"GEOM","18/9/2026","MA-TMO-V003M","Indisponibilidade","Interjornada","08:00","18:00","10:00","1","TOTAL","LINHA MORTA","Timon","> 6h"
"GEOM","7/7/2026","MA-TMO-V003M","Indisponibilidade","Problemas mecânicos","08:27","09:26","00:59","0,122916625","PARCIAL","LINHA MORTA","Timon","< 2h"
"GEOM","8/7/2026","MA-TMO-O001M","Indisponibilidade","Problemas mecânicos","08:41","22:12","13:31","1","TOTAL","LINHA MORTA","Timon","> 6h"
"GEOM","8/7/2026","MA-TMO-O003M","Indisponibilidade","Problemas mecânicos","08:41","16:41","08:00","1","TOTAL","LINHA MORTA","Timon","> 6h"
"GEOM","6/8/2026","MA-TMO-V003M","Indisponibilidade","Problemas mecânicos","08:19","11:34","03:15","0,40625","PARCIAL","LINHA MORTA","Timon","2 a 4h"
"GEOM","5/10/2026","MA-TMO-O001M","Indisponibilidade","Outros","08:00","18:00","10:00","1","TOTAL","LINHA MORTA","Timon","> 6h"
"GSTC","15/8/2026","MA-MTS-E001T","Indisponibilidade","Eletricista de atestado","17:25","22:46","05:21","0,66875","PARCIAL","PLANTÃO","Timon","4 a 6h"
"GSTC","24/8/2026","MA-CHA-E002M","Indisponibilidade","Eletricista de atestado","16:21","16:21","00:00","0","TOTAL","PLANTÃO","Chapadinha","< 2h"
"GSTC","10/9/2026","MA-CHA-D002M","Indisponibilidade","Eletricista em treinamento","18:00","04:00","10:00","1","TOTAL","SEED MONEY","Chapadinha","> 6h"
"GSTC","17/9/2026","MA-CHA-D001M","Indisponibilidade","Problemas mecânicos","09:54","09:56","00:02","0,004166625","PARCIAL","SEED MONEY","Chapadinha","< 2h"
"GSTC","26/8/2026","MA-ANA-M001M","Indisponibilidade","Problemas mecânicos","14:49","14:49","00:00","0","PARCIAL","LIGAÇÃO NOVA","Chapadinha","< 2h"
"GSTC","29/8/2026","MA-CHA-E001M","Indisponibilidade","CHECKLIST","07:08","07:26","00:18","0,0375","PARCIAL","PLANTÃO","Chapadinha","< 2h"
"GSTC","28/9/2026","MA-CHA-C003M","Indisponibilidade","Problemas mecânicos","15:17","15:17","00:00","0","PARCIAL","CORTE E RELIGAÇÃO","Chapadinha","< 2h"
"GSTC","5/6/2026","MA-ANA-M001M","Indisponibilidade","Eletricista em treinamento","08:03","10:15","02:12","0,275","PARCIAL","LIGAÇÃO NOVA","Chapadinha","2 a 4h"
"GSTC","13/7/2026","MA-CHA-C001M","Indisponibilidade","Problemas mecânicos","08:54","18:38","09:44","1","TOTAL","CORTE E RELIGAÇÃO","Chapadinha","> 6h"
"GSTC","22/7/2026","MA-CHA-D002M","Indisponibilidade","Problemas mecânicos","08:00","14:21","06:21","0,79375","PARCIAL","SEED MONEY","Chapadinha","> 6h"
"GSTC","24/7/2026","MA-UBS-M001M","Indisponibilidade","Problemas mecânicos","08:00","08:01","00:01","0,00208325","PARCIAL","PLANTÃO","Chapadinha","< 2h"
"GSTC","26/7/2026","MA-ANA-M001M","Indisponibilidade","Outros","08:43","18:43","10:00","1","PARCIAL","LIGAÇÃO NOVA","Chapadinha","> 6h"
"GSTC","31/8/2026","MA-CHA-M002M","Indisponibilidade","Eletricista em treinamento","09:14","09:14","00:00","0","PARCIAL","PLANTÃO","Chapadinha","< 2h"
"GSTC","31/8/2026","MA-CHA-D002M","Indisponibilidade","Eletricista em treinamento","08:14","09:22","01:08","0,141666625","PARCIAL","SEED MONEY","Chapadinha","< 2h"
"GSTC","4/9/2026","MA-CHA-C003M","Indisponibilidade","Atrasado","08:48","11:00","02:12","0,275","PARCIAL","CORTE E RELIGAÇÃO","Chapadinha","2 a 4h"
"GSTC","5/9/2026","MA-ANA-M001M","Indisponibilidade","Atrasado","14:00","16:14","02:14","0,279166625","PARCIAL","LIGAÇÃO NOVA","Chapadinha","2 a 4h"
"GSTC","11/9/2026","MA-CHA-D002M","Indisponibilidade","Atrasado","08:04","10:28","02:24","0,3","PARCIAL","SEED MONEY","Chapadinha","2 a 4h"
"GSTC","27/8/2026","MA-CHA-D001M","Indisponibilidade","Eletricista de atestado","08:17","18:43","10:26","1","PARCIAL","SEED MONEY","Chapadinha","> 6h"
"GSTC","2/9/2026","MA-CHA-M002M","Indisponibilidade","Atrasado","14:32","15:00","00:28","0,05833325","PARCIAL","PLANTÃO","Chapadinha","< 2h"
"GSTC","28/9/2026","MA-CHA-C004M","Indisponibilidade","Problemas mecânicos","08:00","18:00","10:00","1","TOTAL","CORTE E RELIGAÇÃO","Chapadinha","> 6h"
"GSTC","3/6/2026","MA-UBS-M002M","Indisponibilidade","Interjornada","08:00","14:01","06:01","0,75208325","PARCIAL","LIGAÇÃO NOVA","Chapadinha","> 6h"
"GSTC","9/7/2026","MA-CHA-D002M","Indisponibilidade","Problemas mecânicos","08:00","20:00","12:00","1","TOTAL","SEED MONEY","Chapadinha","> 6h"
"GSTC","22/7/2026","MA-CHA-D001M","Indisponibilidade","Problemas mecânicos","08:00","18:00","10:00","1","TOTAL","SEED MONEY","Chapadinha","> 6h"
"GSTC","22/7/2026","MA-UBS-M002M","Indisponibilidade","Problemas mecânicos","08:00","09:56","01:56","0,241666625","PARCIAL","LIGAÇÃO NOVA","Chapadinha","< 2h"
"GSTC","6/7/2026","MA-CHA-C001M","Indisponibilidade","Problemas mecânicos","08:53","08:54","00:01","0,00208325","PARCIAL","CORTE E RELIGAÇÃO","Chapadinha","< 2h"
"GSTC","21/6/2026","MA-CHA-E002M","Indisponibilidade","Problemas mecânicos","13:00","16:24","03:24","0,425","PARCIAL","PLANTÃO","Chapadinha","2 a 4h"
"GSTC","22/7/2026","MA-CHA-E001M","Indisponibilidade","Problemas mecânicos","10:02","10:02","00:00","0","PARCIAL","PLANTÃO","Chapadinha","< 2h"
"GSTC","30/6/2026","MA-CHA-D002M","Indisponibilidade","Eletricista de atestado","08:00","18:00","10:00","1","TOTAL","SEED MONEY","Chapadinha","> 6h"
"GSTC","8/7/2026","MA-CHA-C001M","Indisponibilidade","CHECKLIST","08:18","08:39","00:21","0,04375","PARCIAL","CORTE E RELIGAÇÃO","Chapadinha","< 2h"
"GSTC","28/7/2026","MA-CHA-D001M","Indisponibilidade","Problemas mecânicos","08:00","18:00","10:00","1","TOTAL","SEED MONEY","Chapadinha","> 6h"
"GSTC","28/7/2026","MA-UBS-M001M","Indisponibilidade","Problemas mecânicos","09:20","14:52","05:32","0,691666625","PARCIAL","PLANTÃO","Chapadinha","4 a 6h"
"GSTC","3/8/2026","MA-CHA-D002M","Indisponibilidade","Eletricista de atestado","08:00","18:00","10:00","1","TOTAL","SEED MONEY","Chapadinha","> 6h"
"GSTC","10/6/2026","MA-UBS-M002M","Indisponibilidade","Interjornada","07:54","14:16","06:22","0,79583325","PARCIAL","LIGAÇÃO NOVA","Chapadinha","> 6h"
"GSTC","10/8/2026","MA-CHA-E001M","Indisponibilidade","CHECKLIST","07:03","07:03","00:00","0","PARCIAL","PLANTÃO","Chapadinha","< 2h"
"GSTC","16/6/2026","MA-CHA-H001M","Indisponibilidade","Outros","08:29","10:26","01:57","0,24375","PARCIAL","CORTE E RELIGAÇÃO","Chapadinha","< 2h"
"GSTC","5/8/2026","MA-CHA-H001M","Indisponibilidade","Eletricista de atestado","16:07","00:07","08:00","1","TOTAL","CORTE E RELIGAÇÃO","Chapadinha","> 6h"
"GSTC","5/8/2026","MA-CHA-H001M","Indisponibilidade","CHECKLIST","07:54","09:15","01:21","0,16875","TOTAL","CORTE E RELIGAÇÃO","Chapadinha","< 2h"
"GSTC","22/6/2026","MA-TMO-F009M","Indisponibilidade","Eletricista com problema particular","08:39","17:44","09:05","1","PARCIAL","INSPEÇÃO","Timon","> 6h"
"GSTC","28/5/2026","MA-TMO-F004M","Indisponibilidade","Eletricista com problema particular","08:00","08:54","00:54","0,1125","TOTAL","INSPEÇÃO","Timon","< 2h"
"GSTC","13/7/2026","MA-TMO-F012M","Indisponibilidade","Eletricista com problema particular","08:00","18:00","10:00","1","TOTAL","INSPEÇÃO","Timon","> 6h"
"GSTC","15/6/2026","MA-TMO-F007M","Indisponibilidade","Eletricista com problema particular","09:30","18:00","08:30","1","PARCIAL","INSPEÇÃO","Timon","> 6h"
"GSTC","5/8/2026","MA-TMO-F012M","Indisponibilidade","Eletricista com problema particular","14:00","18:00","04:00","0,5","TOTAL","INSPEÇÃO","Timon","4 a 6h"
"GSTC","27/5/2026","MA-TMO-F004M","Indisponibilidade","Eletricista com problema particular","08:00","18:00","10:00","1","TOTAL","INSPEÇÃO","Timon","> 6h"
"GSTC","5/8/2026","MA-TMO-F007M","Indisponibilidade","Eletricista com problema particular","08:00","18:00","10:00","1","TOTAL","INSPEÇÃO","Timon","> 6h"
"GSTC","12/8/2026","MA-TMO-F004M","Indisponibilidade","Eletricista em treinamento","08:00","18:00","10:00","1","TOTAL","INSPEÇÃO","Timon","> 6h"
"GSTC","13/7/2026","MA-TMO-F010M","Indisponibilidade","Eletricista com problema particular","08:00","18:00","10:00","1","TOTAL","INSPEÇÃO","Timon","> 6h"
"GSTC","19/6/2026","MA-TMO-F007M","Indisponibilidade","Problemas mecânicos","08:00","18:00","10:00","1","TOTAL","INSPEÇÃO","Timon","> 6h"
"GSTC","16/1/2026","MA-BBV-E001M","Indisponibilidade","Atrasado","08:28","10:05","01:37","0,20208325","PARCIAL","PLANTÃO","São Joao dos Patos","< 2h"
"GSTC","15/7/2026","MA-MRD-E001M","Indisponibilidade","Interjornada","08:00","10:14","02:14","0,279166625","PARCIAL","PLANTÃO","São Joao dos Patos","2 a 4h"
"GSTC","31/7/2026","MA-BBV-E001M","Indisponibilidade","CHECKLIST","08:16","08:19","00:03","0,00625","PARCIAL","PLANTÃO","São Joao dos Patos","< 2h"
"GSTC","6/7/2026","MA-LDM-M001M","Indisponibilidade","Problemas mecânicos","08:00","13:33","05:33","0,69375","PARCIAL","LIGAÇÃO NOVA","São Joao dos Patos","4 a 6h"
"GSTC","24/8/2026","MA-LDM-M001M","Indisponibilidade","CHECKLIST","07:40","07:45","00:05","0,010416625","PARCIAL","LIGAÇÃO NOVA","São Joao dos Patos","< 2h"
"GSTC","8/9/2026","MA-LDM-M001M","Indisponibilidade","Atrasado","07:55","10:50","02:55","0,36458325","PARCIAL","LIGAÇÃO NOVA","São Joao dos Patos","2 a 4h"
"GSTC","16/4/2026","MA-BBV-E001M","Indisponibilidade","CHECKLIST","08:06","08:21","00:15","0,03125","PARCIAL","PLANTÃO","São Joao dos Patos","< 2h"
"GSTC","3/8/2026","MA-COL-E001M","Indisponibilidade","Problemas mecânicos","15:34","16:44","01:10","0,14583325","PARCIAL","PLANTÃO","São Joao dos Patos","< 2h"
"GSTC","9/3/2026","MA-COL-C001M","Indisponibilidade","Problemas mecânicos","08:00","09:37","01:37","0,20208325","PARCIAL","CORTE E RELIGAÇÃO","São Joao dos Patos","< 2h"
"GSTC","3/2/2026","MA-COL-C001M","Indisponibilidade","Interjornada","08:00","10:22","02:22","0,29583325","PARCIAL","CORTE E RELIGAÇÃO","São Joao dos Patos","2 a 4h"
"GSTC","11/2/2026","MA-MRD-E001M","Indisponibilidade","Interjornada","08:00","10:58","02:58","0,37083325","PARCIAL","PLANTÃO","São Joao dos Patos","2 a 4h"
"GSTC","18/2/2026","MA-COL-E001M","Indisponibilidade","CHECKLIST","07:07","07:51","00:44","0,091666625","PARCIAL","PLANTÃO","São Joao dos Patos","< 2h"
"GSTC","27/2/2026","MA-BBV-E001M","Indisponibilidade","Problemas mecânicos","08:00","15:07","07:07","0,88958325","PARCIAL","PLANTÃO","São Joao dos Patos","> 6h"
"GSTC","18/3/2026","MA-COL-E001M","Indisponibilidade","Atrasado","07:49","10:30","02:41","0,335416625","PARCIAL","PLANTÃO","São Joao dos Patos","2 a 4h"
"GSTC","15/8/2026","MA-COL-C001M","Indisponibilidade","Problemas mecânicos","07:56","09:15","01:19","0,16458325","PARCIAL","CORTE E RELIGAÇÃO","São Joao dos Patos","< 2h"
"GSTC","14/3/2026","MA-MRD-E001M","Indisponibilidade","Interjornada","08:03","10:25","02:22","0,29583325","PARCIAL","PLANTÃO","São Joao dos Patos","2 a 4h"
"GSTC","29/6/2026","MA-MRD-E001M","Indisponibilidade","Problemas mecânicos","08:00","13:49","05:49","0,72708325","PARCIAL","PLANTÃO","São Joao dos Patos","4 a 6h"
"GSTC","19/1/2026","MA-COL-E001M","Indisponibilidade","Problemas mecânicos","10:31","10:31","00:00","0","PARCIAL","PLANTÃO","São Joao dos Patos","< 2h"
"GSTC","5/8/2026","MA-BBV-E001M","Indisponibilidade","Problemas mecânicos","08:51","10:09","01:18","0,1625","PARCIAL","PLANTÃO","São Joao dos Patos","< 2h"
"GSTC","23/9/2026","MA-COL-C001M","Indisponibilidade","Atrasado","08:00","12:59","04:59","0,622916625","PARCIAL","CORTE E RELIGAÇÃO","São Joao dos Patos","4 a 6h"
"GSTC","30/3/2026","MA-BBV-E001M","Indisponibilidade","Problemas mecânicos","08:00","08:05","00:05","0,010416625","PARCIAL","PLANTÃO","São Joao dos Patos","< 2h"
"GSTC","11/3/2026","MA-LDM-M001M","Indisponibilidade","Interjornada","08:00","08:53","00:53","0,110416625","PARCIAL","LIGAÇÃO NOVA","São Joao dos Patos","< 2h"
"GSTC","30/4/2026","MA-LDM-M001M","Indisponibilidade","Problemas mecânicos","07:50","20:52","13:02","1","TOTAL","LIGAÇÃO NOVA","São Joao dos Patos","> 6h"
"GSTC","14/5/2026","MA-LDM-M001M","Indisponibilidade","Interjornada","08:00","12:45","04:45","0,59375","PARCIAL","LIGAÇÃO NOVA","São Joao dos Patos","4 a 6h"
"GSTC","21/7/2026","MA-LDM-M001M","Indisponibilidade","Interjornada","10:00","10:00","00:00","0","PARCIAL","LIGAÇÃO NOVA","São Joao dos Patos","< 2h"
"GSTC","28/9/2026","MA-COL-E002M","Indisponibilidade","Problemas mecânicos","10:04","14:59","04:55","0,61458325","PARCIAL","PLANTÃO","São Joao dos Patos","4 a 6h"
"GSTC","6/10/2026","MA-COL-E001M","Indisponibilidade","CHECKLIST","07:00","09:01","02:01","0,25208325","PARCIAL","PLANTÃO","São Joao dos Patos","2 a 4h"
"GSTC","20/1/2026","MA-LDM-M001M","Indisponibilidade","Atrasado","08:23","14:03","05:40","0,70833325","PARCIAL","LIGAÇÃO NOVA","São Joao dos Patos","4 a 6h"
"GSTC","25/3/2026","MA-LDM-M001M","Indisponibilidade","Interjornada","08:00","09:02","01:02","0,129166625","PARCIAL","LIGAÇÃO NOVA","São Joao dos Patos","< 2h"
"GSTC","2/6/2026","MA-LDM-M001M","Indisponibilidade","Interjornada","08:00","08:59","00:59","0,122916625","PARCIAL","LIGAÇÃO NOVA","São Joao dos Patos","< 2h"
"GSTC","8/8/2026","MA-LDM-M001M","Indisponibilidade","Interjornada","08:09","12:59","04:50","0,604166625","PARCIAL","LIGAÇÃO NOVA","São Joao dos Patos","4 a 6h"
"GSTC","18/4/2026","MA-BBV-E001M","Indisponibilidade","Problemas mecânicos","12:22","12:22","00:00","0","PARCIAL","PLANTÃO","São Joao dos Patos","< 2h"
"GSTC","27/8/2026","MA-MRD-E001M","Indisponibilidade","Problemas mecânicos","08:48","09:51","01:03","0,13125","PARCIAL","PLANTÃO","São Joao dos Patos","< 2h"
"GSTC","13/2/2026","MA-LDM-M001M","Indisponibilidade","Interjornada","08:00","08:49","00:49","0,10208325","PARCIAL","LIGAÇÃO NOVA","São Joao dos Patos","< 2h"
"GSTC","20/5/2026","MA-COL-C001M","Indisponibilidade","Interjornada","08:00","11:24","03:24","0,425","PARCIAL","CORTE E RELIGAÇÃO","São Joao dos Patos","2 a 4h"
"GEOM","27/1/2026","MA-CHA-O003M","Indisponibilidade","","17:19","17:19","00:00","0","TOTAL","LINHA MORTA","Chapadinha","< 2h"
"GEOM","28/1/2026","MA-CHA-O001M","Indisponibilidade","","08:00","18:00","10:00","1","PARCIAL","LINHA MORTA","Chapadinha","> 6h"
"GEOM","7/4/2026","MA-CHA-O003M","Indisponibilidade","Problemas mecânicos","08:41","11:40","02:59","0,372916625","PARCIAL","LINHA MORTA","Chapadinha","2 a 4h"
"GEOM","10/3/2026","MA-CHA-O001M","Indisponibilidade","Interjornada","08:07","12:00","03:53","0,485416625","PARCIAL","LINHA MORTA","Chapadinha","2 a 4h"
"GEOM","6/8/2026","MA-CHA-O002M","Indisponibilidade","Problemas mecânicos","07:31","17:55","10:24","1","TOTAL","LINHA MORTA","Chapadinha","> 6h"
"GSTC","23/6/2026","MA-UBS-M002M","Indisponibilidade","Problemas mecânicos","07:44","17:58","10:14","1","PARCIAL","LIGAÇÃO NOVA","Chapadinha","> 6h"
"GSTC","24/6/2026","MA-UBS-M002M","Indisponibilidade","Interjornada","08:00","12:51","04:51","0,60625","PARCIAL","LIGAÇÃO NOVA","Chapadinha","4 a 6h"
"GSTC","29/6/2026","MA-CHA-D001M","Indisponibilidade","Eletricista de atestado","08:00","10:10","02:10","0,27083325","PARCIAL","SEED MONEY","Chapadinha","2 a 4h"
"GSTC","11/9/2026","MA-ANA-M001M","Indisponibilidade","Reposição de material","08:00","09:57","01:57","0,24375","PARCIAL","LIGAÇÃO NOVA","Chapadinha","< 2h"
"GSTC","14/9/2026","MA-UBS-M001M","Indisponibilidade","Eletricista com problema particular","08:00","11:44","03:44","0,466666625","PARCIAL","PLANTÃO","Chapadinha","2 a 4h"
"GSTC","31/8/2026","MA-CHA-L001M","Indisponibilidade","Eletricista em treinamento","09:51","10:13","00:22","0,04583325","PARCIAL","LIGAÇÃO NOVA","Chapadinha","< 2h"
"GSTC","31/8/2026","MA-CHA-D001M","Indisponibilidade","Eletricista em treinamento","08:16","10:41","02:25","0,30208325","PARCIAL","SEED MONEY","Chapadinha","2 a 4h"
"GSTC","1/9/2026","MA-CHA-D001M","Indisponibilidade","Problemas mecânicos","12:26","16:52","04:26","0,554166625","PARCIAL","SEED MONEY","Chapadinha","4 a 6h"
"GSTC","5/6/2026","MA-CHA-L001M","Indisponibilidade","Eletricista em treinamento","08:00","09:24","01:24","0,175","PARCIAL","LIGAÇÃO NOVA","Chapadinha","< 2h"
"GSTC","25/7/2026","MA-UBS-M001M","Indisponibilidade","Problemas mecânicos","07:41","16:14","08:33","1","PARCIAL","PLANTÃO","Chapadinha","> 6h"
"GSTC","22/7/2026","MA-CHA-C002M","Indisponibilidade","Problemas mecânicos","08:52","14:16","05:24","0,675","PARCIAL","CORTE E RELIGAÇÃO","Chapadinha","4 a 6h"
"GSTC","24/7/2026","MA-CHA-C003M","Indisponibilidade","Problemas mecânicos","08:00","16:00","08:00","1","TOTAL","CORTE E RELIGAÇÃO","Chapadinha","> 6h"
"GSTC","2/7/2026","MA-CHA-D002M","Indisponibilidade","Problemas mecânicos","08:00","16:00","08:00","1","TOTAL","SEED MONEY","Chapadinha","> 6h"
"GSTC","3/7/2026","MA-CHA-D002M","Indisponibilidade","Problemas mecânicos","08:00","18:09","10:09","1","TOTAL","SEED MONEY","Chapadinha","> 6h"
"GSTC","21/7/2026","MA-CHA-C001M","Indisponibilidade","Atrasado","08:00","12:02","04:02","0,504166625","PARCIAL","CORTE E RELIGAÇÃO","Chapadinha","4 a 6h"
"GSTC","30/7/2026","MA-CHA-D002M","Indisponibilidade","Problemas mecânicos","08:00","16:00","08:00","1","TOTAL","SEED MONEY","Chapadinha","> 6h"
"GSTC","1/8/2026","MA-UBS-M001M","Indisponibilidade","Problemas mecânicos","08:00","16:29","08:29","1","PARCIAL","PLANTÃO","Chapadinha","> 6h"
"GSTC","31/7/2026","MA-UBS-M001M","Indisponibilidade","Problemas mecânicos","08:00","17:43","09:43","1","PARCIAL","PLANTÃO","Chapadinha","> 6h"
"GSTC","27/7/2026","MA-UBS-M001M","Indisponibilidade","Problemas mecânicos","08:00","16:13","08:13","1","PARCIAL","PLANTÃO","Chapadinha","> 6h"
"GSTC","29/7/2026","MA-CHA-D001M","Indisponibilidade","Eletricista de atestado","08:00","18:00","10:00","1","TOTAL","SEED MONEY","Chapadinha","> 6h"
"GSTC","1/8/2026","MA-CHA-D001M","Indisponibilidade","Problemas mecânicos","08:22","16:17","07:55","0,98958325","TOTAL","SEED MONEY","Chapadinha","> 6h"
"GSTC","28/7/2026","MA-CHA-D002M","Indisponibilidade","Problemas mecânicos","08:00","11:00","03:00","0,375","PARCIAL","SEED MONEY","Chapadinha","2 a 4h"
"GSTC","2/8/2026","MA-CHA-E001M","Indisponibilidade","Problemas mecânicos","09:48","11:40","01:52","0,23333325","PARCIAL","PLANTÃO","Chapadinha","< 2h"
"GSTC","3/8/2026","MA-UBS-M001M","Indisponibilidade","Problemas mecânicos","08:00","16:23","08:23","1","PARCIAL","PLANTÃO","Chapadinha","> 6h"
"GSTC","7/8/2026","MA-UBS-M002M","Indisponibilidade","Interjornada","08:00","10:10","02:10","0,27083325","PARCIAL","LIGAÇÃO NOVA","Chapadinha","2 a 4h"
"GSTC","20/7/2026","MA-CHA-L001M","Indisponibilidade","Problemas mecânicos","14:50","18:43","03:53","0,485416625","PARCIAL","LIGAÇÃO NOVA","Chapadinha","2 a 4h"
"GSTC","21/7/2026","MA-CHA-D001M","Indisponibilidade","Problemas mecânicos","08:00","18:00","10:00","1","TOTAL","SEED MONEY","Chapadinha","> 6h"
"GSTC","6/7/2026","MA-CHA-D001M","Indisponibilidade","Problemas mecânicos","09:00","10:34","01:34","0,19583325","PARCIAL","SEED MONEY","Chapadinha","< 2h"
"GSTC","27/7/2026","MA-ANA-M001M","Indisponibilidade","Problemas mecânicos","08:27","09:55","01:28","0,18333325","PARCIAL","LIGAÇÃO NOVA","Chapadinha","< 2h"
"GSTC","4/8/2026","MA-CHA-D001M","Indisponibilidade","Problemas mecânicos","09:50","15:30","05:40","0,70833325","PARCIAL","SEED MONEY","Chapadinha","4 a 6h"
"GSTC","1/8/2026","MA-CHA-D002M","Indisponibilidade","Problemas mecânicos","08:00","10:00","02:00","0,25","TOTAL","SEED MONEY","Chapadinha","2 a 4h"
"GSTC","4/8/2026","MA-CHA-D002M","Indisponibilidade","Problemas mecânicos","08:00","10:42","02:42","0,3375","PARCIAL","SEED MONEY","Chapadinha","2 a 4h"
"GSTC","12/6/2026","MA-CHA-D002M","Indisponibilidade","Outros","07:53","18:53","11:00","1","TOTAL","SEED MONEY","Chapadinha","> 6h"
"GSTC","15/6/2026","MA-CHA-D001M","Indisponibilidade","Outros","08:00","18:00","10:00","1","TOTAL","SEED MONEY","Chapadinha","> 6h"
"GSTC","15/6/2026","MA-CHA-D001M","Indisponibilidade","Outros","18:00","20:00","02:00","0,25","TOTAL","SEED MONEY","Chapadinha","2 a 4h"
"GSTC","17/6/2026","MA-ANA-M001M","Indisponibilidade","Problemas mecânicos","07:23","09:45","02:22","0,29583325","PARCIAL","LIGAÇÃO NOVA","Chapadinha","2 a 4h"
"GSTC","27/8/2026","MA-CHA-H001M","Indisponibilidade","Eletricista de atestado","09:27","17:27","08:00","1","TOTAL","CORTE E RELIGAÇÃO","Chapadinha","> 6h"
"GSTC","26/7/2026","MA-UBS-M001M","Indisponibilidade","Problemas mecânicos","08:20","15:58","07:38","0,954166625","PARCIAL","PLANTÃO","Chapadinha","> 6h"
"GSTC","18/7/2026","MA-CHA-D002M","Indisponibilidade","Problemas mecânicos","","","02:00","0,25","TOTAL","SEED MONEY","Chapadinha","2 a 4h"
"GSTC","18/7/2026","MA-CHA-D002M","Indisponibilidade","Outros","11:01","19:01","08:00","1","TOTAL","SEED MONEY","Chapadinha","> 6h"
"GSTC","14/9/2026","MA-CHA-D001M","Indisponibilidade","Problemas mecânicos","08:00","18:00","10:00","1","PARCIAL","SEED MONEY","Chapadinha","> 6h"
"GSTC","16/9/2026","MA-CHA-D001M","Indisponibilidade","Outros","09:44","10:58","01:14","0,154166625","PARCIAL","SEED MONEY","Chapadinha","< 2h"
"GSTC","21/9/2026","MA-CHA-D001M","Indisponibilidade","Problemas mecânicos","16:03","16:16","00:13","0,02708325","PARCIAL","SEED MONEY","Chapadinha","< 2h"
"GSTC","28/8/2026","MA-CHA-D002M","Indisponibilidade","Problemas mecânicos","14:16","17:06","02:50","0,354166625","PARCIAL","SEED MONEY","Chapadinha","2 a 4h"
"GSTC","5/9/2026","MA-CHA-C001M","Indisponibilidade","Atrasado","14:18","18:00","03:42","0,4625","PARCIAL","CORTE E RELIGAÇÃO","Chapadinha","2 a 4h"
"GSTC","3/6/2026","MA-CHA-C002M","Indisponibilidade","Eletricista em treinamento","08:00","09:12","01:12","0,15","PARCIAL","CORTE E RELIGAÇÃO","Chapadinha","< 2h"
"GSTC","14/7/2026","MA-CHA-M002M","Indisponibilidade","Problemas mecânicos","08:00","08:28","00:28","0,05833325","TOTAL","PLANTÃO","Chapadinha","< 2h"
"GSTC","23/7/2026","MA-CHA-D002M","Indisponibilidade","Problemas mecânicos","08:00","20:00","12:00","1","TOTAL","SEED MONEY","Chapadinha","> 6h"
"GSTC","8/7/2026","MA-CHA-C004M","Indisponibilidade","Problemas mecânicos","09:50","12:10","02:20","0,291666625","PARCIAL","CORTE E RELIGAÇÃO","Chapadinha","2 a 4h"
"GSTC","20/7/2026","MA-CHA-D002M","Indisponibilidade","Problemas mecânicos","09:32","21:32","12:00","1","TOTAL","SEED MONEY","Chapadinha","> 6h"
"GSTC","21/7/2026","MA-CHA-D002M","Indisponibilidade","Problemas mecânicos","08:00","16:00","08:00","1","TOTAL","SEED MONEY","Chapadinha","> 6h"
"GSTC","21/8/2026","MA-CHA-C004M","Indisponibilidade","CHECKLIST","07:37","08:13","00:36","0,075","PARCIAL","CORTE E RELIGAÇÃO","Chapadinha","< 2h"
"GSTC","9/9/2026","MA-CHA-D001M","Indisponibilidade","Eletricista em treinamento","08:00","18:00","10:00","1","TOTAL","SEED MONEY","Chapadinha","> 6h"
"GSTC","24/9/2026","MA-CHA-E001M","Indisponibilidade","Problemas mecânicos","10:15","12:03","01:48","0,225","PARCIAL","PLANTÃO","Chapadinha","< 2h"
"GSTC","11/9/2026","MA-CHA-C004M","Indisponibilidade","CHECKLIST","07:34","07:43","00:09","0,01875","PARCIAL","CORTE E RELIGAÇÃO","Chapadinha","< 2h"
"GSTC","27/8/2026","MA-UBS-M002M","Indisponibilidade","Interjornada","08:00","10:30","02:30","0,3125","PARCIAL","LIGAÇÃO NOVA","Chapadinha","2 a 4h"
"GSTC","29/8/2026","MA-CHA-C003M","Indisponibilidade","Atrasado","08:22","09:33","01:11","0,147916625","PARCIAL","CORTE E RELIGAÇÃO","Chapadinha","< 2h"
"GSTC","31/8/2026","MA-CHA-E001M","Indisponibilidade","Eletricista em treinamento","08:15","09:07","00:52","0,10833325","PARCIAL","PLANTÃO","Chapadinha","< 2h"
"GSTC","3/9/2026","MA-UBS-M002M","Indisponibilidade","Interjornada","07:52","09:29","01:37","0,20208325","PARCIAL","LIGAÇÃO NOVA","Chapadinha","< 2h"
"GSTC","28/9/2026","MA-UBS-M001M","Indisponibilidade","Problemas mecânicos","08:00","16:28","08:28","1","PARCIAL","PLANTÃO","Chapadinha","> 6h"
"GSTC","17/7/2026","MA-CHA-D002M","Indisponibilidade","Problemas mecânicos","09:34","19:34","10:00","1","PARCIAL","SEED MONEY","Chapadinha","> 6h"
"GSTC","24/7/2026","MA-CHA-D002M","Indisponibilidade","Problemas mecânicos","08:00","16:00","08:00","1","PARCIAL","SEED MONEY","Chapadinha","> 6h"
"GSTC","2/9/2026","MA-CHA-C004M","Indisponibilidade","Eletricista em treinamento","08:00","14:24","06:24","0,8","PARCIAL","CORTE E RELIGAÇÃO","Chapadinha","> 6h"
"GSTC","5/9/2026","MA-UBS-M002M","Indisponibilidade","Interjornada","08:00","09:42","01:42","0,2125","PARCIAL","LIGAÇÃO NOVA","Chapadinha","< 2h"
"GSTC","28/9/2026","MA-CHA-D002M","Indisponibilidade","Problemas mecânicos","08:29","13:27","04:58","0,62083325","PARCIAL","SEED MONEY","Chapadinha","4 a 6h"
"GSTC","18/8/2026","MA-CHA-L001M","Indisponibilidade","Eletricista em treinamento","08:37","09:28","00:51","0,10625","PARCIAL","LIGAÇÃO NOVA","Chapadinha","< 2h"
"GSTC","22/7/2026","MA-CHA-M002M","Indisponibilidade","Problemas mecânicos","08:00","08:05","00:05","0,010416625","PARCIAL","PLANTÃO","Chapadinha","< 2h"
"GSTC","24/7/2026","MA-UBS-M002M","Indisponibilidade","Interjornada","08:00","15:20","07:20","0,916666625","PARCIAL","LIGAÇÃO NOVA","Chapadinha","> 6h"
"GSTC","25/7/2026","MA-CHA-D001M","Indisponibilidade","Eletricista com problema particular","08:00","20:00","12:00","1","TOTAL","SEED MONEY","Chapadinha","> 6h"
"GSTC","19/7/2026","MA-ANA-M001M","Indisponibilidade","Interjornada","13:49","13:49","00:00","0","PARCIAL","LIGAÇÃO NOVA","Chapadinha","< 2h"
"GSTC","20/7/2026","MA-CHA-C003M","Indisponibilidade","Problemas mecânicos","09:23","21:23","12:00","1","TOTAL","CORTE E RELIGAÇÃO","Chapadinha","> 6h"
"GSTC","22/7/2026","MA-CHA-C003M","Indisponibilidade","CHECKLIST","08:15","09:07","00:52","0,10833325","PARCIAL","CORTE E RELIGAÇÃO","Chapadinha","< 2h"
"GSTC","31/8/2026","MA-BBV-E001M","Indisponibilidade","Eletricista em treinamento","07:46","13:46","06:00","0,75","TOTAL","PLANTÃO","São Joao dos Patos","> 6h"
"GSTC","31/1/2026","MA-LDM-M001M","Indisponibilidade","Interjornada","08:00","09:50","01:50","0,229166625","PARCIAL","LIGAÇÃO NOVA","São Joao dos Patos","< 2h"
"GSTC","25/2/2026","MA-LDM-M001M","Indisponibilidade","Interjornada","09:20","09:20","00:00","0","PARCIAL","LIGAÇÃO NOVA","São Joao dos Patos","< 2h"
"GSTC","16/6/2026","MA-LDM-M001M","Indisponibilidade","Problemas mecânicos","11:07","18:03","06:56","0,866666625","PARCIAL","LIGAÇÃO NOVA","São Joao dos Patos","> 6h"
"GSTC","25/7/2026","MA-LDM-M001M","Indisponibilidade","Interjornada","07:00","11:58","04:58","0,62083325","PARCIAL","LIGAÇÃO NOVA","São Joao dos Patos","4 a 6h"
"GSTC","19/8/2026","MA-LDM-M001M","Indisponibilidade","Problemas mecânicos","08:29","11:14","02:45","0,34375","PARCIAL","LIGAÇÃO NOVA","São Joao dos Patos","2 a 4h"
"GSTC","28/4/2026","MA-BBV-E001M","Indisponibilidade","Atrasado","12:34","17:49","05:15","0,65625","PARCIAL","PLANTÃO","São Joao dos Patos","4 a 6h"
"GSTC","27/7/2026","MA-COL-C001M","Indisponibilidade","CHECKLIST","08:28","08:35","00:07","0,01458325","PARCIAL","CORTE E RELIGAÇÃO","São Joao dos Patos","< 2h"
"GSTC","5/3/2026","MA-LDM-M001M","Indisponibilidade","Problemas mecânicos","07:56","19:56","12:00","1","TOTAL","LIGAÇÃO NOVA","São Joao dos Patos","> 6h"
"GSTC","7/3/2026","MA-LDM-M001M","Indisponibilidade","Problemas mecânicos","08:00","09:35","01:35","0,197916625","PARCIAL","LIGAÇÃO NOVA","São Joao dos Patos","< 2h"
"GSTC","17/4/2026","MA-LDM-M001M","Indisponibilidade","Problemas mecânicos","08:00","15:44","07:44","0,966666625","PARCIAL","LIGAÇÃO NOVA","São Joao dos Patos","> 6h"
"GSTC","6/3/2026","MA-COL-C001M","Indisponibilidade","Problemas mecânicos","08:00","17:03","09:03","1","PARCIAL","CORTE E RELIGAÇÃO","São Joao dos Patos","> 6h"
"GSTC","27/5/2026","MA-COL-E001M","Indisponibilidade","Atrasado","08:00","12:27","04:27","0,55625","PARCIAL","PLANTÃO","São Joao dos Patos","4 a 6h"
"GSTC","11/9/2026","MA-COL-E002M","Indisponibilidade","Outros","08:00","09:07","01:07","0,13958325","PARCIAL","PLANTÃO","São Joao dos Patos","< 2h"
"GSTC","20/3/2026","MA-LDM-M001M","Indisponibilidade","Interjornada","08:00","09:52","01:52","0,23333325","PARCIAL","LIGAÇÃO NOVA","São Joao dos Patos","< 2h"
"GSTC","31/8/2026","MA-LDM-M001M","Indisponibilidade","Eletricista em treinamento","08:00","09:05","01:05","0,135416625","PARCIAL","LIGAÇÃO NOVA","São Joao dos Patos","< 2h"
"GSTC","31/8/2026","MA-LDM-M001M","Indisponibilidade","Outros","09:09","17:02","07:53","0,985416625","PARCIAL","LIGAÇÃO NOVA","São Joao dos Patos","> 6h"
"GSTC","24/3/2026","MA-CAX-E001T","Indisponibilidade","CHECKLIST","16:17","16:28","00:11","0,022916625","PARCIAL","PLANTÃO","Caxias","< 2h"
"GSTC","26/3/2026","MA-CAX-D001M","Indisponibilidade","Outros","08:37","18:18","09:41","1","TOTAL","SEED MONEY","Caxias","> 6h"
"GSTC","6/8/2026","MA-CAX-M001M","Indisponibilidade","Outros","09:00","09:53","00:53","0,110416625","PARCIAL","LIGAÇÃO NOVA","Caxias","< 2h"
"GSTC","26/6/2026","MA-CAX-C001M","Indisponibilidade","Interjornada","10:37","10:40","00:03","0,00625","PARCIAL","CORTE E RELIGAÇÃO","Caxias","< 2h"
"GSTC","31/7/2026","MA-COL-E002M","Indisponibilidade","Interjornada","08:02","08:56","00:54","0,1125","PARCIAL","PLANTÃO","São Joao dos Patos","< 2h"
"GSTC","30/7/2026","MA-MRD-E001M","Indisponibilidade","Interjornada","08:34","09:05","00:31","0,06458325","PARCIAL","PLANTÃO","São Joao dos Patos","< 2h"
"GSTC","25/1/2026","MA-MRD-E001M","Indisponibilidade","CHECKLIST","09:00","09:02","00:02","0,004166625","PARCIAL","PLANTÃO","São Joao dos Patos","< 2h"
"GSTC","27/1/2026","MA-BBV-E001M","Indisponibilidade","Problemas mecânicos","08:00","15:17","07:17","0,910416625","PARCIAL","PLANTÃO","São Joao dos Patos","> 6h"
"GSTC","22/1/2026","MA-LDM-M001M","Indisponibilidade","Interjornada","08:00","10:03","02:03","0,25625","PARCIAL","LIGAÇÃO NOVA","São Joao dos Patos","2 a 4h"
"GSTC","28/7/2026","MA-COL-E001M","Indisponibilidade","Problemas mecânicos","07:36","17:36","10:00","1","TOTAL","PLANTÃO","São Joao dos Patos","> 6h"
"GSTC","16/7/2026","MA-LDM-M001M","Indisponibilidade","Interjornada","07:46","10:03","02:17","0,285416625","PARCIAL","LIGAÇÃO NOVA","São Joao dos Patos","2 a 4h"
"GSTC","9/1/2026","MA-BBV-E001M","Indisponibilidade","Atrasado","07:55","09:43","01:48","0,225","PARCIAL","PLANTÃO","São Joao dos Patos","< 2h"
"GSTC","11/8/2026","MA-MRD-E001M","Indisponibilidade","Eletricista em treinamento","08:00","13:17","05:17","0,660416625","PARCIAL","PLANTÃO","São Joao dos Patos","4 a 6h"
"GSTC","20/8/2026","MA-COL-E002M","Indisponibilidade","Problemas mecânicos","12:34","17:46","05:12","0,65","PARCIAL","PLANTÃO","São Joao dos Patos","4 a 6h"
"GSTC","12/9/2026","MA-COL-C001M","Indisponibilidade","Atrasado","08:15","10:27","02:12","0,275","PARCIAL","CORTE E RELIGAÇÃO","São Joao dos Patos","2 a 4h"
"GSTC","14/6/2026","MA-COL-E002M","Indisponibilidade","Interjornada","13:19","13:46","00:27","0,05625","PARCIAL","PLANTÃO","São Joao dos Patos","< 2h"
"GSTC","10/7/2026","MA-BBV-E001M","Indisponibilidade","Problemas mecânicos","08:04","11:45","03:41","0,460416625","PARCIAL","PLANTÃO","São Joao dos Patos","2 a 4h"
"GSTC","16/7/2026","MA-MRD-E001M","Indisponibilidade","Interjornada","08:00","10:07","02:07","0,26458325","PARCIAL","PLANTÃO","São Joao dos Patos","2 a 4h"
"GSTC","21/5/2026","MA-BBV-E001M","Indisponibilidade","Problemas mecânicos","08:00","11:36","03:36","0,45","PARCIAL","PLANTÃO","São Joao dos Patos","2 a 4h"
"GSTC","25/5/2026","MA-COL-C001M","Indisponibilidade","Outros","08:11","16:24","08:13","1","PARCIAL","CORTE E RELIGAÇÃO","São Joao dos Patos","> 6h"
"GSTC","5/9/2026","MA-COL-E001M","Indisponibilidade","Outros","12:34","16:41","04:07","0,51458325","PARCIAL","PLANTÃO","São Joao dos Patos","4 a 6h"
"GSTC","25/7/2026","MA-COL-E002M","Indisponibilidade","Outros","08:06","12:23","04:17","0,535416625","PARCIAL","PLANTÃO","São Joao dos Patos","4 a 6h"
"GSTC","22/7/2026","MA-CHA-C003M","Indisponibilidade","Problemas mecânicos","09:10","09:23","00:13","0,02708325","PARCIAL","CORTE E RELIGAÇÃO","Chapadinha","< 2h"
"GSTC","2/6/2026","MA-CHA-E001M","Indisponibilidade","Eletricista em treinamento","07:27","07:48","00:21","0,04375","PARCIAL","PLANTÃO","Chapadinha","< 2h"
"GSTC","3/6/2026","MA-CHA-L001M","Indisponibilidade","Eletricista em treinamento","08:00","09:26","01:26","0,179166625","PARCIAL","LIGAÇÃO NOVA","Chapadinha","< 2h"
"GSTC","12/8/2026","MA-ANA-M001M","Indisponibilidade","Problemas mecânicos","07:58","15:43","07:45","0,96875","PARCIAL","LIGAÇÃO NOVA","Chapadinha","> 6h"
"GSTC","17/6/2026","MA-CHA-H001M","Indisponibilidade","Outros","08:00","09:20","01:20","0,166666625","PARCIAL","CORTE E RELIGAÇÃO","Chapadinha","< 2h"
"GSTC","6/8/2026","MA-CHA-H001M","Indisponibilidade","Problemas mecânicos","15:22","18:00","02:38","0,329166625","PARCIAL","CORTE E RELIGAÇÃO","Chapadinha","2 a 4h"
"GSTC","7/8/2026","MA-CHA-H001M","Indisponibilidade","Eletricista de atestado","08:00","16:00","08:00","1","TOTAL","CORTE E RELIGAÇÃO","Chapadinha","> 6h"
"GSTC","26/6/2026","MA-CHA-C004M","Indisponibilidade","Problemas mecânicos","09:58","10:04","00:06","0,0125","PARCIAL","CORTE E RELIGAÇÃO","Chapadinha","< 2h"
"GSTC","26/6/2026","MA-CHA-C004M","Indisponibilidade","Outros","12:00","14:20","02:20","0,291666625","PARCIAL","CORTE E RELIGAÇÃO","Chapadinha","2 a 4h"
"GSTC","25/9/2026","MA-CHA-E001M","Indisponibilidade","Problemas mecânicos","09:20","10:25","01:05","0,135416625","PARCIAL","PLANTÃO","Chapadinha","< 2h"
"GSTC","6/7/2026","MA-CHA-D002M","Indisponibilidade","Problemas mecânicos","08:35","20:35","12:00","1","TOTAL","SEED MONEY","Chapadinha","> 6h"
"GSTC","2/6/2026","MA-CHA-L001M","Indisponibilidade","Eletricista em treinamento","07:29","09:39","02:10","0,27083325","PARCIAL","LIGAÇÃO NOVA","Chapadinha","2 a 4h"
"GSTC","31/8/2026","MA-CHA-C002M","Indisponibilidade","Eletricista em treinamento","08:12","09:31","01:19","0,16458325","PARCIAL","CORTE E RELIGAÇÃO","Chapadinha","< 2h"
"GSTC","10/7/2026","MA-CHA-M002M","Indisponibilidade","Interjornada","08:00","09:01","01:01","0,12708325","PARCIAL","PLANTÃO","Chapadinha","< 2h"
"GSTC","21/7/2026","MA-CHA-C004M","Indisponibilidade","Problemas mecânicos","14:57","18:24","03:27","0,43125","PARCIAL","CORTE E RELIGAÇÃO","Chapadinha","2 a 4h"
"GSTC","23/7/2026","MA-CHA-D001M","Indisponibilidade","Eletricista em treinamento","08:00","14:44","06:44","0,841666625","PARCIAL","SEED MONEY","Chapadinha","> 6h"
"GSTC","1/7/2026","MA-CHA-D002M","Indisponibilidade","Problemas mecânicos","08:00","18:00","10:00","1","TOTAL","SEED MONEY","Chapadinha","> 6h"
"GSTC","6/7/2026","MA-UBS-M001M","Indisponibilidade","Eletricista de atestado","08:34","10:21","01:47","0,222916625","PARCIAL","PLANTÃO","Chapadinha","< 2h"
"GSTC","6/1/2026","MA-BBV-E001M","Indisponibilidade","Problemas mecânicos","11:32","11:33","00:01","0,00208325","PARCIAL","PLANTÃO","São Joao dos Patos","< 2h"
"GSTC","5/5/2026","MA-COL-E001T","Indisponibilidade","CHECKLIST","17:17","17:34","00:17","0,035416625","PARCIAL","PLANTÃO","São Joao dos Patos","< 2h"
"GSTC","30/3/2026","MA-MRD-E001M","Indisponibilidade","Problemas mecânicos","08:00","11:04","03:04","0,38333325","PARCIAL","PLANTÃO","São Joao dos Patos","2 a 4h"
"GSTC","26/8/2026","MA-MRD-E001M","Indisponibilidade","Problemas mecânicos","16:09","18:05","01:56","0,241666625","PARCIAL","PLANTÃO","São Joao dos Patos","< 2h"
"GSTC","3/9/2026","MA-COL-E002M","Indisponibilidade","Eletricista em treinamento","07:58","11:49","03:51","0,48125","PARCIAL","PLANTÃO","São Joao dos Patos","2 a 4h"
"GSTC","6/10/2026","MA-COL-E001T","Indisponibilidade","Exame periódico","17:00","19:13","02:13","0,27708325","PARCIAL","PLANTÃO","São Joao dos Patos","2 a 4h"
"GSTC","4/3/2026","MA-LDM-M001M","Indisponibilidade","Problemas mecânicos","08:00","20:00","12:00","1","TOTAL","LIGAÇÃO NOVA","São Joao dos Patos","> 6h"
"GSTC","17/7/2026","MA-COL-E002M","Indisponibilidade","Interjornada","08:00","08:50","00:50","0,104166625","PARCIAL","PLANTÃO","São Joao dos Patos","< 2h"
"GSTC","7/4/2026","MA-MRD-E001M","Indisponibilidade","Problemas mecânicos","08:40","12:33","03:53","0,485416625","PARCIAL","PLANTÃO","São Joao dos Patos","2 a 4h"
"GSTC","7/4/2026","MA-MRD-E001M","Indisponibilidade","Problemas mecânicos","16:00","16:53","00:53","0,110416625","PARCIAL","PLANTÃO","São Joao dos Patos","< 2h"
"GSTC","1/9/2026","MA-COL-E001M","Indisponibilidade","Eletricista em treinamento","08:14","12:34","04:20","0,541666625","PARCIAL","PLANTÃO","São Joao dos Patos","4 a 6h"
"GSTC","12/8/2026","MA-MRD-E001M","Indisponibilidade","Eletricista em treinamento","08:00","08:01","00:01","0,00208325","PARCIAL","PLANTÃO","São Joao dos Patos","< 2h"
"GSTC","24/9/2026","MA-COL-E002T","Indisponibilidade","Problemas mecânicos","15:00","16:54","01:54","0,2375","PARCIAL","PLANTÃO","São Joao dos Patos","< 2h"
"GSTC","24/9/2026","MA-COL-E002T","Indisponibilidade","Problemas mecânicos","16:54","18:33","01:39","0,20625","PARCIAL","PLANTÃO","São Joao dos Patos","< 2h"
"GSTC","14/3/2026","MA-BBV-E001T","Indisponibilidade","CHECKLIST","16:42","16:47","00:05","0,010416625","PARCIAL","PLANTÃO","São Joao dos Patos","< 2h"
"GSTC","31/8/2026","MA-COL-E002M","Indisponibilidade","Eletricista em treinamento","08:00","17:59","09:59","1","PARCIAL","PLANTÃO","São Joao dos Patos","> 6h"
"GSTC","25/5/2026","MA-MRD-E001M","Indisponibilidade","Problemas mecânicos","15:28","01:28","10:00","1","TOTAL","PLANTÃO","São Joao dos Patos","> 6h"
"GSTC","3/6/2026","MA-COL-C001M","Indisponibilidade","Eletricista em treinamento","08:00","16:00","08:00","1","PARCIAL","CORTE E RELIGAÇÃO","São Joao dos Patos","> 6h"
"GSTC","8/7/2026","MA-CHA-D002M","Indisponibilidade","Problemas mecânicos","08:00","18:00","10:00","1","TOTAL","SEED MONEY","Chapadinha","> 6h"
"GSTC","27/9/2026","MA-UBS-M001M","Indisponibilidade","Problemas mecânicos","00:07","00:08","00:01","0,00208325","PARCIAL","PLANTÃO","Chapadinha","< 2h"
"GSTC","6/10/2026","MA-CHA-L001M","Indisponibilidade","Problemas mecânicos","08:00","17:05","09:05","1","PARCIAL","LIGAÇÃO NOVA","Chapadinha","> 6h"
"GSTC","5/6/2026","MA-UBS-M002M","Indisponibilidade","Problemas mecânicos","09:05","10:26","01:21","0,16875","PARCIAL","LIGAÇÃO NOVA","Chapadinha","< 2h"
"GSTC","10/8/2026","MA-CHA-D002M","Indisponibilidade","Problemas mecânicos","08:06","16:05","07:59","0,997916625","TOTAL","SEED MONEY","Chapadinha","> 6h"
"GSTC","3/9/2026","MA-CHA-H001M","Indisponibilidade","Eletricista em treinamento","08:00","10:02","02:02","0,254166625","TOTAL","CORTE E RELIGAÇÃO","Chapadinha","2 a 4h"
"GSTC","22/6/2026","MA-CHA-D001M","Indisponibilidade","Problemas mecânicos","07:55","21:25","13:30","1","TOTAL","SEED MONEY","Chapadinha","> 6h"
"GSTC","17/8/2026","MA-CHA-E002M","Indisponibilidade","Problemas mecânicos","08:16","11:09","02:53","0,360416625","PARCIAL","PLANTÃO","Chapadinha","2 a 4h"
"GSTC","10/6/2026","MA-CHA-E002M","Indisponibilidade","Problemas mecânicos","09:16","09:40","00:24","0,05","PARCIAL","PLANTÃO","Chapadinha","< 2h"
"GSTC","6/8/2026","MA-CHA-M002M","Indisponibilidade","Interjornada","08:00","09:13","01:13","0,15208325","PARCIAL","PLANTÃO","Chapadinha","< 2h"
"GSTC","6/8/2026","MA-CHA-M002M","Indisponibilidade","Outros","14:51","16:09","01:18","0,1625","PARCIAL","PLANTÃO","Chapadinha","< 2h"
"GSTC","10/8/2026","MA-CHA-C003M","Indisponibilidade","Problemas mecânicos","14:34","18:36","04:02","0,504166625","PARCIAL","CORTE E RELIGAÇÃO","Chapadinha","4 a 6h"
"GSTC","11/8/2026","MA-UBS-M001M","Indisponibilidade","Problemas mecânicos","08:19","15:33","07:14","0,904166625","PARCIAL","PLANTÃO","Chapadinha","> 6h"
"GSTC","25/9/2026","MA-CHA-H001M","Indisponibilidade","Atrasado","08:45","09:15","00:30","0,0625","TOTAL","CORTE E RELIGAÇÃO","Chapadinha","< 2h"
"GSTC","18/6/2026","MA-CHA-H001M","Indisponibilidade","Outros","08:59","20:59","12:00","1","TOTAL","CORTE E RELIGAÇÃO","Chapadinha","> 6h"
"GSTC","2/7/2026","MA-CHA-H001M","Indisponibilidade","Eletricista em treinamento","08:00","16:00","08:00","1","TOTAL","CORTE E RELIGAÇÃO","Chapadinha","> 6h"
"GSTC","25/6/2026","MA-CHA-L001M","Indisponibilidade","Problemas mecânicos","08:00","10:01","02:01","0,25208325","PARCIAL","LIGAÇÃO NOVA","Chapadinha","2 a 4h"
"GSTC","11/9/2026","MA-UBS-M002M","Indisponibilidade","Eletricista com problema particular","11:09","13:51","02:42","0,3375","PARCIAL","LIGAÇÃO NOVA","Chapadinha","2 a 4h"
"GSTC","3/6/2026","MA-COL-C001M","Indisponibilidade","Atrasado","16:00","18:00","02:00","0,25","PARCIAL","CORTE E RELIGAÇÃO","São Joao dos Patos","2 a 4h"
"GSTC","28/2/2026","MA-LDM-M001M","Indisponibilidade","Interjornada","08:00","14:00","06:00","0,75","TOTAL","LIGAÇÃO NOVA","São Joao dos Patos","> 6h"
"GSTC","14/7/2026","MA-LDM-M001M","Indisponibilidade","Atrasado","08:00","16:52","08:52","1","PARCIAL","LIGAÇÃO NOVA","São Joao dos Patos","> 6h"
"GSTC","16/9/2026","MA-LDM-M001M","Indisponibilidade","Atrasado","14:27","17:14","02:47","0,347916625","PARCIAL","LIGAÇÃO NOVA","São Joao dos Patos","2 a 4h"
"GSTC","14/8/2026","MA-COL-E001M","Indisponibilidade","Atrasado","08:00","09:04","01:04","0,13333325","PARCIAL","PLANTÃO","São Joao dos Patos","< 2h"
"GSTC","14/8/2026","MA-COL-E001M","Indisponibilidade","Problemas mecânicos","09:04","10:29","01:25","0,17708325","PARCIAL","PLANTÃO","São Joao dos Patos","< 2h"
"GSTC","13/8/2026","MA-BBV-E001M","Indisponibilidade","Eletricista em treinamento","07:54","11:07","03:13","0,40208325","PARCIAL","PLANTÃO","São Joao dos Patos","2 a 4h"
"GSTC","30/1/2026","MA-MRD-E001M","Indisponibilidade","Interjornada","10:19","10:20","00:01","0,00208325","PARCIAL","PLANTÃO","São Joao dos Patos","< 2h"
"GSTC","31/1/2026","MA-MRD-E001M","Indisponibilidade","Interjornada","09:45","09:45","00:00","0","PARCIAL","PLANTÃO","São Joao dos Patos","< 2h"
"GSTC","28/4/2026","MA-BBV-E001T","Indisponibilidade","Atrasado","16:00","18:35","02:35","0,322916625","PARCIAL","PLANTÃO","São Joao dos Patos","2 a 4h"
"GSTC","6/8/2026","MA-COL-E002M","Indisponibilidade","Eletricista em treinamento","08:00","09:27","01:27","0,18125","PARCIAL","PLANTÃO","São Joao dos Patos","< 2h"
"GSTC","11/9/2026","MA-BBV-E001M","Indisponibilidade","Outros","08:00","09:47","01:47","0,222916625","PARCIAL","PLANTÃO","São Joao dos Patos","< 2h"
"GSTC","8/8/2026","MA-BBV-E001M","Indisponibilidade","CHECKLIST","07:36","08:01","00:25","0,05208325","PARCIAL","PLANTÃO","São Joao dos Patos","< 2h"
"GSTC","6/8/2026","MA-BBV-E001M","Indisponibilidade","Eletricista em treinamento","08:00","11:17","03:17","0,410416625","PARCIAL","PLANTÃO","São Joao dos Patos","2 a 4h"
"GSTC","12/5/2026","MA-BBV-E001T","Indisponibilidade","Outros","08:00","17:04","09:04","1","PARCIAL","PLANTÃO","São Joao dos Patos","> 6h"
"GSTC","25/6/2026","MA-COL-C001M","Indisponibilidade","Eletricista de atestado","08:01","10:44","02:43","0,33958325","PARCIAL","CORTE E RELIGAÇÃO","São Joao dos Patos","2 a 4h"
"GSTC","13/8/2026","MA-COL-E001M","Indisponibilidade","Eletricista em treinamento","07:52","10:24","02:32","0,316666625","PARCIAL","PLANTÃO","São Joao dos Patos","2 a 4h"
"GSTC","22/8/2026","MA-BBV-E001M","Indisponibilidade","Problemas mecânicos","08:00","13:00","05:00","0,625","PARCIAL","PLANTÃO","São Joao dos Patos","4 a 6h"
"GSTC","11/9/2026","MA-UBS-M002M","Indisponibilidade","Interjornada","08:00","10:08","02:08","0,266666625","PARCIAL","LIGAÇÃO NOVA","Chapadinha","2 a 4h"
"GSTC","2/9/2026","MA-CHA-L001M","Indisponibilidade","Problemas mecânicos","14:00","16:24","02:24","0,3","PARCIAL","LIGAÇÃO NOVA","Chapadinha","2 a 4h"
"GSTC","4/9/2026","MA-CHA-D002M","Indisponibilidade","Problemas com EPI/EPC","09:19","15:15","05:56","0,741666625","PARCIAL","SEED MONEY","Chapadinha","4 a 6h"
"GSTC","2/6/2026","MA-CHA-H001M","Indisponibilidade","Problemas mecânicos","08:00","17:38","09:38","1","TOTAL","CORTE E RELIGAÇÃO","Chapadinha","> 6h"
"GSTC","23/7/2026","MA-CHA-H001M","Indisponibilidade","Eletricista de atestado","08:00","16:00","08:00","1","TOTAL","CORTE E RELIGAÇÃO","Chapadinha","> 6h"
"GSTC","29/9/2026","MA-CHA-H001M","Indisponibilidade","Eletricista de atestado","08:31","16:31","08:00","1","TOTAL","CORTE E RELIGAÇÃO","Chapadinha","> 6h"
"GSTC","22/6/2026","MA-UBS-M002M","Indisponibilidade","Outros","07:45","17:45","10:00","1","TOTAL","LIGAÇÃO NOVA","Chapadinha","> 6h"
"GSTC","15/8/2026","MA-CHA-E001M","Indisponibilidade","Problemas mecânicos","10:56","12:27","01:31","0,18958325","PARCIAL","PLANTÃO","Chapadinha","< 2h"
"GSTC","12/9/2026","MA-UBS-M002M","Indisponibilidade","Problemas mecânicos","08:02","18:02","10:00","1","TOTAL","LIGAÇÃO NOVA","Chapadinha","> 6h"
"GSTC","1/6/2026","MA-CHA-C003M","Indisponibilidade","Problemas mecânicos","10:07","16:20","06:13","0,77708325","PARCIAL","CORTE E RELIGAÇÃO","Chapadinha","> 6h"
"GSTC","11/8/2026","MA-CHA-D002M","Indisponibilidade","Problemas mecânicos","08:23","20:23","12:00","1","TOTAL","SEED MONEY","Chapadinha","> 6h"
"GSTC","23/6/2026","MA-CHA-C001M","Indisponibilidade","CHECKLIST","08:22","08:49","00:27","0,05625","PARCIAL","CORTE E RELIGAÇÃO","Chapadinha","< 2h"
"GSTC","29/6/2026","MA-CHA-D002M","Indisponibilidade","Problemas mecânicos","08:11","18:11","10:00","1","TOTAL","SEED MONEY","Chapadinha","> 6h"
"GSTC","25/6/2026","MA-CHA-D001M","Indisponibilidade","Interjornada","08:31","11:16","02:45","0,34375","PARCIAL","SEED MONEY","Chapadinha","2 a 4h"
"GSTC","11/6/2026","MA-UBS-M002M","Indisponibilidade","Interjornada","08:00","10:39","02:39","0,33125","PARCIAL","LIGAÇÃO NOVA","Chapadinha","2 a 4h"
"GSTC","16/6/2026","MA-CHA-D001M","Indisponibilidade","Outros","08:00","18:00","10:00","1","TOTAL","SEED MONEY","Chapadinha","> 6h"
"GSTC","8/8/2026","MA-CHA-E001M","Indisponibilidade","Problemas mecânicos","09:30","12:44","03:14","0,404166625","PARCIAL","PLANTÃO","Chapadinha","2 a 4h"
"GSTC","27/6/2026","MA-ANA-M001M","Indisponibilidade","CHECKLIST","08:32","08:33","00:01","0,00208325","PARCIAL","LIGAÇÃO NOVA","Chapadinha","< 2h"
"GSTC","11/8/2026","MA-CHA-E002M","Indisponibilidade","Problemas mecânicos","08:00","16:00","08:00","1","TOTAL","PLANTÃO","Chapadinha","> 6h"
"GSTC","18/8/2026","MA-UBS-M002M","Indisponibilidade","Interjornada","08:00","10:01","02:01","0,25208325","PARCIAL","LIGAÇÃO NOVA","Chapadinha","2 a 4h"
"GSTC","28/9/2026","MA-CHA-E002M","Indisponibilidade","Problemas mecânicos","08:00","10:26","02:26","0,304166625","PARCIAL","PLANTÃO","Chapadinha","2 a 4h"
"GSTC","19/8/2026","MA-CHA-C001M","Indisponibilidade","Eletricista em treinamento","08:15","08:30","00:15","0,03125","PARCIAL","CORTE E RELIGAÇÃO","Chapadinha","< 2h"
"GSTC","8/9/2026","MA-ANA-M001M","Indisponibilidade","Atrasado","08:16","09:45","01:29","0,185416625","PARCIAL","LIGAÇÃO NOVA","Chapadinha","< 2h"
"GSTC","12/9/2026","MA-CHA-M002M","Indisponibilidade","Atrasado","08:13","09:53","01:40","0,20833325","PARCIAL","PLANTÃO","Chapadinha","< 2h"
"GSTC","24/9/2026","MA-UBS-M001M","Indisponibilidade","Problemas mecânicos","07:00","18:00","11:00","1","TOTAL","PLANTÃO","Chapadinha","> 6h"
"GSTC","11/8/2026","MA-CHA-C003M","Indisponibilidade","Problemas mecânicos","08:18","16:04","07:46","0,97083325","PARCIAL","CORTE E RELIGAÇÃO","Chapadinha","> 6h"
"GSTC","24/6/2026","MA-CHA-L001M","Indisponibilidade","Problemas mecânicos","16:59","20:59","04:00","0,5","PARCIAL","LIGAÇÃO NOVA","Chapadinha","4 a 6h"
"GSTC","23/8/2026","MA-CHA-E002M","Indisponibilidade","Eletricista de atestado","07:54","17:54","10:00","1","TOTAL","PLANTÃO","Chapadinha","> 6h"
"GSTC","17/6/2026","MA-CHA-D001M","Indisponibilidade","Outros","08:00","18:00","10:00","1","TOTAL","SEED MONEY","Chapadinha","> 6h"
"GSTC","16/6/2026","MA-CHA-L001M","Indisponibilidade","Outros","10:10","10:10","00:00","0","PARCIAL","LIGAÇÃO NOVA","Chapadinha","< 2h"
"GSTC","19/6/2026","MA-CHA-D001M","Indisponibilidade","Outros","08:00","18:00","10:00","1","TOTAL","SEED MONEY","Chapadinha","> 6h"
"GSTC","1/6/2026","MA-CHA-C001M","Indisponibilidade","Problemas mecânicos","14:43","15:50","01:07","0,13958325","PARCIAL","CORTE E RELIGAÇÃO","Chapadinha","< 2h"
"GSTC","31/8/2026","MA-CHA-H001M","Indisponibilidade","Eletricista em treinamento","08:19","08:43","00:24","0,05","PARCIAL","CORTE E RELIGAÇÃO","Chapadinha","< 2h"
"GSTC","26/6/2026","MA-CHA-C002M","Indisponibilidade","Eletricista de atestado","14:01","14:53","00:52","0,10833325","PARCIAL","CORTE E RELIGAÇÃO","Chapadinha","< 2h"
"GSTC","31/8/2026","MA-CHA-E002M","Indisponibilidade","Eletricista em treinamento","08:18","09:12","00:54","0,1125","PARCIAL","PLANTÃO","Chapadinha","< 2h"
"GSTC","1/6/2026","MA-CHA-L001M","Indisponibilidade","CHECKLIST","10:01","10:05","00:04","0,00833325","PARCIAL","LIGAÇÃO NOVA","Chapadinha","< 2h"
"GSTC","8/9/2026","MA-UBS-M001M","Indisponibilidade","Problemas mecânicos","08:00","18:00","10:00","1","TOTAL","PLANTÃO","Chapadinha","> 6h"
"GSTC","14/9/2026","MA-CHA-M002M","Indisponibilidade","CHECKLIST","08:06","08:13","00:07","0,01458325","PARCIAL","PLANTÃO","Chapadinha","< 2h"
"GSTC","16/9/2026","MA-CHA-E001M","Indisponibilidade","Problemas mecânicos","08:00","10:58","02:58","0,37083325","PARCIAL","PLANTÃO","Chapadinha","2 a 4h"
"GSTC","26/6/2026","MA-CHA-E002M","Indisponibilidade","Problemas mecânicos","07:55","15:04","07:09","0,89375","PARCIAL","PLANTÃO","Chapadinha","> 6h"
"GSTC","19/8/2026","MA-CHA-L001M","Indisponibilidade","Eletricista em treinamento","08:22","08:22","00:00","0","PARCIAL","LIGAÇÃO NOVA","Chapadinha","< 2h"
"GSTC","21/8/2026","MA-UBS-M001M","Indisponibilidade","Interjornada","08:00","08:00","00:00","0","PARCIAL","PLANTÃO","Chapadinha","< 2h"
"GSTC","22/8/2026","MA-UBS-M002M","Indisponibilidade","CHECKLIST","09:27","12:52","03:25","0,42708325","PARCIAL","LIGAÇÃO NOVA","Chapadinha","2 a 4h"
"GSTC","10/9/2026","MA-CHA-D001M","Indisponibilidade","Eletricista em treinamento","18:00","04:00","10:00","1","TOTAL","SEED MONEY","Chapadinha","> 6h"
"GSTC","11/9/2026","MA-CHA-C001M","Indisponibilidade","Problemas mecânicos","08:00","12:00","04:00","0,5","PARCIAL","CORTE E RELIGAÇÃO","Chapadinha","4 a 6h"
"GSTC","9/9/2026","MA-CHA-D002M","Indisponibilidade","Problemas mecânicos","08:00","08:00","00:00","0","TOTAL","SEED MONEY","Chapadinha","< 2h"
"GSTC","15/5/2026","MA-COL-X200M","Indisponibilidade","CHECKLIST","16:18","16:18","00:00","0","PARCIAL","EQTL","São Joao dos Patos","< 2h"
"GSTC","15/5/2026","MA-COL-X200M","Indisponibilidade","CHECKLIST","16:20","16:21","00:01","0,00208325","PARCIAL","EQTL","São Joao dos Patos","< 2h"
"GSTC","11/8/2026","MA-COL-X200M","Indisponibilidade","CHECKLIST","06:58","06:59","00:01","0,00208325","PARCIAL","EQTL","São Joao dos Patos","< 2h"
"GSTC","18/5/2026","MA-COL-X200M","Indisponibilidade","CHECKLIST","08:13","08:47","00:34","0,07083325","PARCIAL","EQTL","São Joao dos Patos","< 2h"
"GSTC","19/5/2026","MA-COL-X200M","Indisponibilidade","CHECKLIST","14:32","16:07","01:35","0,197916625","PARCIAL","EQTL","São Joao dos Patos","< 2h"
"GSTC","14/2/2026","MA-COL-X200M","Indisponibilidade","CHECKLIST","10:30","10:30","00:00","0","PARCIAL","EQTL","São Joao dos Patos","< 2h"
"GSTC","14/2/2026","MA-COL-X200M","Indisponibilidade","CHECKLIST","10:25","10:25","00:00","0","PARCIAL","EQTL","São Joao dos Patos","< 2h"
"GSTC","24/4/2026","MA-COL-X200M","Indisponibilidade","CHECKLIST","08:28","08:32","00:04","0,00833325","PARCIAL","EQTL","São Joao dos Patos","< 2h"
"GSTC","28/4/2026","MA-COL-X200M","Indisponibilidade","CHECKLIST","08:15","08:18","00:03","0,00625","PARCIAL","EQTL","São Joao dos Patos","< 2h"
"GSTC","5/5/2026","MA-MRD-E001M","Indisponibilidade","Problemas mecânicos","11:22","17:37","06:15","0,78125","PARCIAL","PLANTÃO","São Joao dos Patos","> 6h"
"GSTC","11/9/2026","MA-MRD-E001M","Indisponibilidade","Outros","08:50","09:55","01:05","0,135416625","PARCIAL","PLANTÃO","São Joao dos Patos","< 2h"
"GSTC","13/5/2026","MA-COL-E001M","Indisponibilidade","Eletricista em treinamento","08:00","16:09","08:09","1","TOTAL","PLANTÃO","São Joao dos Patos","> 6h"
"GSTC","26/9/2026","MA-MRD-E001M","Indisponibilidade","Interjornada","08:49","10:03","01:14","0,154166625","PARCIAL","PLANTÃO","São Joao dos Patos","< 2h"
"GSTC","13/8/2026","MA-MRD-E001M","Indisponibilidade","Problemas mecânicos","07:53","08:05","00:12","0,025","PARCIAL","PLANTÃO","São Joao dos Patos","< 2h"
"GSTC","13/8/2026","MA-MRD-E001M","Indisponibilidade","Eletricista em treinamento","08:05","12:44","04:39","0,58125","PARCIAL","PLANTÃO","São Joao dos Patos","4 a 6h"
"GSTC","14/5/2026","MA-MRD-E001M","Indisponibilidade","Eletricista em treinamento","08:00","19:45","11:45","1","TOTAL","PLANTÃO","São Joao dos Patos","> 6h"
"GSTC","5/8/2026","MA-MRD-E001M","Indisponibilidade","Outros","08:00","09:47","01:47","0,222916625","PARCIAL","PLANTÃO","São Joao dos Patos","< 2h"
"GSTC","7/8/2026","MA-BBV-E001M","Indisponibilidade","Eletricista em treinamento","08:00","09:49","01:49","0,22708325","PARCIAL","PLANTÃO","São Joao dos Patos","< 2h"
"GSTC","7/8/2026","MA-COL-E002M","Indisponibilidade","Eletricista em treinamento","08:00","09:45","01:45","0,21875","PARCIAL","PLANTÃO","São Joao dos Patos","< 2h"
"GSTC","7/8/2026","MA-MRD-E001M","Indisponibilidade","Eletricista em treinamento","08:00","14:13","06:13","0,77708325","PARCIAL","PLANTÃO","São Joao dos Patos","> 6h"
"GSTC","17/2/2026","MA-LDM-M001M","Indisponibilidade","Interjornada","08:48","08:48","00:00","0","PARCIAL","LIGAÇÃO NOVA","São Joao dos Patos","< 2h"
"GSTC","13/4/2026","MA-MRD-E001M","Indisponibilidade","Atrasado","08:00","09:45","01:45","0,21875","PARCIAL","PLANTÃO","São Joao dos Patos","< 2h"
"GSTC","13/4/2026","MA-MRD-E001M","Indisponibilidade","Problemas mecânicos","09:46","16:31","06:45","0,84375","PARCIAL","PLANTÃO","São Joao dos Patos","> 6h"
"GSTC","20/4/2026","MA-BBV-E001M","Indisponibilidade","Outros","09:19","10:01","00:42","0,0875","PARCIAL","PLANTÃO","São Joao dos Patos","< 2h"
"GSTC","11/8/2026","MA-COL-C001M","Indisponibilidade","Eletricista em treinamento","08:00","10:25","02:25","0,30208325","PARCIAL","CORTE E RELIGAÇÃO","São Joao dos Patos","2 a 4h"
"GSTC","10/8/2026","MA-COL-X200M","Indisponibilidade","CHECKLIST","08:48","08:48","00:00","0","PARCIAL","EQTL","São Joao dos Patos","< 2h"
"GSTC","21/4/2026","MA-COL-X200M","Indisponibilidade","CHECKLIST","15:14","15:46","00:32","0,066666625","PARCIAL","EQTL","São Joao dos Patos","< 2h"
"GSTC","21/4/2026","MA-COL-X200M","Indisponibilidade","CHECKLIST","20:17","20:17","00:00","0","PARCIAL","EQTL","São Joao dos Patos","< 2h"
"GSTC","2/3/2026","MA-COL-X201M","Indisponibilidade","CHECKLIST","06:37","09:44","03:07","0,38958325","TOTAL","EQTL","São Joao dos Patos","2 a 4h"
"GSTC","17/7/2026","MA-COL-X200M","Indisponibilidade","CHECKLIST","08:11","08:31","00:20","0,041666625","PARCIAL","EQTL","São Joao dos Patos","< 2h"
"GSTC","9/3/2026","MA-COL-X200M","Indisponibilidade","CHECKLIST","10:11","13:46","03:35","0,447916625","PARCIAL","EQTL","São Joao dos Patos","2 a 4h"
"GSTC","21/9/2026","MA-COD-E001M","Indisponibilidade","Problemas mecânicos","10:14","10:55","00:41","0,085416625","PARCIAL","PLANTÃO","Caxias","< 2h"
"GSTC","22/9/2026","MA-COD-E001M","Indisponibilidade","Outros","10:36","11:35","00:59","0,122916625","PARCIAL","PLANTÃO","Caxias","< 2h"
"GSTC","24/9/2026","MA-TMB-E001M","Indisponibilidade","Problemas mecânicos","09:00","09:43","00:43","0,08958325","PARCIAL","PLANTÃO","Caxias","< 2h"
"GSTC","23/9/2026","MA-COD-M001M","Indisponibilidade","Interjornada","08:00","10:08","02:08","0,266666625","PARCIAL","LIGAÇÃO NOVA","Caxias","2 a 4h"
"GSTC","23/9/2026","MA-COD-M001M","Indisponibilidade","Problemas mecânicos","10:11","17:10","06:59","0,872916625","PARCIAL","LIGAÇÃO NOVA","Caxias","> 6h"
"GSTC","30/9/2026","MA-COD-M001M","Indisponibilidade","Problemas mecânicos","10:48","16:10","05:22","0,67083325","PARCIAL","LIGAÇÃO NOVA","Caxias","4 a 6h"
"GSTC","16/9/2026","MA-COD-E001M","Indisponibilidade","Outros","08:03","09:47","01:44","0,216666625","PARCIAL","PLANTÃO","Caxias","< 2h"
"GSTC","17/7/2026","MA-COD-C001M","Indisponibilidade","Interjornada","08:04","13:05","05:01","0,62708325","PARCIAL","CORTE E RELIGAÇÃO","Caxias","4 a 6h"
"GSTC","12/1/2026","MA-COD-C001M","Indisponibilidade","Outros","09:30","19:30","10:00","1","TOTAL","CORTE E RELIGAÇÃO","Caxias","> 6h"
"GSTC","16/1/2026","MA-COD-E001M","Indisponibilidade","Outros","08:00","08:24","00:24","0,05","PARCIAL","PLANTÃO","Caxias","< 2h"
"GSTC","16/7/2026","MA-COD-E002M","Indisponibilidade","CHECKLIST","08:04","08:16","00:12","0,025","PARCIAL","PLANTÃO","Caxias","< 2h"
"GSTC","2/9/2026","MA-TMB-E001M","Indisponibilidade","Problemas mecânicos","08:17","08:25","00:08","0,016666625","PARCIAL","PLANTÃO","Caxias","< 2h"
"GSTC","14/7/2026","MA-TMB-E001M","Indisponibilidade","Problemas mecânicos","08:21","18:00","09:39","1","PARCIAL","PLANTÃO","Caxias","> 6h"
"GSTC","8/7/2026","MA-COD-C001M","Indisponibilidade","Eletricista de atestado","08:47","15:32","06:45","0,84375","PARCIAL","CORTE E RELIGAÇÃO","Caxias","> 6h"
"GSTC","5/6/2026","MA-COD-C001M","Indisponibilidade","Problemas mecânicos","08:10","13:04","04:54","0,6125","PARCIAL","CORTE E RELIGAÇÃO","Caxias","4 a 6h"
"GSTC","9/7/2026","MA-COD-C001M","Indisponibilidade","Problemas mecânicos","08:20","14:33","06:13","0,77708325","PARCIAL","CORTE E RELIGAÇÃO","Caxias","> 6h"
"GSTC","20/1/2026","MA-COD-C001M","Indisponibilidade","Interjornada","08:00","12:00","04:00","0,5","PARCIAL","CORTE E RELIGAÇÃO","Caxias","4 a 6h"
"GSTC","31/7/2026","MA-TMB-E001M","Indisponibilidade","Outros","09:47","11:36","01:49","0,22708325","PARCIAL","PLANTÃO","Caxias","< 2h"
"GSTC","24/8/2026","MA-COD-M001M","Indisponibilidade","Problemas mecânicos","08:00","10:30","02:30","0,3125","PARCIAL","LIGAÇÃO NOVA","Caxias","2 a 4h"
"GSTC","25/7/2026","MA-TMB-E001M","Indisponibilidade","Eletricista de atestado","13:42","14:37","00:55","0,11458325","PARCIAL","PLANTÃO","Caxias","< 2h"
"GSTC","2/1/2026","MA-COD-M001M","Indisponibilidade","Problemas mecânicos","16:14","16:51","00:37","0,07708325","PARCIAL","LIGAÇÃO NOVA","Caxias","< 2h"
"GSTC","20/5/2026","MA-COD-E002M","Indisponibilidade","Problemas mecânicos","08:34","11:13","02:39","0,33125","PARCIAL","PLANTÃO","Caxias","2 a 4h"
"GSTC","10/1/2026","MA-COD-C001M","Indisponibilidade","Eletricista de atestado","08:00","18:00","10:00","1","TOTAL","CORTE E RELIGAÇÃO","Caxias","> 6h"
"GSTC","16/1/2026","MA-TMB-E001M","Indisponibilidade","Interjornada","08:00","11:43","03:43","0,46458325","PARCIAL","PLANTÃO","Caxias","2 a 4h"
"GSTC","24/1/2026","MA-COD-C001M","Indisponibilidade","Problemas mecânicos","08:04","12:11","04:07","0,51458325","TOTAL","CORTE E RELIGAÇÃO","Caxias","4 a 6h"
"GSTC","4/8/2026","MA-TMB-E001M","Indisponibilidade","Atrasado","08:00","08:30","00:30","0,0625","PARCIAL","PLANTÃO","Caxias","< 2h"
"GSTC","24/8/2026","MA-TMB-E001M","Indisponibilidade","Problemas mecânicos","08:00","08:39","00:39","0,08125","PARCIAL","PLANTÃO","Caxias","< 2h"
"GSTC","26/5/2026","MA-COD-E002M","Indisponibilidade","Problemas mecânicos","13:20","17:04","03:44","0,466666625","PARCIAL","PLANTÃO","Caxias","2 a 4h"
"GSTC","7/1/2026","MA-COD-M001M","Indisponibilidade","Problemas mecânicos","08:55","11:39","02:44","0,341666625","PARCIAL","LIGAÇÃO NOVA","Caxias","2 a 4h"
"GSTC","3/2/2026","MA-COD-C001M","Indisponibilidade","Eletricista de atestado","08:14","20:14","12:00","1","TOTAL","CORTE E RELIGAÇÃO","Caxias","> 6h"
"GSTC","20/2/2026","MA-COD-C001M","Indisponibilidade","Eletricista de atestado","08:51","07:43","22:52","1","TOTAL","CORTE E RELIGAÇÃO","Caxias","> 6h"
"GSTC","14/8/2026","MA-TMB-E001M","Indisponibilidade","Problemas mecânicos","09:11","09:11","00:00","0","PARCIAL","PLANTÃO","Caxias","< 2h"
"GSTC","12/9/2026","MA-COD-E001M","Indisponibilidade","Problemas mecânicos","08:02","08:58","00:56","0,116666625","PARCIAL","PLANTÃO","Caxias","< 2h"
"GSTC","24/9/2026","MA-COD-M001M","Indisponibilidade","Interjornada","08:00","12:30","04:30","0,5625","TOTAL","LIGAÇÃO NOVA","Caxias","4 a 6h"
"GSTC","24/9/2026","MA-COD-M001M","Indisponibilidade","Eletricista de atestado","15:26","20:56","05:30","0,6875","TOTAL","LIGAÇÃO NOVA","Caxias","4 a 6h"
"GSTC","12/8/2026","MA-COD-E002M","Indisponibilidade","Problemas mecânicos","08:12","08:32","00:20","0,041666625","PARCIAL","PLANTÃO","Caxias","< 2h"
"GSTC","12/8/2026","MA-COD-E002M","Indisponibilidade","Problemas mecânicos","09:19","17:15","07:56","0,991666625","PARCIAL","PLANTÃO","Caxias","> 6h"
"GSTC","9/2/2026","MA-COD-C001M","Indisponibilidade","Eletricista de atestado","08:30","17:05","08:35","1","PARCIAL","CORTE E RELIGAÇÃO","Caxias","> 6h"
"GSTC","31/1/2026","MA-COD-C001M","Indisponibilidade","Interjornada","08:00","10:13","02:13","0,27708325","PARCIAL","CORTE E RELIGAÇÃO","Caxias","2 a 4h"
"GSTC","4/2/2026","MA-COD-E001M","Indisponibilidade","Problemas mecânicos","09:49","15:31","05:42","0,7125","PARCIAL","PLANTÃO","Caxias","4 a 6h"
"GSTC","13/2/2026","MA-TMB-E001M","Indisponibilidade","Interjornada","08:00","12:35","04:35","0,572916625","PARCIAL","PLANTÃO","Caxias","4 a 6h"
"GSTC","25/2/2026","MA-COD-C001M","Indisponibilidade","Eletricista de atestado","08:35","20:35","12:00","1","TOTAL","CORTE E RELIGAÇÃO","Caxias","> 6h"
"GSTC","5/8/2026","MA-COD-M001M","Indisponibilidade","Problemas mecânicos","17:05","18:58","01:53","0,235416625","PARCIAL","LIGAÇÃO NOVA","Caxias","< 2h"
"GSTC","28/5/2026","MA-TMB-E001M","Indisponibilidade","Problemas mecânicos","09:11","18:53","09:42","1","PARCIAL","PLANTÃO","Caxias","> 6h"
"GSTC","14/7/2026","MA-COD-M001M","Indisponibilidade","CHECKLIST","07:59","08:02","00:03","0,00625","PARCIAL","LIGAÇÃO NOVA","Caxias","< 2h"
"GSTC","25/1/2026","MA-TMB-E001M","Indisponibilidade","Outros","13:32","13:33","00:01","0,00208325","PARCIAL","PLANTÃO","Caxias","< 2h"
"GSTC","9/7/2026","MA-TMB-E001M","Indisponibilidade","Problemas mecânicos","07:55","11:21","03:26","0,429166625","PARCIAL","PLANTÃO","Caxias","2 a 4h"
"GSTC","28/1/2026","MA-COD-C001M","Indisponibilidade","Interjornada","10:04","14:16","04:12","0,525","PARCIAL","CORTE E RELIGAÇÃO","Caxias","4 a 6h"
"GSTC","30/7/2026","MA-COD-E001M","Indisponibilidade","Problemas mecânicos","07:00","16:19","09:19","1","TOTAL","PLANTÃO","Caxias","> 6h"
"GSTC","6/8/2026","MA-COD-E001M","Indisponibilidade","Atrasado","07:00","07:53","00:53","0,110416625","PARCIAL","PLANTÃO","Caxias","< 2h"
"GSTC","29/1/2026","MA-TMB-E001M","Indisponibilidade","Interjornada","08:00","14:05","06:05","0,760416625","PARCIAL","PLANTÃO","Caxias","> 6h"
"GSTC","25/9/2026","MA-COD-C001M","Indisponibilidade","Interjornada","08:00","09:56","01:56","0,241666625","PARCIAL","CORTE E RELIGAÇÃO","Caxias","< 2h"
"GSTC","19/5/2026","MA-TMB-E001M","Indisponibilidade","Problemas mecânicos","09:03","12:08","03:05","0,385416625","PARCIAL","PLANTÃO","Caxias","2 a 4h"
"GSTC","5/2/2026","MA-COD-C001M","Indisponibilidade","Eletricista de atestado","08:27","10:26","01:59","0,247916625","PARCIAL","CORTE E RELIGAÇÃO","Caxias","< 2h"
"GSTC","19/8/2026","MA-COD-E002M","Indisponibilidade","Problemas mecânicos","10:05","17:00","06:55","0,86458325","PARCIAL","PLANTÃO","Caxias","> 6h"
"GSTC","2/5/2026","MA-COD-M001M","Indisponibilidade","Outros","10:12","18:55","08:43","1","PARCIAL","LIGAÇÃO NOVA","Caxias","> 6h"
"GSTC","4/5/2026","MA-COD-M001M","Indisponibilidade","Problemas mecânicos","07:42","10:00","02:18","0,2875","PARCIAL","LIGAÇÃO NOVA","Caxias","2 a 4h"
"GSTC","19/9/2026","MA-TMB-E001M","Indisponibilidade","Eletricista em treinamento","22:10","22:11","00:01","0,00208325","PARCIAL","PLANTÃO","Caxias","< 2h"
"GSTC","13/1/2026","MA-COD-C001M","Indisponibilidade","Problemas mecânicos","08:00","14:36","06:36","0,825","PARCIAL","CORTE E RELIGAÇÃO","Caxias","> 6h"
"GSTC","29/1/2026","MA-COD-M001M","Indisponibilidade","Interjornada","08:00","10:22","02:22","0,29583325","PARCIAL","LIGAÇÃO NOVA","Caxias","2 a 4h"
"GSTC","24/8/2026","MA-COD-E002M","Indisponibilidade","Problemas mecânicos","13:52","16:43","02:51","0,35625","PARCIAL","PLANTÃO","Caxias","2 a 4h"
"GSTC","1/10/2026","MA-COD-M001M","Indisponibilidade","Interjornada","08:00","10:58","02:58","0,37083325","PARCIAL","LIGAÇÃO NOVA","Caxias","2 a 4h"
"GSTC","14/2/2026","MA-COD-E001M","Indisponibilidade","CHECKLIST","07:04","07:06","00:02","0,004166625","PARCIAL","PLANTÃO","Caxias","< 2h"
"GSTC","19/2/2026","MA-TMB-E001M","Indisponibilidade","Interjornada","07:51","13:12","05:21","0,66875","PARCIAL","PLANTÃO","Caxias","4 a 6h"
"GSTC","27/2/2026","MA-COD-C001M","Indisponibilidade","Eletricista de atestado","08:03","20:03","12:00","1","TOTAL","CORTE E RELIGAÇÃO","Caxias","> 6h"
"GSTC","13/8/2026","MA-COD-E002M","Indisponibilidade","Problemas mecânicos","08:05","11:35","03:30","0,4375","PARCIAL","PLANTÃO","Caxias","2 a 4h"
"GSTC","5/7/2026","MA-TMB-E001M","Indisponibilidade","Eletricista com problema particular","08:46","08:46","00:00","0","PARCIAL","PLANTÃO","Caxias","< 2h"
"GSTC","6/2/2026","MA-COD-C001M","Indisponibilidade","Atrasado","10:40","10:55","00:15","0,03125","PARCIAL","CORTE E RELIGAÇÃO","Caxias","< 2h"
"GSTC","24/2/2026","MA-COD-C001M","Indisponibilidade","Eletricista de atestado","08:29","20:29","12:00","1","TOTAL","CORTE E RELIGAÇÃO","Caxias","> 6h"
"GSTC","12/5/2026","MA-TMB-E001M","Indisponibilidade","Problemas mecânicos","08:00","17:03","09:03","1","PARCIAL","PLANTÃO","Caxias","> 6h"
"GSTC","23/9/2026","MA-COD-E001M","Indisponibilidade","Problemas mecânicos","14:00","16:44","02:44","0,341666625","PARCIAL","PLANTÃO","Caxias","2 a 4h"
"GSTC","7/2/2026","MA-COD-M001M","Indisponibilidade","Interjornada","08:00","12:49","04:49","0,60208325","PARCIAL","LIGAÇÃO NOVA","Caxias","4 a 6h"
"GSTC","23/2/2026","MA-COD-C001M","Indisponibilidade","Eletricista de atestado","08:00","20:00","12:00","1","TOTAL","CORTE E RELIGAÇÃO","Caxias","> 6h"
"GSTC","19/2/2026","MA-COD-E001M","Indisponibilidade","Problemas mecânicos","07:55","11:14","03:19","0,41458325","PARCIAL","PLANTÃO","Caxias","2 a 4h"
"GSTC","21/2/2026","MA-TMB-E001M","Indisponibilidade","Problemas mecânicos","07:57","13:48","05:51","0,73125","PARCIAL","PLANTÃO","Caxias","4 a 6h"
"GSTC","1/6/2026","MA-TMB-E001M","Indisponibilidade","Outros","08:00","10:25","02:25","0,30208325","PARCIAL","PLANTÃO","Caxias","2 a 4h"
"GSTC","9/2/2026","MA-COD-E002M","Indisponibilidade","Eletricista de atestado","08:28","09:26","00:58","0,12083325","PARCIAL","PLANTÃO","Caxias","< 2h"
"GSTC","10/2/2026","MA-COD-E002M","Indisponibilidade","Problemas mecânicos","07:53","10:01","02:08","0,266666625","PARCIAL","PLANTÃO","Caxias","2 a 4h"
